modelo,titulo,año,ubicacion,km_num,precio_usd
Toyota Etios,Toyota Etios 1.5 Sedan Xls,2018,Capital Federal - Capital Federal,89000.0,13200.0
Toyota Etios,Toyota Etios 1.5 Sedan Xls,2018,Capital Federal - Capital Federal,133000.0,12746.478873239437
Toyota Etios,Toyota Etios 1.5 Sedan Xls,2016,Avellaneda - Bs.As. G.B.A. Sur,101000.0,8098.591549295775
Toyota Etios,Toyota Etios 1.5 Xls,2021,San Miguel - Bs.As. G.B.A. Norte,80000.0,17000.0
Toyota Etios,Toyota Etios 1.5 5 Ptas Xls 4at,2017,Vicente López - Bs.As. G.B.A. Norte,47000.0,12676.05633802817
Toyota Etios,Toyota Etios 1.5 Sedan Xls,2021,Quilmes - Bs.As. G.B.A. Sur,30000.0,16548.591549295776
Toyota Etios,Toyota Etios 1.5 Sedan Xls,2019,Capital Federal - Capital Federal,55600.0,14788.732394366198
Toyota Etios,Toyota Etios 1.5 Xs,2016,Vicente López - Bs.As. G.B.A. Norte,150000.0,10211.267605633802
Toyota Etios,Toyota Etios 1.5 Platinum At,2017,Tres De Febrero - Bs.As. G.B.A. Oeste,148000.0,12500.0
Toyota Etios,Toyota Etios 1.5 Platinum At,2018,Capital Federal - Capital Federal,153200.0,11999.0
Toyota Etios,Toyota Etios 1.5 X 6mt My19,2020,Tres De Febrero - Bs.As. G.B.A. Oeste,80000.0,15000.0
Toyota Etios,Toyota Etios 1.5 Xls,2021,Capital Federal - Capital Federal,34000.0,15070.422535211268
Toyota Etios,Toyota Etios 1.5 Xls,2021,Capital Federal - Capital Federal,39000.0,15020.422535211268
Toyota Etios,Toyota Etios 1.5 Xls Pack,2022,Capital Federal - Capital Federal,67000.0,17500.0
Toyota Etios,Toyota Etios 1.5 Xls At,2023,La Matanza - Bs.As. G.B.A. Oeste,8520.0,19225.352112676057
Toyota Etios,Toyota Etios 1.5 Sedan Xls At,2021,Capital Federal - Capital Federal,43000.0,15500.0
Toyota Etios,Toyota Etios 1.5 Xls At,2021,San Isidro - Bs.As. G.B.A. Norte,67085.0,17000.0
Toyota Etios,Toyota Etios 1.5 Xls At,2021,Capital Federal - Capital Federal,62000.0,17990.0
Toyota Etios,Toyota Etios 1.5 Sedan Xls,2016,La Matanza - Bs.As. G.B.A. Oeste,97000.0,11619.718309859154
Toyota Etios,Toyota Etios 1.5 Sedan Xls,2021,Lobos - Buenos Aires Interior,88196.0,16056.338028169013
Toyota Etios,Toyota Etios 1.5 Xs,2017,Vicente López - Bs.As. G.B.A. Norte,110000.0,10915.492957746479
Toyota Etios,Toyota Etios 1.5 Xs,2017,La Plata - Bs.As. G.B.A. Sur,130000.0,10492.957746478873
Toyota Etios,Toyota Etios 1.5 Xls At,2017,Vicente López - Bs.As. G.B.A. Norte,63000.0,15140.845070422536
Toyota Etios,Toyota Etios 1.5 Xls,2017,Capital Federal - Capital Federal,101300.0,12323.94366197183
Toyota Etios,Toyota Etios 1.5 Sedan Xls,2023,San Isidro - Bs.As. G.B.A. Norte,32000.0,19500.0
Toyota Etios,Toyota Etios 1.5 Sedan X,2018,La Plata - Bs.As. G.B.A. Sur,106110.0,11619.718309859154
Toyota Etios,Toyota Etios 1.5 Sedan Xls,2014,Almirante Brown - Bs.As. G.B.A. Sur,160000.0,9859.154929577464
Toyota Etios,Toyota Etios 1.5 Xls My19,2019,Zárate - Buenos Aires Interior,32500.0,15900.0
Toyota Etios,Toyota Etios 1.5 Platinum At,2018,Ituzaingó - Bs.As. G.B.A. Oeste,153000.0,13309.859154929578
Toyota Etios,Toyota Etios 1.5 Xls,2020,Avellaneda - Bs.As. G.B.A. Sur,55500.0,16800.0
Toyota Etios,Toyota Etios 1.5 X 6mt My19,2023,Capital Federal - Capital Federal,37000.0,13943.661971830987
Toyota Etios,Toyota Etios 1.5 Sedan Xls,2018,Florencio Varela - Bs.As. G.B.A. Sur,49450.0,19000.0
Toyota Etios,Toyota Etios 1.5 Xls,2015,Pilar - Bs.As. G.B.A. Norte,183000.0,9750.0
Toyota Etios,Toyota Etios 1.5 Xls,2021,Capital Federal - Capital Federal,34000.0,15049.295774647888
Toyota Etios,Toyota Etios 1.5 X 6mt My19,2023,Avellaneda - Bs.As. G.B.A. Sur,70000.0,14718.30985915493
Toyota Etios,Toyota Etios 1.5 Sedan Xls,2023,Morón - Bs.As. G.B.A. Oeste,12501.0,21800.0
Toyota Etios,Toyota Etios 1.5 Xls,2021,Lanús - Bs.As. G.B.A. Sur,78000.0,15140.845070422536
Toyota Etios,Toyota Etios 1.5 X 6mt My19,2018,Capital Federal - Capital Federal,106000.0,12900.0
Toyota Etios,Toyota Etios 1.5 Xs My19,2020,Campana - Buenos Aires Interior,100000.0,14200.0
Toyota Etios,Toyota Etios 1.5 Xls Auto,2021,Capital Federal - Capital Federal,76552.0,14676.05633802817
Toyota Etios,Toyota Etios 1.5 Xls Pack,2022,Capital Federal - Capital Federal,81000.0,14521.12676056338
Toyota Etios,Toyota Etios 1.5 Xls At,2021,Capital Federal - Capital Federal,33000.0,18300.0
Toyota Etios,Toyota Etios 1.5 Xls At,2022,Monte - Buenos Aires Interior,74000.0,18000.0
Toyota Etios,Toyota Etios 1.5 Xls,2021,Capital Federal - Capital Federal,47167.0,15352.112676056338
Toyota Etios,Toyota Etios 1.5 Sedan Xls At,2018,Capital Federal - Capital Federal,120000.0,13028.169014084508
Toyota Etios,Toyota Etios 1.5 Sedan Xls At,2023,Capital Federal - Capital Federal,28000.0,18873.23943661972
Toyota Etios,Toyota Etios 1.5 X 6mt My19,2020,Capital Federal - Capital Federal,17500.0,14436.61971830986
Toyota Etios,Toyota Etios 1.5 Xls,2020,Castelar - Bs.As. G.B.A. Oeste,48500.0,16400.0
Toyota Etios,Toyota Etios 1.5 Xls At,2022,San Isidro - Bs.As. G.B.A. Norte,76000.0,18500.0
Toyota Etios,Toyota Etios 1.5 Sedan Xls,2022,Capital Federal - Capital Federal,63000.0,17300.0
Toyota Etios,Toyota Etios 1.5 Xls At,2021,Ezeiza - Bs.As. G.B.A. Sur,64000.0,18000.0
Toyota Etios,Toyota Etios 1.5 Xls At,2022,Pilar - Bs.As. G.B.A. Norte,56000.0,18000.0
Toyota Etios,Toyota Etios 1.5 Xls At,2023,Tres De Febrero - Bs.As. G.B.A. Oeste,8526.0,19225.352112676057
Toyota Etios,Toyota Etios 1.5 Xls 2016,2016,Tigre - Bs.As. G.B.A. Norte,145000.0,10471.830985915492
Toyota Etios,Toyota Etios 1.5 Xls Pack,2022,Capital Federal - Capital Federal,54306.0,15042.25352112676
Toyota Etios,Toyota Etios 1.5 Sedan Xls At,2017,Avellaneda - Bs.As. G.B.A. Sur,85000.0,13028.169014084508
Toyota Etios,Toyota Etios 1.5 X 6mt My19,2019,Ituzaingó - Bs.As. G.B.A. Oeste,51000.0,15211.267605633802
Toyota Etios,Toyota Etios 1.5 Sedan Xls,2016,Avellaneda - Bs.As. G.B.A. Sur,101000.0,8097.887323943662
Toyota Etios,Toyota Etios 1.5 Xls At,2018,Capital Federal - Capital Federal,81000.0,13732.394366197183
Toyota Etios,Toyota Etios 1.5 X 6mt My19,2021,Escobar - Bs.As. G.B.A. Norte,70000.0,13500.0
Toyota Etios,Toyota Etios 1.5 X 6mt My19,2023,Vicente López - Bs.As. G.B.A. Norte,65000.0,14788.732394366198
Toyota Etios,Toyota Etios 1.5 Sedan Xls,2013,Tigre - Bs.As. G.B.A. Norte,90000.0,12500.0
Toyota Etios,Toyota Etios 1.5 Xs,2013,Capital Federal - Capital Federal,115000.0,9507.042253521127
Toyota Etios,Toyota Etios 1.5 X 6mt My19,2022,Tigre - Bs.As. G.B.A. Norte,115000.0,13028.169014084508
Toyota Etios,Toyota Etios 1.5 X,2021,Capital Federal - Capital Federal,45600.0,15661.971830985916
Toyota Etios,Toyota Etios 1.5 Sedan Xls,2017,Tigre - Bs.As. G.B.A. Norte,200000.0,10211.267605633802
Toyota Etios,Toyota Etios 1.5 Xls,2022,Luján - Buenos Aires Interior,46000.0,16549.295774647886
Toyota Etios,Toyota Etios Xls,2016,Capital Federal - Capital Federal,100271.0,12676.05633802817
Toyota Etios,Toyota Etios 1.5 Xs,2015,Tigre - Bs.As. G.B.A. Norte,69446.0,10246.478873239437
Toyota Etios,Toyota Etios 1.5 Sedan Platinum At,2018,Capital Federal - Capital Federal,80800.0,14100.0
Toyota Etios,Toyota Etios 1.5 Xls My19,2019,La Plata - Bs.As. G.B.A. Sur,100000.0,15140.845070422536
Toyota Etios,Toyota Etios 1.5 Xls,2020,Capital Federal - Capital Federal,46315.0,16936.61971830986
Toyota Etios,Toyota Etios 1.5 X 6mt My19,2023,Escobar - Bs.As. G.B.A. Norte,84000.0,15492.957746478873
Toyota Etios,Toyota Etios 1.5 Sedan Xls,2022,Capital Federal - Capital Federal,90000.0,15140.845070422536
Toyota Etios,Toyota Etios 1.5 Xls,2015,Tigre - Bs.As. G.B.A. Norte,96000.0,12323.94366197183
Toyota Etios,Toyota Etios 1.5 Sedan X,2021,Del Viso - Bs.As. G.B.A. Norte,150000.0,14000.0
Toyota Etios,Toyota Etios 1.5 Xls At,2017,San Isidro - Bs.As. G.B.A. Norte,87500.0,14700.0
Toyota Etios,Toyota Etios 1.5 X 6mt My19,2023,Vicente López - Bs.As. G.B.A. Norte,8900.0,16830.985915492958
Toyota Etios,Toyota Etios 1.5 Xls My19,2019,Vicente López - Bs.As. G.B.A. Norte,56532.0,15700.0
Toyota Etios,Toyota Etios 1.5 Sedan Xls At,2022,Tigre - Bs.As. G.B.A. Norte,22000.0,18661.971830985916
Toyota Etios,Toyota Etios 1.5 Xls At,2018,Capital Federal - Capital Federal,165000.0,13028.169014084508
Toyota Etios,Toyota Etios 1.5 Sedan Xls At,2023,Capital Federal - Capital Federal,18900.0,21000.0
Toyota Etios,Toyota Etios 1.5 Xls At,2022,Capital Federal - Capital Federal,14000.0,20300.0
Toyota Etios,Toyota Etios 1.5 Sedan Xls,2019,San Isidro - Bs.As. G.B.A. Norte,88000.0,13500.0
Toyota Etios,Toyota Etios 1.5 Xls,2017,Capital Federal - Capital Federal,92000.0,14150.0
Toyota Etios,Toyota Etios 1.5 Sedan Xls At,2019,Ituzaingó - Bs.As. G.B.A. Oeste,76000.0,15774.647887323943
Toyota Etios,Toyota Etios 1.5 Xls 6m/t,2017,Capital Federal - Capital Federal,109000.0,13499.0
Toyota Etios,Toyota Etios 1.5 Sedan X,2022,Moreno - Bs.As. G.B.A. Oeste,95000.0,12605.633802816901
Toyota Etios,Toyota Etios 1.5 X 6mt My19,2018,Capital Federal - Capital Federal,72000.0,14500.0
Toyota Etios,Toyota Etios 1.5 Xls At,2019,La Plata - Bs.As. G.B.A. Sur,60000.0,16500.0
Toyota Etios,Toyota Etios 1.5 Sedan Xs,2017,La Plata - Bs.As. G.B.A. Sur,159000.0,10915.492957746479
Toyota Etios,Toyota Etios 1.5 Sedan X,2019,Capital Federal - Capital Federal,79000.0,12668.94366197183
Toyota Etios,Toyota Etios 1.5 Xls,2014,Cañuelas - Buenos Aires Interior,144000.0,10915.492253521126
Toyota Etios,Toyota Etios 1.5 Sedan Xls,2019,Campana - Buenos Aires Interior,175000.0,13309.859154929578
Toyota Etios,Toyota Etios 1.5 Xls At,2021,Hurlingham - Bs.As. G.B.A. Oeste,67000.0,17300.0
Toyota Etios,Toyota Etios 1.5 Xls,2017,Tigre - Bs.As. G.B.A. Norte,70000.0,14788.732394366198
Toyota Etios,Toyota Etios 1.5 Sedan Xls,2018,Capital Federal - Capital Federal,147000.0,12900.0
Toyota Etios,Toyota Etios 1.5 Sedan Xls,2023,Moreno - Bs.As. G.B.A. Oeste,0.0,22500.0
Toyota Etios,Toyota Etios 1.5 Xls Mt,2018,San Isidro - Bs.As. G.B.A. Norte,60000.0,13732.394366197183
Toyota Etios,Toyota Etios 1.5 Sedan Xls,2015,Escobar - Bs.As. G.B.A. Norte,151000.0,11500.0
Toyota Etios,Toyota Etios 1.5 Sedan X,2019,Tigre - Bs.As. G.B.A. Norte,153000.0,12183.098591549297
Toyota Etios,Toyota Etios 1.5 Sedan Xls My19,2023,Capital Federal - Capital Federal,50000.0,16126.760563380281
Toyota Etios,Toyota Etios 1.5 Sedan Xls,2022,Capital Federal - Capital Federal,60000.0,15845.070422535211
Toyota Etios,Toyota Etios 1.5 Xls,2015,Vicente López - Bs.As. G.B.A. Norte,142000.0,11800.0
Toyota Etios,Toyota Etios 1.5 Sedan Xls,2021,Capital Federal - Capital Federal,47147.0,15352.112676056338
Toyota Etios,Toyota Etios 1.5 X 6mt My19,2020,Capital Federal - Capital Federal,97000.0,12800.0
Toyota Etios,Toyota Etios 1.5 Xls,2015,Capital Federal - Capital Federal,134000.0,11619.718309859154
Toyota Etios,Toyota Etios 1.5 X 6mt My19,2021,Capital Federal - Capital Federal,99300.0,13380.281690140846
Toyota Etios,Toyota Etios 1.5 Xls At,2018,Capital Federal - Capital Federal,97000.0,14014.084507042253
Toyota Etios,Toyota Etios 1.5 Sedan Xls,2016,La Matanza - Bs.As. G.B.A. Oeste,97000.0,11619.718309859154
Toyota Etios,Toyota Etios 1.5 Sedan Xls,2019,Ituzaingó - Bs.As. G.B.A. Oeste,101142.0,13838.028169014084
Toyota Etios,Toyota Etios 1.5 Xls,2013,Vicente López - Bs.As. G.B.A. Norte,96890.0,9788.732394366198
Toyota Etios,Toyota Etios 1.5 Xs,2016,Capital Federal - Capital Federal,83700.0,11197.18309859155
Toyota Etios,Toyota Etios 1.5 Xls At,2021,Capital Federal - Capital Federal,26000.0,19014.084507042255
Toyota Etios,Toyota Etios 1.5 Sedan X,2022,Capital Federal - Capital Federal,66800.0,13943.661971830987
Toyota Etios,Toyota Etios 1.5 Xls,2015,Capital Federal - Capital Federal,114000.0,11267.605633802817
Toyota Etios,Toyota Etios 1.5 Xls,2015,Capital Federal - Capital Federal,99000.0,10859.154929577464
Toyota Etios,Toyota Etios 1.5 Xls At,2021,San Isidro - Bs.As. G.B.A. Norte,32000.0,17957.74647887324
Toyota Etios,Toyota Etios Xls Pack 1.5 6m/t,2022,San Isidro - Bs.As. G.B.A. Norte,70000.0,14436.61971830986
Toyota Etios,Toyota Etios 1.5 Platinum At,2017,Castelar - Bs.As. G.B.A. Oeste,92000.0,14083.802816901409
Toyota Etios,Toyota Etios 1.5 Sedan Xls,2018,Capital Federal - Capital Federal,72000.0,13500.0
Toyota Etios,Toyota Etios 1.5 Sedan Xls L18,2018,Capital Federal - Capital Federal,161884.0,11964.788732394367
Toyota Etios,Toyota Etios 1.5 Sedan Xls At,2023,Capital Federal - Capital Federal,65000.0,16894.295774647886
Toyota Etios,Toyota Etios 1.5 Xls,2015,Lomas De Zamora - Bs.As. G.B.A. Sur,40000.0,11800.0
Toyota Etios,Toyota Etios 1.5 Xls,2020,La Matanza - Bs.As. G.B.A. Oeste,60000.0,14436.61971830986
Toyota Etios,Toyota Etios 1.5 Xs,2017,Tigre - Bs.As. G.B.A. Norte,128500.0,11260.56338028169
Toyota Etios,Toyota Etios 1.5 Sedan X,2021,Hurlingham - Bs.As. G.B.A. Oeste,200000.0,11267.605633802817
Toyota Etios,Toyota Etios 1.5 Xls At,2018,Lomas De Zamora - Bs.As. G.B.A. Sur,73000.0,15985.915492957747
Toyota Etios,Toyota Etios 1.5 Sedan X,2022,Capital Federal - Capital Federal,38000.0,14647.887323943662
Toyota Etios,Toyota Etios 1.5 X 6mt My19,2021,Escobar - Bs.As. G.B.A. Norte,130000.0,12500.0
Toyota Etios,Toyota Etios 1.5 Xls,2013,Quilmes - Bs.As. G.B.A. Sur,98200.0,10063.38028169014
Toyota Etios,Toyota Etios 1.5 Sedan Xls,2018,Avellaneda - Bs.As. G.B.A. Sur,90000.0,11901.408450704226
Toyota Etios,Toyota Etios 1.5 Sedan Xls,2018,La Plata - Bs.As. G.B.A. Sur,65500.0,14084.507042253521
Toyota Etios,Toyota Etios 1.5 Sedan X,2021,Lomas De Zamora - Bs.As. G.B.A. Sur,70000.0,13732.394366197183
Toyota Etios,Toyota Etios 1.5 Xls,2017,Capital Federal - Capital Federal,75000.0,12535.211267605633
Toyota Etios,Toyota Etios 1.5 Sedan Xls At,2019,Capital Federal - Capital Federal,97000.0,15492.957746478873
Toyota Etios,Toyota Etios 1.5 Sedan Xls,2014,Capital Federal - Capital Federal,210000.0,6760.56338028169
Toyota Etios,Toyota Etios 1.5 Sedan Xs,2015,San Isidro - Bs.As. G.B.A. Norte,115000.0,10352.112676056338
Toyota Etios,Toyota Etios 1.5 Xs My19,2018,Pilar - Bs.As. G.B.A. Norte,130000.0,11800.0
Toyota Etios,Toyota Etios 1.5 Sedan Xls My19,2018,Capital Federal - Capital Federal,110000.0,12676.05633802817
Toyota Etios,Toyota Etios 1.5 Xls At,2021,Luján - Buenos Aires Interior,70000.0,18900.0
Toyota Etios,Toyota Etios 1.5 X 6mt My19,2021,Vicente López - Bs.As. G.B.A. Norte,50000.0,15000.0
Toyota Etios,Toyota Etios 1.5 Xls,2022,La Plata - Bs.As. G.B.A. Sur,48000.0,17598.591549295776
Toyota Etios,Toyota Etios 1.5 Xls At,2016,San Isidro - Bs.As. G.B.A. Norte,115000.0,12323.94366197183
Toyota Etios,Toyota Etios 1.5 Xls,2017,Tigre - Bs.As. G.B.A. Norte,78000.0,14753.521126760563
Toyota Etios,Toyota Etios 1.5 Xls At,2019,Capital Federal - Capital Federal,75000.0,15500.0
Toyota Etios,Toyota Etios 1.5 Platinum At,2017,Morón - Bs.As. G.B.A. Oeste,80000.0,14999.0
Toyota Etios,Toyota Etios 1.5 Xs,2016,Capital Federal - Capital Federal,100000.0,9859.154929577464
Toyota Etios,Toyota Etios 1.5 Xls At,2018,Capital Federal - Capital Federal,72000.0,15999.0
Toyota Etios,Toyota Etios 1.5 Xls,2017,Morón - Bs.As. G.B.A. Oeste,101000.0,13380.281690140846
Toyota Etios,Toyota Etios 1.5 Xls At,2018,Capital Federal - Capital Federal,165000.0,13028.169014084508
Toyota Etios,Toyota Etios 1.5 Xls At,2018,Capital Federal - Capital Federal,165000.0,13028.169014084508
Toyota Etios,Toyota Etios 1.5 Xls At,2018,Lanús - Bs.As. G.B.A. Sur,65000.0,13373.239436619719
Toyota Etios,Toyota Etios 1.5 Xls At,2018,Hurlingham - Bs.As. G.B.A. Oeste,135000.0,13028.169014084508
Toyota Etios,Toyota Etios Xls 5p,2018,Capital Federal - Capital Federal,80000.0,13732.394366197183
Toyota Etios,Toyota Etios 1.5 Xls,2017,Morón - Bs.As. G.B.A. Oeste,94000.0,11197.18309859155
Toyota Etios,Toyota Etios 1.5 Platinum 4 P Automática,2017,Brandsen - Buenos Aires Interior,117000.0,12535.211267605633
Toyota Etios,Toyota Etios 1.5 Xs,2015,Malvinas Argentinas - Bs.As. G.B.A. Norte,139298.0,7387.3239436619715
Toyota Etios,Toyota Etios 1.5 Sedan Xls At,2023,Moreno - Bs.As. G.B.A. Oeste,0.0,24000.0
Toyota Etios,Toyota Etios Xls Pack 1.5 4a/t,2022,Escobar - Bs.As. G.B.A. Norte,100000.0,16700.0
Toyota Etios,Toyota Etios 1.5 Xls At,2021,Vicente López - Bs.As. G.B.A. Norte,38000.0,18500.0
Toyota Etios,Toyota Etios 1.5 Platinum 4 P Automática 5 Marchas,2017,Capital Federal - Capital Federal,76000.0,15000.0
Toyota Etios,Toyota Etios 1.5 Sedan Xls,2015,Capital Federal - Capital Federal,109000.0,9788.732394366198
Toyota Etios,Toyota Etios 1.5 X 6mt My19,2019,General San Martín - Bs.As. G.B.A. Norte,88000.0,11800.0
Toyota Etios,Toyota Etios 1.5 Xls At,2017,Ezeiza - Bs.As. G.B.A. Sur,86000.0,15500.0
Toyota Etios,Toyota Etios 1.5 Sedan Xls At,2020,Avellaneda - Bs.As. G.B.A. Sur,84300.0,15200.0
Toyota Etios,Toyota Etios 1.5 Sedan Xls,2017,Capital Federal - Capital Federal,78000.0,12676.05633802817
Toyota Etios,Toyota Etios 1.5 Platinum At,2022,La Matanza - Bs.As. G.B.A. Oeste,42000.0,19500.0
Toyota Etios,Toyota Etios 1.5 Sedan Xls,2014,Quilmes - Bs.As. G.B.A. Sur,95000.0,10000.0
Toyota Etios,Toyota Etios 1.5 Sedan Xls,2016,La Matanza - Bs.As. G.B.A. Oeste,97000.0,11619.718309859154
Toyota Etios,Toyota Etios 1.5 Sedan Xls,2016,Tigre - Bs.As. G.B.A. Norte,162000.0,11500.0
Toyota Etios,Toyota Etios 1.5 X 6mt My19,2023,Escobar - Bs.As. G.B.A. Norte,44321.0,16901.408450704224
Toyota Etios,Toyota Etios 1.5 X 6mt My19,2023,Capital Federal - Capital Federal,23000.0,17500.0
Toyota Etios,Toyota Etios 1.5 Xs My19,2018,Hurlingham - Bs.As. G.B.A. Oeste,94000.0,12500.0
Toyota Etios,Toyota Etios 1.5 Sedan Xls At,2017,General San Martín - Bs.As. G.B.A. Norte,75000.0,13739.43661971831
Toyota Etios,Toyota Etios 1.5 Xls At,2018,Pilar - Bs.As. G.B.A. Norte,80317.0,16000.0
Toyota Etios,Toyota Etios 1.5 Xls,2017,Hurlingham - Bs.As. G.B.A. Oeste,128800.0,12183.098591549297
Toyota Etios,Toyota Etios 1.5 Sedan Xs,2017,Capital Federal - Capital Federal,181000.0,9788.732394366198
Toyota Etios,Toyota Etios 1.5 Sedan Xls,2016,Cañuelas - Buenos Aires Interior,118000.0,11619.717605633803
Toyota Etios,Toyota Etios Aibo,2022,Capital Federal - Capital Federal,23000.0,13239.43661971831
Toyota Etios,Toyota Etios 1.5 Sedan X,2022,Capital Federal - Capital Federal,82000.0,13943.661971830987
Toyota Etios,Toyota Etios 1.5 Xls,2017,Castelar - Bs.As. G.B.A. Oeste,101000.0,13380.281690140846
Toyota Etios,Toyota Etios 1.5 Sedan Xls,2015,Tigre - Bs.As. G.B.A. Norte,83000.0,10500.0
Toyota Etios,Toyota Etios 1.5 Xls,2022,Lanús - Bs.As. G.B.A. Sur,77000.0,17598.591549295776
Toyota Etios,Toyota Etios 1.5 X 6mt My19,2020,Ezeiza - Bs.As. G.B.A. Sur,56000.0,16900.0
Toyota Etios,Toyota Etios 1.5 Xls At,2018,General Rodríguez - Bs.As. G.B.A. Oeste,80000.0,16000.0
Toyota Etios,Toyota Etios 1.5 X 6mt My19,2018,Capital Federal - Capital Federal,73210.0,14500.0
Toyota Etios,Toyota Etios 1.5 Sedan X,2022,Pilar - Bs.As. G.B.A. Norte,66630.0,14788.732394366198
Toyota Etios,Toyota Etios 1.5 Xls,2017,Capital Federal - Capital Federal,115000.0,11900.0
Toyota Etios,Toyota Etios 1.5 Xls At,2021,Ituzaingó - Bs.As. G.B.A. Oeste,67000.0,19500.0
Toyota Etios,Toyota Etios 1.5 Sedan Xls,2018,Capital Federal - Capital Federal,173000.0,10915.492957746479
Toyota Etios,Toyota Etios 1.5 Xls At,2017,Ituzaingó - Bs.As. G.B.A. Oeste,85000.0,14000.0
Toyota Etios,Toyota Etios 1.5 Xls At,2017,Ituzaingó - Bs.As. G.B.A. Oeste,85000.0,14000.0
Toyota Etios,Toyota Etios 1.5 Xls,2015,Moreno - Bs.As. G.B.A. Oeste,138000.0,11900.0
Toyota Etios,Toyota Etios 1.5 Xls At,2022,Vicente López - Bs.As. G.B.A. Norte,77300.0,19490.0
Toyota Etios,Toyota Etios 1.5 Xls At,2022,La Matanza - Bs.As. G.B.A. Oeste,59000.0,18800.0
Toyota Etios,Toyota Etios 1.5 Sedan Xls,2021,Capital Federal - Capital Federal,70000.0,15000.0
Toyota Etios,Toyota Etios 1.5 Sedan Xls,2021,Capital Federal - Capital Federal,62000.0,18500.0
Toyota Etios,Toyota Etios 1.5 Sedan Xls,2014,Capital Federal - Capital Federal,55000.0,13000.0
Toyota Etios,Toyota Etios 1.5 Sedan Xls,2018,Pilar - Bs.As. G.B.A. Norte,190000.0,11300.0
Toyota Etios,Toyota Etios 1.5 Sedan Xs,2016,San Isidro - Bs.As. G.B.A. Norte,197000.0,9154.929577464789
Toyota Etios,Toyota Etios 1.5 Sedan Xls At,2023,Avellaneda - Bs.As. G.B.A. Sur,74000.0,15845.070422535211
Toyota Etios,Toyota Etios 1.5 X 6mt My19,2018,Capital Federal - Capital Federal,102000.0,12100.0
Toyota Etios,Toyota Etios 1.5 X 6mt My19,2018,Moreno - Bs.As. G.B.A. Oeste,118000.0,14000.0
Toyota Etios,Toyota Etios 1.5 Xs 5 P,2015,Escobar - Bs.As. G.B.A. Norte,120000.0,9859.154929577464
Toyota Etios,Toyota Etios 1.5 Sedan Xs,2014,Vicente López - Bs.As. G.B.A. Norte,198000.0,6830.985915492958
Toyota Etios,Toyota Etios 1.5 Sedan Xls My19,2019,Hurlingham - Bs.As. G.B.A. Oeste,65000.0,15845.070422535211
Toyota Etios,Toyota Etios 1.5 Sedan Xls At,2016,Avellaneda - Bs.As. G.B.A. Sur,117000.0,11971.830985915492
Toyota Etios,Toyota Etios 1.5 Xs,2017,Escobar - Bs.As. G.B.A. Norte,101500.0,14295.774647887323
Toyota Etios,Toyota Etios 1.5 Xls At,2017,Almirante Brown - Bs.As. G.B.A. Sur,160000.0,13028.169014084508
Toyota Etios,Toyota Etios 1.5 Xls At,2017,Almirante Brown - Bs.As. G.B.A. Sur,54000.0,14084.507042253521
Toyota Etios,Toyota Etios 1.5 Sedan Xls,2014,Capital Federal - Capital Federal,209000.0,8490.0
Toyota Etios,Toyota Etios 1.5 Sedan Xs,2016,Capital Federal - Capital Federal,97000.0,10915.492957746479
Toyota Etios,Toyota Etios Xls 1.5 6m/t,2018,La Matanza - Bs.As. G.B.A. Oeste,185700.0,12500.0
Toyota Etios,Toyota Etios 1.5 Xls At,2022,San Isidro - Bs.As. G.B.A. Norte,20000.0,20000.0
Toyota Etios,Toyota Etios 1.5 Sedan Xls,2015,Moreno - Bs.As. G.B.A. Oeste,140000.0,11197.18309859155
Toyota Etios,Toyota Etios 1.5 Xls Pack 6m/t,2023,Pilar - Bs.As. G.B.A. Norte,47554.0,19014.084507042255
Toyota Etios,Toyota Etios Xls 1.5 4a/t 2017,2017,Pilar - Bs.As. G.B.A. Norte,172370.0,13028.169014084508
Toyota Etios,Toyota Etios 1.5 Xls 6m/t,2017,Monte - Buenos Aires Interior,164000.0,12999.0
Toyota Etios,Toyota Etios 1.5 Sedan Xls,2018,Capital Federal - Capital Federal,65000.0,12535.211267605633
Toyota Etios,Toyota Etios 1.5 X 6mt My19,2019,Avellaneda - Bs.As. G.B.A. Sur,116000.0,11971.830985915492
Toyota Etios,Toyota Etios 1.5 X 6mt My19,2019,General Rodríguez - Bs.As. G.B.A. Oeste,99700.0,12464.788732394367
Toyota Etios,Toyota Etios 1.5 Xls,2014,Hurlingham - Bs.As. G.B.A. Oeste,140000.0,9852.112676056338
Toyota Etios,Toyota Etios 1.5 Sedan Xls,2017,Mercedes - Buenos Aires Interior,84800.0,13732.394366197183
Toyota Etios,Toyota Etios 1.5 Platinum At,2017,Capital Federal - Capital Federal,76000.0,15800.0
Toyota Etios,Toyota Etios 1.5 Sedan Xls,2021,Moreno - Bs.As. G.B.A. Oeste,76000.0,13309.859154929578
Toyota Etios,Toyota Etios 1.5 Xls,2018,Capital Federal - Capital Federal,38209.0,13697.18309859155
Toyota Etios,Toyota Etios 1.5 Sedan Xls,2016,Lomas De Zamora - Bs.As. G.B.A. Sur,125000.0,10915.492957746479
Toyota Etios,Toyota Etios 1.5 Xls,2015,La Plata - Bs.As. G.B.A. Sur,91000.0,12600.0
Toyota Etios,Toyota Etios 1.5 Xls At,2023,San Isidro - Bs.As. G.B.A. Norte,60000.0,19400.0
Toyota Etios,Toyota Etios 1.5 Xls Mt6 5p,2019,General San Martín - Bs.As. G.B.A. Norte,70338.0,14718.30985915493
Toyota Etios,Toyota Etios 1.5 Xls,2017,San Miguel - Bs.As. G.B.A. Norte,130000.0,13000.0
Toyota Etios,Toyota Etios 1.5 Sedan Xs,2018,Tigre - Bs.As. G.B.A. Norte,79000.0,12900.0
Toyota Etios,Toyota Etios 1.5 Xls At,2023,La Plata - Bs.As. G.B.A. Sur,62000.0,16760.563380281692
Toyota Etios,Toyota Etios 1.5 X Mt6 4p,2023,Malvinas Argentinas - Bs.As. G.B.A. Norte,73000.0,15563.38028169014
Toyota Etios,Toyota Etios 1.5 Sedan Xls L18,2018,San Miguel - Bs.As. G.B.A. Norte,76000.0,14000.0
Toyota Etios,Toyota Etios 1.5 Sedan Xls At,2023,Capital Federal - Capital Federal,5100.0,23000.0
Toyota Etios,Toyota Etios 1.5 X 6mt My19,2021,Capital Federal - Capital Federal,59000.0,17500.0
Toyota Etios,Toyota Etios 1.5 Xls,2015,General San Martín - Bs.As. G.B.A. Norte,98000.0,12900.0
Toyota Etios,Toyota Etios 1.5 Xls,2015,Berazategui - Bs.As. G.B.A. Sur,198000.0,10845.070422535211
Toyota Corolla,Toyota Corolla 2.0 Xei Cvt 170cv,2024,Capital Federal - Capital Federal,49000.0,26056.338028169015
Toyota Corolla,Toyota Corolla 2.0 Seg Cvt 170cv,2021,Capital Federal - Capital Federal,63000.0,28250.0
Toyota Corolla,Toyota Corolla 1.8 Xei Mt,2011,La Plata - Bs.As. G.B.A. Sur,270000.0,11267.605633802817
Toyota Corolla,Toyota Corolla 1.8 Hev Xei Ecvt,2022,Escobar - Bs.As. G.B.A. Norte,68000.0,28500.0
Toyota Corolla,Toyota Corolla 2.0 Xli Cvt 171cv,2026,Capital Federal - Capital Federal,0.0,31043.661971830985
Toyota Corolla,Toyota Corolla 1.8 Xei Mt 140cv,2014,La Matanza - Bs.As. G.B.A. Oeste,158000.0,14788.732394366198
Toyota Corolla,Toyota Corolla 1.8 Hev Seg Ecvt,2025,Capital Federal - Capital Federal,6500.0,32000.0
Toyota Corolla,Toyota Corolla 1.8 Se-g At,2010,San Isidro - Bs.As. G.B.A. Norte,190000.0,11000.0
Toyota Corolla,Toyota Corolla 2.0 Xli Cvt 171cv,2025,Morón - Bs.As. G.B.A. Oeste,39000.0,29577.464788732395
Toyota Corolla,Toyota Corolla 1.8 Hev Seg Ecvt,2021,Capital Federal - Capital Federal,67000.0,24500.0
Toyota Corolla,Toyota Corolla 2.0 Seg L/23 Cvt,2025,Vicente López - Bs.As. G.B.A. Norte,5000.0,32042.25352112676
Toyota Corolla,Toyota Corolla 1.8 Hev Seg Ecvt,2021,Pilar - Bs.As. G.B.A. Norte,61000.0,23873.23943661972
Toyota Corolla,Toyota Corolla 1.8 Xei Cvt Pack 140cv,2015,General San Martín - Bs.As. G.B.A. Norte,130000.0,14788.732394366198
Toyota Corolla,Toyota Corolla 2.0 D Terra,2004,San Isidro - Bs.As. G.B.A. Norte,237000.0,5500.0
Toyota Corolla,Toyota Corolla 1.8 Xei Cvt 140cv,2014,Capital Federal - Capital Federal,140000.0,13900.0
Toyota Corolla,Toyota Corolla 2.0 Xli Mt 170cv,2023,Capital Federal - Capital Federal,26500.0,23873.23943661972
Toyota Corolla,Toyota Corolla 2.0 Seg Cvt 170cv,2022,Zárate - Buenos Aires Interior,88000.0,23873.23943661972
Toyota Corolla,Toyota Corolla 1.8 Xei Cvt 140cv,2015,Tres De Febrero - Bs.As. G.B.A. Oeste,148000.0,16549.295774647886
Toyota Corolla,Toyota Corolla 1.8 Hev Seg Ecvt,2022,San Fernando - Bs.As. G.B.A. Norte,30000.0,27000.0
Toyota Corolla,Toyota Corolla 1.8 Xei Cvt 140cv,2018,Capital Federal - Capital Federal,191000.0,16500.0
Toyota Corolla,Toyota Corolla 1.8 Xei Mt 140cv,2016,Pilar - Bs.As. G.B.A. Norte,146000.0,14084.507042253521
Toyota Corolla,Toyota Corolla 2.0 Gr-sport Cvt,2023,La Plata - Bs.As. G.B.A. Sur,28000.0,30000.0
Toyota Corolla,Toyota Corolla 1.8 Xei At,2017,Capital Federal - Capital Federal,123000.0,16126.760563380281
Toyota Corolla,Toyota Corolla 1.8 Xli Cvt 140cv,2017,Capital Federal - Capital Federal,122000.0,15492.957746478873
Toyota Corolla,Toyota Corolla 2.0 Xli Mt 170cv,2022,Almirante Brown - Bs.As. G.B.A. Sur,53000.0,20774.647887323943
Toyota Corolla,Toyota Corolla 1.8 Xli Mt 140cv,2016,Capital Federal - Capital Federal,129000.0,15485.845070422536
Toyota Corolla,Toyota Corolla 1.8 Xei Mt 140cv,2015,Pilar - Bs.As. G.B.A. Norte,232000.0,14500.0
Toyota Corolla,Toyota Corolla 2.0 Xli Cvt,2023,Capital Federal - Capital Federal,24755.0,24140.845070422536
Toyota Corolla,Toyota Corolla 2.0 Gr-sport Cvt,2023,Escobar - Bs.As. G.B.A. Norte,90972.0,28000.0
Toyota Corolla,Toyota Corolla 1.8 Xei Cvt Pack 140cv,2017,Tigre - Bs.As. G.B.A. Norte,140000.0,17500.0
Toyota Corolla,Toyota Corolla 1.8 Xei Cvt Pack 140cv,2017,Pilar - Bs.As. G.B.A. Norte,138000.0,17900.0
Toyota Corolla,Toyota Corolla 1.8 Xei Mt Pack,2009,Capital Federal - Capital Federal,191000.0,8802.81690140845
Toyota Corolla,Toyota Corolla 1.8 Se-g Cvt 140cv,2019,Capital Federal - Capital Federal,91000.0,21500.0
Toyota Corolla,Toyota Corolla 1.8 Se-g Cvt 140cv,2017,Capital Federal - Capital Federal,98100.0,16338.028169014084
Toyota Corolla,Toyota Corolla 1.8 Se-g Cvt 140cv,2017,Capital Federal - Capital Federal,150000.0,20000.0
Toyota Corolla,Toyota Corolla 1.8 Se-g Cvt 140cv,2017,Escobar - Bs.As. G.B.A. Norte,52000.0,24000.0
Toyota Corolla,Toyota Corolla 1.8 Xli Cvt 140cv,2015,Capital Federal - Capital Federal,57530.0,16000.0
Toyota Corolla,Toyota Corolla 1.8 Xei Cvt 140cv,2018,Vicente López - Bs.As. G.B.A. Norte,134000.0,18000.0
Toyota Corolla,Toyota Corolla 2.0 Xli Cvt 171cv,2025,San Isidro - Bs.As. G.B.A. Norte,21000.0,25990.0
Toyota Corolla,Toyota Corolla 1.8 Xei Mt 140cv,2016,Vicente López - Bs.As. G.B.A. Norte,120000.0,16000.0
Toyota Corolla,Toyota Corolla 1.8 Xei Cvt Pack 140cv,2014,Capital Federal - Capital Federal,92500.0,15400.0
Toyota Corolla,Toyota Corolla 2.0 Seg Cvt 170cv,2023,Tigre - Bs.As. G.B.A. Norte,62000.0,28098.591549295776
Toyota Corolla,Toyota Corolla 1.8 Se-g,2003,La Matanza - Bs.As. G.B.A. Oeste,184000.0,5774.647887323944
Toyota Corolla,Toyota Corolla 1.8 Xei Cvt Pack 140cv,2016,San Miguel - Bs.As. G.B.A. Norte,167000.0,15140.845070422536
Toyota Corolla,Toyota Corolla 1.8 Xei Cvt 140cv,2016,Berazategui - Bs.As. G.B.A. Sur,10000.0,16000.0
Toyota Corolla,Toyota Corolla 1.8 Xei Mt 140cv,2019,Capital Federal - Capital Federal,130000.0,18309.859154929578
Toyota Corolla,Toyota Corolla 1.8 Se-g At,2004,Quilmes - Bs.As. G.B.A. Sur,178000.0,7711.267605633803
Toyota Corolla,Toyota Corolla 2.0 Seg Cvt 170cv,2024,General Rodríguez - Bs.As. G.B.A. Oeste,4000.0,31267.605633802817
Toyota Corolla,Toyota Corolla 1.8 Xei Mt,2011,Lanús - Bs.As. G.B.A. Sur,115000.0,11800.0
Toyota Corolla,Toyota Corolla 1.8 Xli,2017,Tigre - Bs.As. G.B.A. Norte,165000.0,16000.0
Toyota Corolla,Toyota Corolla 2.0 Seg Cvt 170cv,2023,Berazategui - Bs.As. G.B.A. Sur,58000.0,28000.0
Toyota Corolla,Toyota Corolla 1.8 Xei Mt Pack 140cv,2015,Ituzaingó - Bs.As. G.B.A. Oeste,175000.0,11901.408450704226
Toyota Corolla,Toyota Corolla 2.0 Seg Cvt 170cv,2025,Escobar - Bs.As. G.B.A. Norte,12000.0,33098.59154929577
Toyota Corolla,Toyota Corolla 2.0 Xli Cvt 171cv,2025,Moreno - Bs.As. G.B.A. Oeste,17000.0,28400.0
Toyota Corolla,Toyota Corolla 1.8 Se-g At,2009,Capital Federal - Capital Federal,134000.0,12200.0
Toyota Corolla,Toyota Corolla 1.8 Xei At Pack,2009,Tigre - Bs.As. G.B.A. Norte,220000.0,11000.0
Toyota Corolla,Toyota Corolla 1.8 Xei At,2009,Vicente López - Bs.As. G.B.A. Norte,135000.0,11500.0
Toyota Corolla,Toyota Corolla 1.8 Xei Pack,2019,Tigre - Bs.As. G.B.A. Norte,110000.0,18661.971830985916
Toyota Corolla,Toyota Corolla 1.8 Xli Mt 136cv,2013,San Isidro - Bs.As. G.B.A. Norte,160000.0,10556.338028169013
Toyota Corolla,Toyota Corolla 1.8 Xli Mt 140cv,2023,Moreno - Bs.As. G.B.A. Oeste,12500.0,23169.014084507042
Toyota Corolla,Toyota Corolla 2.0 Xli Cvt 171cv,2024,Capital Federal - Capital Federal,32000.0,26408.450704225354
Toyota Corolla,Toyota Corolla 1.8 Se-g Cvt 140cv,2019,Escobar - Bs.As. G.B.A. Norte,150000.0,20300.0
Toyota Corolla,Toyota Corolla 1.8 Xli Cvt 140cv,2016,San Isidro - Bs.As. G.B.A. Norte,140000.0,13800.0
Toyota Corolla,Toyota Corolla 2.0 Seg Cvt 170cv,2021,San Fernando - Bs.As. G.B.A. Norte,106800.0,22500.0
Toyota Corolla,Toyota Corolla 1.8 Seg L/20 Cvt Hybrid,2021,Vicente López - Bs.As. G.B.A. Norte,39000.0,24577.464788732395
Toyota Corolla,Toyota Corolla 1.8 Xei Cvt Pack 140cv,2018,Avellaneda - Bs.As. G.B.A. Sur,62000.0,18239.436619718308
Toyota Corolla,Toyota Corolla 1.8 Xei Cvt Pack 140cv,2017,Capital Federal - Capital Federal,165000.0,18000.0
Toyota Corolla,Toyota Corolla 2.0 Xli Mt 170cv,2023,Capital Federal - Capital Federal,14500.0,26408.450704225354
Toyota Corolla,Toyota Corolla 2.0 Xei Mt 170cv,2023,Capital Federal - Capital Federal,46000.0,23239.436619718308
Toyota Corolla,Toyota Corolla 1.8 Xei Mt 140cv,2018,Berazategui - Bs.As. G.B.A. Sur,97800.0,16901.408450704224
Toyota Corolla,Toyota Corolla 1.8 Xei At 136cv,2013,Lanús - Bs.As. G.B.A. Sur,170000.0,13000.0
Toyota Corolla,Toyota Corolla 1.8 Se-g Cvt 140cv,2023,Zárate - Buenos Aires Interior,53000.0,28900.0
Toyota Corolla,Toyota Corolla 1.8 Xli Cvt,2017,Capital Federal - Capital Federal,63705.0,19676.056338028167
Toyota Corolla,Toyota Corolla Hv 1.8 Xei Ecvt,2021,Capital Federal - Capital Federal,90200.0,22464.788732394365
Toyota Corolla,Toyota Corolla 2.0 Xli Cvt 171cv,2024,Capital Federal - Capital Federal,39000.0,26500.0
Toyota Corolla,Toyota Corolla 2.0 Xli Cvt 171cv,2024,Tigre - Bs.As. G.B.A. Norte,23000.0,28098.591549295776
Toyota Corolla,Toyota Corolla 2.0 Xli Cvt 171cv,2025,Capital Federal - Capital Federal,16000.0,26690.140845070422
Toyota Corolla,Toyota Corolla 1.8 Xei Mt Pack 140cv,2014,Berazategui - Bs.As. G.B.A. Sur,181000.0,11267.605633802817
Toyota Corolla,Toyota Corolla 2.0 Xei Cvt 170cv,2024,Capital Federal - Capital Federal,62500.0,24640.845070422536
Toyota Corolla,Toyota Corolla 2.0 Xei Cvt 170cv,2024,Escobar - Bs.As. G.B.A. Norte,25087.0,28169.014084507042
Toyota Corolla,Toyota Corolla 2.0 Xei Cvt 171cv,2025,Zárate - Buenos Aires Interior,13500.0,28098.591549295776
Toyota Corolla,Toyota Corolla 2.0 Xli Cvt 170cv,2022,Capital Federal - Capital Federal,80000.0,24000.0
Toyota Corolla,Toyota Corolla 1.8 Xei Cvt Pack 140cv,2016,Zárate - Buenos Aires Interior,265000.0,14800.0
Toyota Corolla,Toyota Corolla 1.8 Xei Mt 140cv,2016,Capital Federal - Capital Federal,160000.0,15492.957746478873
Toyota Corolla,Toyota Corolla 2.0 Xei M/t,2021,Capital Federal - Capital Federal,110000.0,20422.535211267605
Toyota Corolla,Toyota Corolla 1.8 Xei Mt,2011,Capital Federal - Capital Federal,172000.0,10000.0
Toyota Corolla,Toyota Corolla 2.0 Xei Cvt 171cv,2025,Zárate - Buenos Aires Interior,13000.0,28521.12676056338
Toyota Corolla,Toyota Corolla 1.8 Se-g At 136cv,2012,Escobar - Bs.As. G.B.A. Norte,140869.0,11760.56338028169
Toyota Corolla,Toyota Corolla 1.8 Hev Seg Ecvt,2021,Pilar - Bs.As. G.B.A. Norte,61000.0,23873.23943661972
Toyota Corolla,Toyota Corolla 1.8 Hev Seg Ecvt,2024,Capital Federal - Capital Federal,27000.0,29900.0
Toyota Corolla,Toyota Corolla 1.8 Hev Seg Ecvt,2024,Tigre - Bs.As. G.B.A. Norte,41000.0,28098.591549295776
Toyota Corolla,Toyota Corolla 1.8 Xei Cvt 140cv,2020,Avellaneda - Bs.As. G.B.A. Sur,75600.0,21760.563380281692
Toyota Corolla,Toyota Corolla 1.8 Xei Mt 140cv,2017,General San Martín - Bs.As. G.B.A. Norte,79000.0,17900.0
Toyota Corolla,Toyota Corolla 2.0 Xei Cvt 171cv,2025,Capital Federal - Capital Federal,20000.0,27112.676056338027
Toyota Corolla,Toyota Corolla 1.8 Xli Mt 140cv,2017,Capital Federal - Capital Federal,92680.0,16100.0
Toyota Corolla,Toyota Corolla 1.8 Se-g Cvt 140cv,2019,Capital Federal - Capital Federal,64000.0,19366.197183098593
Toyota Corolla,Toyota Corolla 1.8 Se-g Cvt 140cv,2014,Hurlingham - Bs.As. G.B.A. Oeste,159000.0,14788.732394366198
Toyota Corolla,Toyota Corolla 2.0 Xei Cvt 170cv,2022,San Isidro - Bs.As. G.B.A. Norte,59000.0,22535.211267605635
Toyota Corolla,Toyota Corolla 1.8 Xei Mt Pack,2011,Morón - Bs.As. G.B.A. Oeste,156000.0,8802.81690140845
Toyota Corolla,Toyota Corolla 1.8 Hev Seg Ecvt,2023,Quilmes - Bs.As. G.B.A. Sur,46000.0,26000.0
Toyota Corolla,Toyota Corolla 1.8 Xli Mt 140cv,2022,Malvinas Argentinas - Bs.As. G.B.A. Norte,87000.0,21056.338028169015
Toyota Corolla,Toyota Corolla 2.0 Xei Cvt 170cv,2021,Capital Federal - Capital Federal,76000.0,23500.0
Toyota Corolla,Toyota Corolla 1.8 Se-g Cvt 140cv,2016,Lanús - Bs.As. G.B.A. Sur,160000.0,15000.0
Toyota Corolla,Toyota Corolla 1.8 Hev Xei Ecvt,2024,San Miguel - Bs.As. G.B.A. Norte,80000.0,23591.549295774646
Toyota Corolla,Toyota Corolla 1.8 Xei,2006,Capital Federal - Capital Federal,137000.0,12500.0
Toyota Corolla,Toyota Corolla 1.8 Se-g,2018,Capital Federal - Capital Federal,90573.0,18732.394366197183
Toyota Corolla,Toyota Corolla 1.8 Se-g Cvt 140cv,2018,Esteban Echeverría - Bs.As. G.B.A. Sur,135900.0,18000.0
Toyota Corolla,Toyota Corolla 2.0 Seg Cvt 170cv,2021,Vicente López - Bs.As. G.B.A. Norte,70000.0,24800.0
Toyota Corolla,Toyota Corolla 2.0 Xli Cvt 171cv,2025,San Isidro - Bs.As. G.B.A. Norte,6805.0,27112.676056338027
Toyota Corolla,Toyota Corolla 2.0 Seg Cvt 140cv,2021,Pilar - Bs.As. G.B.A. Norte,61000.0,23873.23943661972
Toyota Corolla,Toyota Corolla 2.0 Se-g Cvt,2021,Capital Federal - Capital Federal,136153.0,18661.971830985916
Toyota Corolla,Toyota Corolla 2.0 Xei Cvt 170cv,2022,Pilar - Buenos Aires Interior,27000.0,25500.0
Toyota Corolla,Toyota Corolla 1.8 Hev Seg Ecvt,2021,Capital Federal - Capital Federal,25000.0,26000.0
Toyota Corolla,Toyota Corolla 1.8 Se-g Mt 136cv,2013,Avellaneda - Bs.As. G.B.A. Sur,197000.0,11619.718309859154
Toyota Corolla,Toyota Corolla 2.0 Xli Cvt 170cv,2022,Esteban Echeverría - Bs.As. G.B.A. Sur,52000.0,22394.3661971831
Toyota Corolla,Toyota Corolla 1.8 Xei At,2006,San Isidro - Bs.As. G.B.A. Norte,126000.0,7800.0
Toyota Corolla,Toyota Corolla 2.0 Gr-s Cvt,2021,Capital Federal - Capital Federal,55507.0,26669.014084507042
Toyota Corolla,Toyota Corolla 1.8 Xei Cvt 140cv,2017,San Isidro - Bs.As. G.B.A. Norte,123000.0,17800.0
Toyota Corolla,Toyota Corolla 1.8 Se-g Mt 140cv,2017,Exaltación De La Cruz - Buenos Aires Interior,89000.0,19800.0
Toyota Corolla,Toyota Corolla 2.0 Xei Cvt 171cv,2025,Zárate - Buenos Aires Interior,18000.0,26760.563380281692
Toyota Corolla,Toyota Corolla 2.0 Xei Cvt 171cv,2025,Tigre - Bs.As. G.B.A. Norte,11000.0,27112.676056338027
Toyota Corolla,Toyota Corolla 1.8 Se-g Cvt 140cv,2019,San Isidro - Bs.As. G.B.A. Norte,83000.0,19500.0
Toyota Corolla,Toyota Corolla 2.0 Xei Cvt 171cv,2023,Del Viso - Bs.As. G.B.A. Norte,126000.0,25000.0
Toyota Corolla,Toyota Corolla 1.8 Hev Seg Ecvt,2021,Pilar - Bs.As. G.B.A. Norte,60590.0,23873.23943661972
Toyota Corolla,Toyota Corolla 1.8 Hev Seg Ecvt,2021,Pilar - Bs.As. G.B.A. Norte,61000.0,23873.23943661972
Toyota Corolla,Toyota Corolla 1.8 Hev Seg Ecvt,2021,Malvinas Argentinas - Bs.As. G.B.A. Norte,182000.0,20985.915492957745
Toyota Corolla,Toyota Corolla 1.8 Hev Seg Ecvt,2021,Pilar - Bs.As. G.B.A. Norte,61000.0,23873.23943661972
Toyota Corolla,Toyota Corolla 1.8 Hev Seg Ecvt,2021,Pilar - Bs.As. G.B.A. Norte,61000.0,23873.23943661972
Toyota Corolla,Toyota Corolla 1.8 Hev Seg Ecvt,2021,Pilar - Bs.As. G.B.A. Norte,61000.0,23873.23943661972
Toyota Corolla,Toyota Corolla 1.8 Xei Cvt,2018,Capital Federal - Capital Federal,96211.0,18809.859154929578
Toyota Corolla,Toyota Corolla 1.8 Xei Cvt 140cv,2018,Escobar - Bs.As. G.B.A. Norte,76457.0,20300.0
Toyota Corolla,Toyota Corolla 1.8 Xei Cvt 140cv,2018,La Plata - Bs.As. G.B.A. Sur,110000.0,17500.0
Toyota Corolla,Toyota Corolla 2.0 Seg Cvt 170cv,2024,Lanús - Bs.As. G.B.A. Sur,1742.0,32000.0
Toyota Corolla,Toyota Corolla 2.0 Xli Cvt 171cv,2025,San Isidro - Bs.As. G.B.A. Norte,27000.0,24647.88732394366
Toyota Corolla,Toyota Corolla 2.0 Xli Mt 170cv,2021,Ensenada - Buenos Aires Interior,112000.0,19014.084507042255
Toyota Corolla,Toyota Corolla 1.8 Xli Cvt 140cv,2024,Malvinas Argentinas - Bs.As. G.B.A. Norte,14500.0,24500.0
Toyota Corolla,Toyota Corolla 2.0 Xei Cvt 170cv,2022,Ezeiza - Bs.As. G.B.A. Sur,82000.0,22000.0
Toyota Corolla,Toyota Corolla 2.0 Seg Cvt,2020,Capital Federal - Capital Federal,69000.0,25000.0
Toyota Corolla,Toyota Corolla 1.8 Xei Hybrid Cvt,2024,Capital Federal - Capital Federal,34020.0,26901.408450704224
Toyota Corolla,Toyota Corolla 2.0 Xei Mt 170cv,2022,Exaltación De La Cruz - Buenos Aires Interior,105000.0,20985.915492957745
Toyota Corolla,Toyota Corolla 1.8 Xei At Pack,2010,Morón - Bs.As. G.B.A. Oeste,176000.0,10800.0
Toyota Corolla,Toyota Corolla 1.8 Xei Cvt 140cv,2019,Berazategui - Bs.As. G.B.A. Sur,70000.0,21000.0
Toyota Corolla,Toyota Corolla 2.0 Xei Cvt 171cv,2025,Zárate - Buenos Aires Interior,7523.0,27816.901408450703
Toyota Corolla,Toyota Corolla 2.0 Seg Cvt 170cv,2024,San Isidro - Bs.As. G.B.A. Norte,18892.0,29500.0
Toyota Corolla,Toyota Corolla 1.8 Xei Cvt Pack 140cv,2018,Capital Federal - Capital Federal,96000.0,16830.985915492958
Toyota Corolla,Toyota Corolla 1.8 Se-g Cvt 140cv,2014,Los Cardales - Bs.As. G.B.A. Norte,185000.0,16800.0
Toyota Corolla,Toyota Corolla 1.8 Xei Cvt Pack 140cv,2019,Lomas De Zamora - Bs.As. G.B.A. Sur,176400.0,17700.0
Toyota Corolla,Toyota Corolla 1.8 Hev Xei Ecvt,2020,Capital Federal - Capital Federal,68000.0,21900.0
Toyota Corolla,Toyota Corolla 2.0 Xei Cvt 170cv,2022,General San Martín - Bs.As. G.B.A. Norte,38100.0,24500.0
Toyota Corolla,Toyota Corolla 1.8 Se-g Cvt 140cv,2018,Capital Federal - Capital Federal,148000.0,16901.408450704224
Toyota Corolla,Toyota Corolla 2.0 Xei Cvt 171cv,2023,Capital Federal - Capital Federal,35600.0,25704.225352112677
Toyota Corolla,Toyota Corolla 1.8 Xli Mt 140cv,2014,Del Viso - Bs.As. G.B.A. Norte,150000.0,13380.281690140846
Toyota Corolla,Toyota Corolla 1.8 Xei Mt 140cv,2018,Capital Federal - Capital Federal,112000.0,17605.6338028169
Toyota Corolla,Toyota Corolla 1.8 Xli Cvt,2018,Tigre - Bs.As. G.B.A. Norte,69700.0,17225.352112676057
Toyota Corolla,Toyota Corolla 2.0 Seg Cvt 170cv,2023,Capital Federal - Capital Federal,51500.0,28000.0
Toyota Corolla,Toyota Corolla 2.0 Se-g Cvt,2025,Capital Federal - Capital Federal,3823.0,30323.943661971833
Toyota Corolla,Toyota Corolla 1.8 Xei Cvt Pack 140cv,2024,Capital Federal - Capital Federal,23000.0,25900.0
Toyota Corolla,Toyota Corolla 1.8 Hev Seg Ecvt,2025,Morón - Bs.As. G.B.A. Oeste,10406.0,32394.3661971831
Toyota Corolla,Toyota Corolla 1.8 Xei Mt,2011,Morón - Bs.As. G.B.A. Oeste,148000.0,13309.859154929578
Toyota Corolla,Toyota Corolla 1.8 Se-g Cvt 140cv,2012,San Isidro - Bs.As. G.B.A. Norte,153000.0,12800.0
Toyota Corolla,Toyota Corolla 1.8 Hev Seg Ecvt,2024,Capital Federal - Capital Federal,39000.0,32000.0
Toyota Corolla,Toyota Corolla 1.8 Xei,2018,Capital Federal - Capital Federal,66000.0,19500.0
Toyota Corolla,Toyota Corolla 1.8 Xei Mt 140cv,2018,Capital Federal - Capital Federal,120000.0,16549.295774647886
Toyota Corolla,Toyota Corolla 2.0 Xei Cvt 171cv,2025,Campana - Buenos Aires Interior,6600.0,26690.140845070422
Toyota Corolla,Toyota Corolla 1.8 Xei Mt,2010,Capital Federal - Capital Federal,240000.0,8802.81690140845
Toyota Corolla,Toyota Corolla 1.8 Hev Xei Ecvt,2020,Lobos - Buenos Aires Interior,133771.0,20774.647887323943
Toyota Corolla,Toyota Corolla 1.8 Hev Xei Ecvt,2025,Lanús - Bs.As. G.B.A. Sur,12800.0,28169.014084507042
Toyota Corolla,Toyota Corolla 2.0 Seg Cvt 170cv,2022,General San Martín - Bs.As. G.B.A. Norte,140000.0,23232.394366197183
Toyota Corolla,Toyota Corolla 2.0 Seg Cvt 170cv,2022,Pilar - Bs.As. G.B.A. Norte,69000.0,26690.140845070422
Toyota Corolla,Toyota Corolla 2.0 Seg Cvt 170cv,2022,Campana - Buenos Aires Interior,116000.0,25000.0
Toyota Corolla,Toyota Corolla 1.8 Xei Mt 136cv,2013,Capital Federal - Capital Federal,232000.0,11549.295774647888
Toyota Corolla,Toyota Corolla 1.8 Hev Seg Ecvt,2020,San Isidro - Bs.As. G.B.A. Norte,70000.0,22183.098591549297
Toyota Corolla,Toyota Corolla 2.0 Gr-sport Cvt 171cv,2025,Capital Federal - Capital Federal,31000.0,34007.042253521126
Toyota Corolla,Toyota Corolla 2.0 Xli Cvt,2023,Capital Federal - Capital Federal,52579.0,21415.49295774648
Toyota Corolla,Toyota Corolla 2.0 Xli Cvt,2023,Malvinas Argentinas - Bs.As. G.B.A. Norte,15682.0,25457.74647887324
Toyota Corolla,Toyota Corolla 1.8 Hev Xei Ecvt,2023,Hurlingham - Bs.As. G.B.A. Oeste,36000.0,26901.408450704224
Toyota Corolla,Toyota Corolla 1.8 Hev Xei Ecvt,2023,Berazategui - Bs.As. G.B.A. Sur,60000.0,26000.0
Toyota Corolla,Toyota Corolla 1.8 Se-g Cvt,2016,Capital Federal - Capital Federal,138000.0,18542.25352112676
Toyota Corolla,Toyota Corolla 1.8 Hev Xei Ecvt,2021,Capital Federal - Capital Federal,78000.0,22535.211267605635
Toyota Corolla,Toyota Corolla 1.8 Xei Mt 140cv,2019,Capital Federal - Capital Federal,100000.0,16900.0
Toyota Corolla,Toyota Corolla Corolla Seg 1.8 Cvt,2019,Capital Federal - Capital Federal,65000.0,20352.11267605634
Toyota Corolla,Toyota Corolla 1.8 Xei Cvt Pack 140cv,2015,Lomas De Zamora - Bs.As. G.B.A. Sur,110000.0,14788.732394366198
Toyota Corolla,Toyota Corolla 2.0 Seg Cvt 170cv,2023,General San Martín - Bs.As. G.B.A. Norte,38200.0,27112.676056338027
Toyota Corolla,Toyota Corolla 1.8 Hev Xei Ecvt,2026,Campana - Buenos Aires Interior,8000.0,29507.042253521126
Toyota Corolla,Toyota Corolla 1.8 Hev Seg Ecvt,2021,Pilar - Bs.As. G.B.A. Norte,60590.0,23873.23943661972
Toyota Corolla,Toyota Corolla 1.8 Xli Cvt 140cv,2018,Lomas De Zamora - Bs.As. G.B.A. Sur,77000.0,17000.0
Toyota Corolla,Toyota Corolla 1.8 Se-g,2018,Ituzaingó - Bs.As. G.B.A. Oeste,84000.0,21000.0
Toyota Corolla,Toyota Corolla 1.8 Xli Mt 140cv,2017,Capital Federal - Capital Federal,61500.0,16300.0
Toyota Corolla,Toyota Corolla 2.0 Xei Cvt 170cv,2023,Capital Federal - Capital Federal,40675.0,26760.563380281692
Toyota Corolla,Toyota Corolla 2.0 Xei Cvt 171cv,2025,Capital Federal - Capital Federal,20000.0,26056.338028169015
Toyota Corolla,Toyota Corolla 2.0 Xei Mt,2021,Capital Federal - Capital Federal,74100.0,22880.281690140844
Toyota Corolla,Toyota Corolla 1.8 Xei Mt Pack 140cv,2017,Capital Federal - Capital Federal,82000.0,18300.0
Toyota Corolla,Toyota Corolla 1.8 Xei Cvt Pack 140cv,2016,Esteban Echeverría - Bs.As. G.B.A. Sur,137000.0,16500.0
Toyota Corolla,Toyota Corolla 1.8 Hev Seg Ecvt,2021,Capital Federal - Capital Federal,100000.0,22500.0
Toyota Corolla,Toyota Corolla 1.8 Se-g Cvt,2017,Capital Federal - Capital Federal,75566.0,18253.521126760563
Toyota Corolla,Toyota Corolla 2.0 Xei Cvt 170cv,2023,Capital Federal - Capital Federal,25000.0,25000.0
Toyota Corolla,Toyota Corolla 2.0 Xei Cvt 171cv,2024,General San Martín - Bs.As. G.B.A. Norte,13107.0,27464.788732394365
Toyota Corolla,Toyota Corolla 1.8 Hev Xei Ecvt,2025,Capital Federal - Capital Federal,9000.0,31478.87323943662
Toyota Corolla,Toyota Corolla 1.8 Xei,2019,San Fernando - Bs.As. G.B.A. Norte,123000.0,18800.0
Toyota Corolla,Toyota Corolla 2.0 Xli Cvt 171cv,2025,Merlo - Bs.As. G.B.A. Oeste,6500.0,28098.591549295776
Toyota Corolla,Toyota Corolla 2.0 Xei Cvt 170cv,2024,Moreno - Bs.As. G.B.A. Oeste,15000.0,26514.084507042255
Toyota Corolla,Toyota Corolla 1.8 Se-g Cvt 140cv,2018,Capital Federal - Capital Federal,64000.0,20500.0
Toyota Corolla,Toyota Corolla 2.0 Seg Cvt 170cv,2024,Capital Federal - Capital Federal,15000.0,31900.0
Toyota Corolla,Toyota Corolla 1.8 Xei Cvt 140cv,2019,Capital Federal - Capital Federal,70050.0,19000.0
Toyota Corolla,Toyota Corolla 2.0 Xli Cvt 170cv,2022,Capital Federal - Capital Federal,52000.0,21408.450704225354
Toyota Corolla,Toyota Corolla 2.0 Xei Cvt,2022,Malvinas Argentinas - Bs.As. G.B.A. Norte,51064.0,22943.661971830985
Toyota Corolla,Toyota Corolla 2.0 Xei Cvt,2022,Capital Federal - Capital Federal,14260.0,26619.718309859156
Toyota Corolla,Toyota Corolla 2.0 Xli Cvt 171cv,2024,Capital Federal - Capital Federal,50025.0,26760.563380281692
Toyota Corolla,Toyota Corolla 2.0 Seg Cvt 170cv,2021,Berazategui - Bs.As. G.B.A. Sur,79000.0,24295.774647887323
Toyota Corolla,Toyota Corolla 1.8 Xli Cvt 140cv,2021,Avellaneda - Bs.As. G.B.A. Sur,69000.0,21830.985915492958
Toyota Corolla,Toyota Corolla 1.8 Xei Cvt 140cv,2019,Lanús - Bs.As. G.B.A. Sur,145000.0,16894.3661971831
Toyota Corolla,Toyota Corolla 1.8 Xei Cvt 140cv,2019,Morón - Bs.As. G.B.A. Oeste,135000.0,20422.535211267605
Toyota Corolla,Toyota Corolla 2.0 Seg Cvt 170cv,2023,San Miguel - Bs.As. G.B.A. Norte,55000.0,28900.0
Toyota Corolla,Toyota Corolla 2.0 Seg Cvt 140cv,2022,Avellaneda - Bs.As. G.B.A. Sur,72900.0,26408.450704225354
Toyota Corolla,Toyota Corolla 2.0 Xli Cvt 170cv,2023,Capital Federal - Capital Federal,37500.0,24647.88732394366
Toyota Corolla,Toyota Corolla 2.0 Seg Cvt 170cv,2021,Ituzaingó - Bs.As. G.B.A. Oeste,70000.0,24000.0
Toyota Corolla,Toyota Corolla 2.0 Seg Cvt 170cv,2021,Ezeiza - Bs.As. G.B.A. Sur,68000.0,27112.676056338027
Toyota Yaris,Toyota Yaris 1.5 107cv S Cvt,2026,Capital Federal - Capital Federal,0.0,28842.25352112676
Toyota Yaris,Toyota Yaris 1.5 107cv Xls Pack Cvt,2019,Capital Federal - Capital Federal,52617.0,20422.535211267605
Toyota Yaris,Toyota Yaris 1.5 Xls 5p,2022,General San Martín - Bs.As. G.B.A. Norte,43273.0,18239.436619718308
Toyota Yaris,Toyota Yaris 1.5 107cv Xs Cvt,2026,Capital Federal - Capital Federal,0.0,24143.661971830985
Toyota Yaris,Toyota Yaris 1.5 107cv Xls Pack Cvt Sedan,2020,Capital Federal - Capital Federal,88000.0,18000.0
Toyota Yaris,Toyota Yaris 1.5 107cv S Cvt,2022,Capital Federal - Capital Federal,53000.0,20422.535211267605
Toyota Yaris,Toyota Yaris 1.5 107cv S Cvt,2025,Campana - Buenos Aires Interior,9700.0,27253.521126760563
Toyota Yaris,Toyota Yaris 1.5 107cv Xls Pack Cvt,2024,Morón - Bs.As. G.B.A. Oeste,49000.0,23936.61971830986
Toyota Yaris,Toyota Yaris 1.5 107cv Xls Cvt,2026,Vicente López - Bs.As. G.B.A. Norte,0.0,24942.338028169015
Toyota Yaris,Toyota Yaris 1.5 107cv S Cvt,2022,Malvinas Argentinas - Bs.As. G.B.A. Norte,128000.0,19990.0
Toyota Yaris,Toyota Yaris 1.5 107cv Xls,2023,Almirante Brown - Bs.As. G.B.A. Sur,72000.0,19718.309859154928
Toyota Yaris,Toyota Yaris 1.5 107cv Xs Cvt,2026,San Isidro - Bs.As. G.B.A. Norte,0.0,22453.605633802817
Toyota Yaris,Toyota Yaris 1.5 107cv Xls,2024,Tigre - Bs.As. G.B.A. Norte,21000.0,23873.23943661972
Toyota Yaris,Toyota Yaris 1.5 107cv Xls Pack Cvt,2022,General San Martín - Bs.As. G.B.A. Norte,80000.0,19711.267605633802
Toyota Yaris,Toyota Yaris 1.5 107cv Xs Cvt,2024,General San Martín - Bs.As. G.B.A. Norte,19566.0,20774.647887323943
Toyota Yaris,Toyota Yaris 1.5 107cv Xls Pack Cvt Sedan,2023,Berazategui - Bs.As. G.B.A. Sur,50000.0,20422.535211267605
Toyota Yaris,Toyota Yaris 1.5 107cv Xls Sedan,2024,Capital Federal - Capital Federal,35000.0,20774.647887323943
Toyota Yaris,Toyota Yaris 1.5 107cv S Cvt,2026,Vicente López - Bs.As. G.B.A. Norte,0.0,26015.49295774648
Toyota Yaris,Toyota Yaris 1.5 107cv Xls Pack Cvt Sedan,2024,Capital Federal - Capital Federal,20600.0,21478.87323943662
Toyota Yaris,Toyota Yaris 1.5 107cv Xls 5 P,2021,Vicente López - Bs.As. G.B.A. Norte,57000.0,19014.084507042255
Toyota Yaris,Toyota Yaris 1.5 107cv Xls Cvt,2022,General San Martín - Bs.As. G.B.A. Norte,34040.0,20422.535211267605
Toyota Yaris,Toyota Yaris 1.5 107cv Xls Cvt Sedan,2023,Capital Federal - Capital Federal,27000.0,19647.88732394366
Toyota Yaris,Toyota Yaris 1.5 107cv S Cvt,2026,San Isidro - Bs.As. G.B.A. Norte,0.0,25958.028169014084
Toyota Yaris,Toyota Yaris 1.5 107cv Xs Sedan,2023,Capital Federal - Capital Federal,23000.0,22183.098591549297
Toyota Yaris,Toyota Yaris 1.5 107cv S Cvt,2019,San Fernando - Bs.As. G.B.A. Norte,127000.0,16900.0
Toyota Yaris,Toyota Yaris 1.5 107cv Xls Cvt,2024,Tres De Febrero - Bs.As. G.B.A. Oeste,17709.0,21830.985915492958
Toyota Yaris,Toyota Yaris 1.5 107cv Xls Cvt,2024,Tres De Febrero - Bs.As. G.B.A. Oeste,17709.0,21830.985915492958
Toyota Yaris,Toyota Yaris 1.5 107cv Xls,2019,Avellaneda - Bs.As. G.B.A. Sur,66306.0,15500.0
Toyota Yaris,Toyota Yaris 1.5 107cv S Cvt,2026,Vicente López - Bs.As. G.B.A. Norte,0.0,26015.49295774648
Toyota Yaris,Toyota Yaris 1.5 107cv Xls,2022,Capital Federal - Capital Federal,100000.0,17957.74647887324
Toyota Yaris,Toyota Yaris 1.5 107cv Xs Cvt,2024,Lanús - Bs.As. G.B.A. Sur,60000.0,19366.197183098593
Toyota Yaris,Toyota Yaris 1.5 107cv S,2020,Capital Federal - Capital Federal,86000.0,19000.0
Toyota Yaris,Toyota Yaris 1.5 107cv Xs Cvt,2026,Vicente López - Bs.As. G.B.A. Norte,0.0,22500.0
Toyota Yaris,Toyota Yaris 1.5 107cv Xls Cvt,2026,Capital Federal - Capital Federal,0.0,24143.661971830985
Toyota Yaris,Toyota Yaris 1.5 107cv Xls Pack Cvt Sedan,2023,General San Martín - Bs.As. G.B.A. Norte,71000.0,19718.309859154928
Toyota Yaris,Toyota Yaris 1.5 107cv Xls Pack Cvt,2024,Escobar - Bs.As. G.B.A. Norte,33000.0,21900.0
Toyota Yaris,Toyota Yaris 1.5 107cv Xs,2023,Vicente López - Bs.As. G.B.A. Norte,18000.0,21500.0
Toyota Yaris,Toyota Yaris Yaris Xls+cvt5p,2025,Pilar - Bs.As. G.B.A. Norte,6550.0,25500.0
Toyota Yaris,Toyota Yaris 1.5 107cv Xls Pack Cvt,2023,Castelar - Bs.As. G.B.A. Oeste,52000.0,21971.830985915494
Toyota Yaris,Toyota Yaris 1.5 107cv Xls Pack Cvt,2021,José C. Paz - Bs.As. G.B.A. Norte,20600.0,20500.0
Toyota Yaris,Toyota Yaris 1.5 107cv Xls Pack Cvt,2019,Lobos - Buenos Aires Interior,143080.0,15422.535211267606
Toyota Yaris,Toyota Yaris 1.5 S,2018,Hurlingham - Bs.As. G.B.A. Oeste,58000.0,17960.0
Toyota Yaris,Toyota Yaris 1.5 107cv S Cvt,2023,Capital Federal - Capital Federal,38000.0,22535.211267605635
Toyota Yaris,Toyota Yaris 1.5 107cv Xls Pack Cvt,2022,La Matanza - Bs.As. G.B.A. Oeste,40000.0,20500.0
Toyota Yaris,Toyota Yaris 1.5 107cv Xs Cvt,2025,San Isidro - Bs.As. G.B.A. Norte,43000.0,20415.49295774648
Toyota Yaris,Toyota Yaris 1.5 107cv S Cvt,2026,Capital Federal - Capital Federal,0.0,27400.140845070422
Toyota Yaris,Toyota Yaris 1.5 107cv S Cvt,2025,Malvinas Argentinas - Bs.As. G.B.A. Norte,5200.0,26408.450704225354
Toyota Yaris,Toyota Yaris 1.5 107cv Xls,2023,San Isidro - Bs.As. G.B.A. Norte,85000.0,18000.0
Toyota Yaris,Toyota Yaris 1.5 107cv Xls Cvt,2026,San Isidro - Bs.As. G.B.A. Norte,0.0,24942.338028169015
Toyota Yaris,Toyota Yaris 1.5 107cv S Cvt,2020,Escobar - Bs.As. G.B.A. Norte,98000.0,17814.788732394365
Toyota Yaris,Toyota Yaris 1.5 107cv Xls Sedan,2022,Capital Federal - Capital Federal,72000.0,19014.084507042255
Toyota Yaris,Toyota Yaris 1.5 107cv Xls,2019,Capital Federal - Capital Federal,97600.0,16000.0
Toyota Yaris,Toyota Yaris 1.5 107cv S Cvt,2022,General San Martín - Bs.As. G.B.A. Norte,89000.0,21119.718309859156
Toyota Yaris,Toyota Yaris 1.5 107cv S Cvt,2022,Capital Federal - Capital Federal,52000.0,23500.0
Toyota Yaris,Toyota Yaris 1.5 107cv S Cvt,2023,San Isidro - Bs.As. G.B.A. Norte,13500.0,23500.0
Toyota Yaris,Toyota Yaris 1.5 107cv Xls Cvt,2026,Capital Federal - Capital Federal,0.0,25600.0
Toyota Yaris,Toyota Yaris 1.5 107cv S Cvt,2024,Capital Federal - Capital Federal,50000.0,22183.098591549297
Toyota Yaris,Toyota Yaris 1.5 107cv Xls Pack Cvt,2025,Capital Federal - Capital Federal,14000.0,24500.0
Toyota Yaris,Toyota Yaris 1.5 107cv S Cvt,2023,General San Martín - Bs.As. G.B.A. Norte,69000.0,21830.985915492958
Toyota Yaris,Toyota Yaris 1.5 107cv S Cvt,2019,Capital Federal - Capital Federal,30000.0,18943.661971830985
Toyota Yaris,Toyota Yaris 1.5 107cv Xls Pack Cvt,2020,Capital Federal - Capital Federal,45100.0,19500.0
Toyota Yaris,Toyota Yaris A76-yaris Xls 1.5 Cvt,2023,Capital Federal - Capital Federal,11572.0,23239.436619718308
Toyota Yaris,Toyota Yaris 1.5 107cv Xls,2018,Capital Federal - Capital Federal,100000.0,16000.0
Toyota Yaris,Toyota Yaris Xls 1.5 6mt 5p 2022,2022,Pilar - Bs.As. G.B.A. Norte,70978.0,19014.084507042255
Toyota Yaris,Toyota Yaris 1.5 107cv Xls Cvt,2026,Vicente López - Bs.As. G.B.A. Norte,1000.0,26056.338028169015
Toyota Yaris,Toyota Yaris 1.5 Xls,2021,Capital Federal - Capital Federal,45465.0,17112.676056338027
Toyota Yaris,Toyota Yaris 1.5 107cv Xls,2025,San Isidro - Bs.As. G.B.A. Norte,0.0,22889.0
Toyota Yaris,Toyota Yaris 1.5 107cv Xs Cvt,2026,Vicente López - Bs.As. G.B.A. Norte,0.0,22176.056338028167
Toyota Yaris,Toyota Yaris 1.5 107cv Xls Pack Cvt,2025,San Miguel - Bs.As. G.B.A. Norte,13336.0,23000.0
Toyota Yaris,Toyota Yaris 1.5 107cv Xs Cvt,2025,Capital Federal - Capital Federal,40700.0,20070.422535211266
Toyota Yaris,Toyota Yaris 1.5 107cv Xls Pack Cvt,2023,Tigre - Bs.As. G.B.A. Norte,57852.0,19225.352112676057
Toyota Yaris,Toyota Yaris 1.5 107cv Xls Pack Cvt Sedan,2024,La Matanza - Bs.As. G.B.A. Oeste,31300.0,21000.0
Toyota Yaris,Toyota Yaris Xls + 1.5 Cvt 5p,2025,Capital Federal - Capital Federal,5000.0,24100.0
Toyota Yaris,Toyota Yaris 1.5 107cv Xls Pack,2022,Escobar - Bs.As. G.B.A. Norte,88000.0,19800.0
Toyota Yaris,Toyota Yaris 1.5 107cv Xs Cvt,2024,General San Martín - Bs.As. G.B.A. Norte,52700.0,18661.971830985916
Toyota Yaris,Toyota Yaris 1.5 Xls Cvt,2022,Capital Federal - Capital Federal,49000.0,20894.3661971831
Toyota Yaris,Toyota Yaris 1.5 107cv S Cvt,2019,Quilmes - Bs.As. G.B.A. Sur,77000.0,18000.0
Toyota Yaris,Toyota Yaris 1.5 107cv Xls Cvt,2023,Del Viso - Bs.As. G.B.A. Norte,96000.0,20500.0
Toyota Yaris,Toyota Yaris 1.5 107cv Xls Cvt,2022,Capital Federal - Capital Federal,48000.0,20000.0
Toyota Yaris,Toyota Yaris 1.5 107cv Xls Pack Cvt,2024,Capital Federal - Capital Federal,21000.0,22528.169014084506
Toyota Yaris,Toyota Yaris 1.5 107cv Xs Cvt,2025,Escobar - Bs.As. G.B.A. Norte,11468.0,23239.436619718308
Toyota Yaris,Toyota Yaris 1.5 107cv Xs Cvt,2025,Tigre - Bs.As. G.B.A. Norte,10000.0,23873.23943661972
Toyota Yaris,Toyota Yaris 1.5 107cv S Cvt,2021,Capital Federal - Capital Federal,62000.0,21056.338028169015
Toyota Yaris,Toyota Yaris 1.5 107cv S Cvt,2025,La Matanza - Bs.As. G.B.A. Oeste,500.0,29800.0
Toyota Yaris,Toyota Yaris 1.5 107cv Xls Pack Cvt,2023,Capital Federal - Capital Federal,21500.0,23500.0
Toyota Yaris,Toyota Yaris 1.5 107cv Xs Cvt,2025,La Plata - Bs.As. G.B.A. Sur,29000.0,21000.0
Toyota Yaris,Toyota Yaris 1.5 S Cvt,2025,Capital Federal - Capital Federal,20330.0,26049.295774647886
Toyota Yaris,Toyota Yaris 1.5 107cv Xls Pack Cvt,2025,Almirante Brown - Bs.As. G.B.A. Sur,9500.0,25352.11267605634
Toyota Yaris,Toyota Yaris 1.5 S Mt,2019,Capital Federal - Capital Federal,91413.0,14971.830985915492
Toyota Yaris,Toyota Yaris 1.5 107cv S Cvt,2024,Esteban Echeverría - Bs.As. G.B.A. Sur,42000.0,22535.211267605635
Toyota Yaris,Toyota Yaris 1.5 Xls Cvt,2022,Capital Federal - Capital Federal,27000.0,23929.577464788734
Toyota Yaris,Toyota Yaris 1.5 107cv Xs,2024,Escobar - Bs.As. G.B.A. Norte,45000.0,18661.971830985916
Toyota Yaris,Toyota Yaris 1.5 107cv S Cvt,2021,Tigre - Bs.As. G.B.A. Norte,110000.0,19800.0
Toyota Yaris,Toyota Yaris 1.5 107cv Xls,2019,Capital Federal - Capital Federal,48925.0,17535.211267605635
Toyota Yaris,Toyota Yaris 1.5 107cv S Cvt,2021,Capital Federal - Capital Federal,37000.0,21126.690140845072
Toyota Yaris,Toyota Yaris 1.5 107cv Xls Pack Cvt Sedan,2024,San Isidro - Bs.As. G.B.A. Norte,71000.0,20767.605633802817
Toyota Yaris,Toyota Yaris 1.5 107cv S Cvt,2025,Berazategui - Bs.As. G.B.A. Sur,2300.0,26760.56267605634
Toyota Yaris,Toyota Yaris 1.5 107cv S Cvt,2023,Capital Federal - Capital Federal,28500.0,25900.0
Toyota Yaris,Toyota Yaris 1.5 107cv Xls Cvt,2023,Capital Federal - Capital Federal,29000.0,20422.535211267605
Toyota Yaris,Toyota Yaris 1.5 107cv Xls Pack Cvt Sedan,2024,Escobar - Bs.As. G.B.A. Norte,41000.0,23239.436619718308
Toyota Yaris,Toyota Yaris 1.5 107cv Xls Pack Cvt Sedan,2021,Castelar - Bs.As. G.B.A. Oeste,78000.0,18661.971830985916
Toyota Yaris,Toyota Yaris 1.5 107cv Xls Pack Cvt Sedan,2021,Morón - Bs.As. G.B.A. Oeste,110000.0,16901.408450704224
Toyota Yaris,Toyota Yaris 1.5 107cv S Cvt,2019,San Isidro - Bs.As. G.B.A. Norte,96000.0,17900.0
Toyota Yaris,Toyota Yaris 1.5 107cv Xs,2024,Tigre - Bs.As. G.B.A. Norte,19900.0,20070.422535211266
Toyota Yaris,Toyota Yaris 1.5 107cv S Cvt,2024,Capital Federal - Capital Federal,19400.0,25352.11267605634
Toyota Yaris,Toyota Yaris 1.5 107cv Xls Pack Cvt,2019,Capital Federal - Capital Federal,42000.0,18200.0
Toyota Yaris,Toyota Yaris 1.5 107cv Xs Cvt,2026,Capital Federal - Capital Federal,0.0,22936.478873239437
Toyota Yaris,Toyota Yaris 1.5 107cv Xs Cvt,2025,Pilar - Bs.As. G.B.A. Norte,12000.0,23900.0
Toyota Yaris,Toyota Yaris 1.5 107cv S Cvt,2025,San Isidro - Bs.As. G.B.A. Norte,1000.0,27500.0
Toyota Yaris,Toyota Yaris 1.5 107cv Xls Cvt,2020,Castelar - Bs.As. G.B.A. Oeste,70000.0,18000.0
Toyota Yaris,Toyota Yaris 1.5 107cv S Cvt,2025,Hurlingham - Bs.As. G.B.A. Oeste,0.0,26845.070422535213
Toyota Yaris,Toyota Yaris 1.5 107cv S Cvt,2025,General San Martín - Bs.As. G.B.A. Norte,10200.0,26759.859154929578
Toyota Yaris,Toyota Yaris 1.5 107cv S,2021,La Matanza - Bs.As. G.B.A. Oeste,70000.0,20000.0
Toyota Yaris,Toyota Yaris 1.5 107cv Xs Cvt,2026,Ituzaingó - Bs.As. G.B.A. Oeste,0.0,24214.084507042255
Toyota Yaris,Toyota Yaris 1.5 107cv S Cvt,2023,Capital Federal - Capital Federal,41200.0,22700.0
Toyota Yaris,Toyota Yaris 1.5 107cv Xls Sedan,2021,La Plata - Bs.As. G.B.A. Sur,115000.0,13800.0
Toyota Yaris,Toyota Yaris 1.5 107cv Cvt,2017,San Miguel - Bs.As. G.B.A. Norte,112800.0,15422.535211267606
Toyota Yaris,Toyota Yaris 1.5 107cv Xls Cvt,2023,Luján - Buenos Aires Interior,61000.0,22500.0
Toyota Yaris,Toyota Yaris 1.5 107cv Xls Cvt,2023,Escobar - Bs.As. G.B.A. Norte,64000.0,19507.042253521126
Toyota Yaris,Toyota Yaris 1.5 107cv S Cvt,2022,Morón - Bs.As. G.B.A. Oeste,55500.0,22000.0
Toyota Yaris,Toyota Yaris 1.5 107cv Xls Cvt,2023,San Andrés De Giles - Buenos Aires Interior,40000.0,22464.788732394365
Toyota Yaris,Toyota Yaris 1.5 107cv Cvt,2019,Capital Federal - Capital Federal,50000.0,19014.084507042255
Toyota Yaris,Toyota Yaris 1.5 107cv Xls Cvt,2023,San Fernando - Bs.As. G.B.A. Norte,20500.0,20700.0
Toyota Yaris,Toyota Yaris 1.5 107cv S Cvt,2022,Capital Federal - Capital Federal,70000.0,19500.0
Toyota Yaris,Toyota Yaris 1.5 107cv S Cvt,2023,Capital Federal - Capital Federal,67000.0,22990.0
Toyota Yaris,Toyota Yaris 1.5 107cv Xls Pack Cvt,2021,Capital Federal - Capital Federal,67000.0,21000.0
Toyota Yaris,Toyota Yaris 1.5 107cv Xls Pack Cvt,2019,Capital Federal - Capital Federal,109200.0,15704.225352112677
Toyota Yaris,Toyota Yaris 1.5 107cv Xs Cvt,2025,Campana - Buenos Aires Interior,10000.0,22183.098591549297
Toyota Yaris,Toyota Yaris 1.5 107cv Cvt,2017,Capital Federal - Capital Federal,75422.0,16549.295774647886
Toyota Yaris,Toyota Yaris 1.5 107cv S Cvt,2024,Capital Federal - Capital Federal,9594.0,23873.23943661972
Toyota Yaris,Toyota Yaris 1.5 107cv Xls Cvt,2026,Capital Federal - Capital Federal,1000.0,25211.267605633802
Toyota Yaris,Toyota Yaris 1.5 Xls Pack Cvt,2023,Capital Federal - Capital Federal,23277.0,24028.169014084506
Toyota Yaris,Toyota Yaris 1.5 107cv Xls Cvt Sedan,2023,San Isidro - Bs.As. G.B.A. Norte,10460.0,24000.0
Toyota Yaris,Toyota Yaris 1.5 107cv Xls,2022,Lomas De Zamora - Bs.As. G.B.A. Sur,35000.0,20000.0
Toyota Yaris,Toyota Yaris 1.5 107cv Xls Cvt,2022,General San Martín - Bs.As. G.B.A. Norte,75550.0,19718.309859154928
Toyota Yaris,Toyota Yaris 1.5 107cv Cvt,2017,Pilar - Bs.As. G.B.A. Norte,110000.0,14436.61971830986
Toyota Yaris,Toyota Yaris 1.5 107cv Xs,2023,Pilar - Bs.As. G.B.A. Norte,48000.0,16830.985915492958
Toyota Yaris,Toyota Yaris 1.5 107cv S Cvt,2021,Capital Federal - Capital Federal,75000.0,19647.88732394366
Toyota Yaris,Toyota Yaris 1.5 107cv Xls Cvt,2021,Capital Federal - Capital Federal,61000.0,18900.0
Toyota Yaris,Toyota Yaris 1.5 107cv Xls 5 P,2021,Almirante Brown - Bs.As. G.B.A. Sur,20000.0,20281.690140845072
Toyota Yaris,Toyota Yaris 1.5 107cv S,2019,Capital Federal - Capital Federal,69000.0,17605.6338028169
Toyota Yaris,Toyota Yaris 1.5 107cv S Cvt,2024,San Isidro - Bs.As. G.B.A. Norte,1111.0,28098.591549295776
Toyota Yaris,Toyota Yaris 1.5 107cv Xls 4 P,2022,Capital Federal - Capital Federal,41000.0,19014.084507042255
Toyota Yaris,Toyota Yaris 1.5 107cv Xls Pack Cvt,2021,San Isidro - Bs.As. G.B.A. Norte,56000.0,20000.0
Toyota Yaris,Toyota Yaris 1.5 107cv S,2023,Capital Federal - Capital Federal,51000.0,22183.098591549297
Toyota Yaris,Toyota Yaris 1.5 107cv S Cvt,2018,Capital Federal - Capital Federal,113000.0,16300.0
Toyota Yaris,Toyota Yaris 1.5 107cv S,2024,Capital Federal - Capital Federal,2000.0,24577.464788732395
Toyota Yaris,Toyota Yaris 1.5 107cv Xs Cvt,2025,Vicente López - Bs.As. G.B.A. Norte,12000.0,20774.647887323943
Toyota Yaris,Toyota Yaris 1.5 107cv S Cvt,2025,Capital Federal - Capital Federal,9000.0,25500.0
Toyota Yaris,Toyota Yaris 1.5 107cv Xls Pack Cvt,2021,Capital Federal - Capital Federal,23284.0,21700.0
Toyota Yaris,Toyota Yaris 1.5 107cv S Cvt,2021,Vicente López - Bs.As. G.B.A. Norte,98000.0,17000.0
Toyota Yaris,Toyota Yaris 1.5 107cv S Cvt,2025,La Plata - Bs.As. G.B.A. Sur,18000.0,24500.0
Toyota Yaris,Toyota Yaris Xls Pack 1.5 Cvt,2019,Bs.As. G.B.A. Norte,61987.0,20070.422535211266
Toyota Yaris,Toyota Yaris 1.5 107cv S Cvt,2022,Escobar - Bs.As. G.B.A. Norte,54000.0,21500.0
Toyota Yaris,Toyota Yaris 1.5 107cv Xls Pack Cvt,2024,Malvinas Argentinas - Bs.As. G.B.A. Norte,10200.0,26000.0
Toyota Yaris,Toyota Yaris 1.5 107cv Xls Pack Cvt,2023,Vicente López - Bs.As. G.B.A. Norte,34140.0,21900.0
Toyota Yaris,Toyota Yaris 1.5 107cv Xls Pack Cvt Sedan,2020,Ituzaingó - Bs.As. G.B.A. Oeste,154000.0,17500.0
Toyota Yaris,Toyota Yaris 1.5 107cv Xls Pack Cvt,2022,Tigre - Bs.As. G.B.A. Norte,65500.0,18873.23943661972
Toyota Yaris,Toyota Yaris 1.5 107cv S Cvt,2023,Capital Federal - Capital Federal,25000.0,23500.0
Toyota Yaris,Toyota Yaris 1.5 107cv S,2024,Vicente López - Bs.As. G.B.A. Norte,27000.0,23943.661971830985
Toyota Yaris,Toyota Yaris 1.5 107cv S Cvt,2025,Pilar - Bs.As. G.B.A. Norte,9200.0,25000.0
Toyota Yaris,Toyota Yaris 1.5 107cv S Cvt,2025,Capital Federal - Capital Federal,1000.0,24577.464788732395
Toyota Yaris,Toyota Yaris 1.5 107cv S Cvt,2026,General San Martín - Bs.As. G.B.A. Norte,0.0,28842.25352112676
Toyota Yaris,Toyota Yaris 1.5 107cv S Cvt,2024,General San Martín - Bs.As. G.B.A. Norte,40000.0,24647.88661971831
Toyota Yaris,Toyota Yaris 1.5 107cv Xls Cvt,2023,Lanús - Bs.As. G.B.A. Sur,15000.0,23300.0
Toyota Yaris,Toyota Yaris 1.5 107cv Xls Cvt Sedan,2023,Capital Federal - Capital Federal,59700.0,18943.661971830985
Toyota Yaris,Toyota Yaris 1.5 107cv S Cvt,2019,Capital Federal - Capital Federal,63000.0,20422.535211267605
Toyota Yaris,Toyota Yaris 1.5 107cv Xs Cvt,2026,Capital Federal - Capital Federal,0.0,24143.661971830985
Toyota Yaris,Toyota Yaris 1.5 107cv Xs Cvt,2026,Capital Federal - Capital Federal,0.0,24143.661971830985
Toyota Yaris,Toyota Yaris 1.5 107cv Xs Cvt,2026,Capital Federal - Capital Federal,0.0,23239.3661971831
Toyota Yaris,Toyota Yaris 1.5 107cv Xs Cvt,2026,Capital Federal - Capital Federal,0.0,24143.661971830985
Toyota Yaris,Toyota Yaris 1.5 107cv Xs Cvt,2026,Capital Federal - Capital Federal,0.0,25000.0
Toyota Yaris,Toyota Yaris 1.5 107cv Xls Pack Cvt,2025,San Miguel - Bs.As. G.B.A. Norte,15000.0,23802.816901408452
Toyota Yaris,Toyota Yaris 1.5 107cv Xs,2023,Capital Federal - Capital Federal,1100.0,20900.0
Toyota Yaris,Toyota Yaris 1.5 107cv Xls,2022,Moreno - Bs.As. G.B.A. Oeste,0.0,24000.0
Toyota Yaris,Toyota Yaris 1.5 107cv Xls Cvt,2022,General San Martín - Bs.As. G.B.A. Norte,50000.0,19500.0
Toyota Yaris,Toyota Yaris 1.5 107cv S Cvt,2022,Zárate - Buenos Aires Interior,40000.0,20774.647887323943
Toyota Yaris,Toyota Yaris 1.5 107cv S Cvt,2019,Capital Federal - Capital Federal,37400.0,19929.577464788734
Toyota Yaris,Toyota Yaris 1.5 S Cvt,2022,Malvinas Argentinas - Bs.As. G.B.A. Norte,36666.0,21711.267605633802
Toyota Yaris,Toyota Yaris 1.5 107cv S Cvt,2025,Castelar - Bs.As. G.B.A. Oeste,8500.0,25000.0
Toyota Yaris,Toyota Yaris 1.5 107cv S Cvt,2019,Capital Federal - Capital Federal,90000.0,18000.0
Toyota Yaris,Toyota Yaris 1.5 107cv S Cvt,2024,Morón - Bs.As. G.B.A. Oeste,31000.0,23000.0
Toyota Yaris,Toyota Yaris 1.5 107cv Xls,2019,Avellaneda - Bs.As. G.B.A. Sur,54500.0,16800.0
Toyota Yaris,Toyota Yaris 1.5 107cv S Cvt,2025,Capital Federal - Capital Federal,0.0,29788.732394366198
Toyota Yaris,Toyota Yaris 1.5 107cv S Cvt,2026,Almirante Brown - Bs.As. G.B.A. Sur,0.0,28842.25352112676
Toyota Yaris,Toyota Yaris 1.5 107cv Xls Pack,2022,La Matanza - Bs.As. G.B.A. Oeste,95000.0,19500.0
Toyota Yaris,Toyota Yaris 1.5 107cv S Cvt,2020,Capital Federal - Capital Federal,118000.0,18169.014084507042
Toyota Yaris,Toyota Yaris 1.5 107cv Xls Cvt,2022,San Isidro - Bs.As. G.B.A. Norte,13000.0,21478.87323943662
Toyota Yaris,Toyota Yaris S 1.5 Cvt,2018,La Matanza - Bs.As. G.B.A. Oeste,48000.0,19500.0
Toyota Yaris,Toyota Yaris 1.5 107cv Xls Sedan,2019,Moreno - Bs.As. G.B.A. Oeste,80700.0,14014.084507042253
Toyota Yaris,Toyota Yaris 1.5 107cv Xls Pack Cvt Sedan,2019,Capital Federal - Capital Federal,64741.0,16947.485915492958
Toyota Yaris,Toyota Yaris 1.5 107cv S Cvt,2026,Vicente López - Bs.As. G.B.A. Norte,0.0,28842.25352112676
Toyota Yaris,Toyota Yaris 1.5 107cv Xls,2021,Malvinas Argentinas - Bs.As. G.B.A. Norte,50000.0,18500.0
Toyota Yaris,Toyota Yaris 1.5 107cv Xls,2021,Lanús - Bs.As. G.B.A. Sur,80000.0,16901.408450704224
Toyota Yaris,Toyota Yaris 1.5 107cv Xls,2025,San Isidro - Bs.As. G.B.A. Norte,1000.0,22885.915492957745
Toyota Yaris,Toyota Yaris 1.5 107cv S,2019,Berazategui - Bs.As. G.B.A. Sur,113000.0,18000.0
Toyota Yaris,Toyota Yaris 1.5 107cv Xls Cvt Sedan,2021,Morón - Bs.As. G.B.A. Oeste,100000.0,17605.6338028169
Toyota Yaris,Toyota Yaris 1.5 107cv Xls Cvt,2024,Capital Federal - Capital Federal,9000.0,23873.23943661972
Toyota Yaris,Toyota Yaris 1.5 107cv Xs Sedan,2024,Malvinas Argentinas - Bs.As. G.B.A. Norte,29200.0,18802.816901408452
Toyota Yaris,Toyota Yaris 1.5 107cv Xs Sedan,2025,Tres De Febrero - Bs.As. G.B.A. Oeste,6000.0,21126.76056338028
Toyota Yaris,Toyota Yaris 1.5 107cv Xs Sedan,2019,San Isidro - Bs.As. G.B.A. Norte,72000.0,15140.845070422536
Toyota Yaris,Toyota Yaris 1.5 107cv Xls Cvt,2026,Lanús - Bs.As. G.B.A. Sur,0.0,26819.718309859156
Toyota Yaris,Toyota Yaris 1.5 107cv Xls Sedan,2021,Capital Federal - Capital Federal,72000.0,18000.0
Toyota Yaris,Toyota Yaris 1.5 107cv Xs Cvt,2025,La Plata - Bs.As. G.B.A. Sur,11111.0,22535.211267605635
Toyota Yaris,Toyota Yaris 1.5 107cv S Cvt,2026,Capital Federal - Capital Federal,0.0,27816.901408450703
Toyota Yaris,Toyota Yaris 1.5 107cv Xls Cvt,2022,Castelar - Bs.As. G.B.A. Oeste,59200.0,20900.0
Toyota Yaris,Toyota Yaris 1.5 Xs Cvt,2025,Tigre - Bs.As. G.B.A. Norte,8533.0,23528.169014084506
Toyota Yaris,Toyota Yaris 1.5 Xs Cvt,2025,Capital Federal - Capital Federal,9465.0,23014.084507042255
Toyota Yaris,Toyota Yaris 1.5 107cv Xs Cvt,2025,Almirante Brown - Bs.As. G.B.A. Sur,9900.0,22464.788732394365
Toyota Yaris,Toyota Yaris 1.5 107cv Xs Cvt,2025,Almirante Brown - Bs.As. G.B.A. Sur,11000.0,22183.098591549297
Toyota Yaris,Toyota Yaris 1.5 107cv Xls Pack Cvt,2023,La Matanza - Bs.As. G.B.A. Oeste,500.0,25999.0
Toyota Yaris,Toyota Yaris 1.5 107cv Xs Cvt,2025,Hurlingham - Bs.As. G.B.A. Oeste,18300.0,21126.76056338028
Toyota Yaris,Toyota Yaris 1.5 107cv Xs Cvt,2024,Almirante Brown - Bs.As. G.B.A. Sur,36000.0,21126.76056338028
Toyota Yaris,Toyota Yaris 1.5 107cv Xls Pack Cvt,2020,Capital Federal - Capital Federal,59600.0,19718.309859154928
Toyota Yaris,Toyota Yaris 1.5 107cv S Cvt,2019,La Matanza - Bs.As. G.B.A. Oeste,65000.0,19718.309859154928
Toyota Yaris,Toyota Yaris 1.5 107cv Xls Cvt,2021,Capital Federal - Capital Federal,117500.0,16500.0
Toyota Yaris,Toyota Yaris 1.5 107cv Xls Pack,2022,Tigre - Bs.As. G.B.A. Norte,39000.0,19647.88732394366
Toyota Yaris,Toyota Yaris 1.5 107cv Xls Pack Cvt Sedan,2020,Vicente López - Bs.As. G.B.A. Norte,55000.0,19718.309859154928
Toyota Yaris,Toyota Yaris 1.5 107cv Xs Cvt,2025,Tigre - Bs.As. G.B.A. Norte,10000.0,22464.788732394365
Toyota Yaris,Toyota Yaris 1.5 107cv Cvt,2017,Lomas De Zamora - Bs.As. G.B.A. Sur,42000.0,16126.760563380281
Toyota Yaris,Toyota Yaris 1.5 107cv S Cvt,2022,La Plata - Bs.As. G.B.A. Sur,75000.0,20500.0
Toyota Yaris,Toyota Yaris 1.5 107cv Xs Cvt,2026,Ezeiza - Bs.As. G.B.A. Sur,0.0,24143.661971830985
Toyota Yaris,Toyota Yaris 1.5 107cv Xs Cvt,2025,Hurlingham - Bs.As. G.B.A. Oeste,10000.0,20774.647887323943
Toyota Yaris,Toyota Yaris 1.5 107cv Xs Cvt,2025,Capital Federal - Capital Federal,26500.0,21350.0
Toyota Yaris,Toyota Yaris 1.5 107cv S Cvt,2021,Capital Federal - Capital Federal,92000.0,18300.0
Toyota Yaris,Toyota Yaris 1.5 107cv Xs Cvt,2025,San Isidro - Bs.As. G.B.A. Norte,0.0,24143.661971830985
Toyota Yaris,Toyota Yaris 1.5 107cv S Cvt,2023,Capital Federal - Capital Federal,15000.0,22183.097887323944
Toyota Yaris,Toyota Yaris 1.5 107cv Xls Cvt Sedan,2023,Capital Federal - Capital Federal,60000.0,18309.859154929578
Toyota Yaris,Toyota Yaris 1.5 107cv Xls Sedan,2019,Vicente López - Bs.As. G.B.A. Norte,126000.0,15140.845070422536
Toyota Yaris,Toyota Yaris 1.5 Xls + Cvt,2025,Capital Federal - Capital Federal,12082.0,24507.042253521126
Toyota Yaris,Toyota Yaris 1.5 107cv Xls Cvt,2025,Campana - Buenos Aires Interior,8300.0,25704.225352112677
Toyota Yaris,Toyota Yaris 1.5 107cv S Cvt,2025,Capital Federal - Capital Federal,0.0,29500.0
Toyota Yaris,Toyota Yaris 1.5 107cv S,2019,Mercedes - Buenos Aires Interior,75525.0,18661.971830985916
Toyota Yaris,Toyota Yaris 1.5 107cv Xls Cvt Sedan,2024,Tres De Febrero - Bs.As. G.B.A. Oeste,17709.0,21830.985915492958
Toyota Yaris,Toyota Yaris 1.5 107cv Xs Cvt,2026,San Isidro - Bs.As. G.B.A. Norte,1000.0,24000.0
Chevrolet Onix Plus,Chevrolet Onix Plus 1.0 Lt,2025,Tigre - Bs.As. G.B.A. Norte,700.0,18943.661971830985
Chevrolet Onix Plus,Chevrolet Onix Plus 1.0 Turbo Premier At,2026,,0.0,26459.084507042255
Chevrolet Onix Plus,Chevrolet Onix Plus 1.0 Lt,2025,Capital Federal - Capital Federal,0.0,17985.914788732396
Chevrolet Onix Plus,Chevrolet Onix Plus 1.0 Lt,2026,Capital Federal - Capital Federal,0.0,18352.11267605634
Chevrolet Onix Plus,Chevrolet Onix Plus 1.0 Turbo Premier At,2025,Capital Federal - Capital Federal,0.0,21446.478169014084
Chevrolet Onix Plus,Chevrolet Onix Plus 1.0 Turbo Premier At,2022,Capital Federal - Capital Federal,125101.0,15133.802816901409
Chevrolet Onix Plus,Chevrolet Onix Plus 1.0 Turbo Premier At,2026,Quilmes - Bs.As. G.B.A. Sur,0.0,22490.221830985916
Chevrolet Onix Plus,Chevrolet Onix Plus 1.0 Turbo Premier Mt,2020,Capital Federal - Capital Federal,82000.0,13732.394366197183
Chevrolet Onix Plus,Chevrolet Onix Plus 1.0 Lt,2026,Capital Federal - Capital Federal,0.0,16211.267605633802
Chevrolet Onix Plus,Chevrolet Onix Plus 1.2,2024,Capital Federal - Capital Federal,11925.0,14014.084507042253
Chevrolet Onix Plus,Chevrolet Onix Plus 1.2 Lt,2021,Capital Federal - Capital Federal,99177.0,11964.788732394367
Chevrolet Onix Plus,Chevrolet Onix Plus 1.0 Lt,2025,Capital Federal - Capital Federal,0.0,17605.563380281692
Chevrolet Onix Plus,Chevrolet Onix Plus 1.4 Black Edition,2022,Capital Federal - Capital Federal,103222.0,11619.718309859154
Chevrolet Onix Plus,Chevrolet Onix Plus 1.0 Turbo Premier At,2026,Capital Federal - Capital Federal,0.0,21056.267605633802
Chevrolet Onix Plus,Chevrolet Onix Plus 1.0 Lt,2026,Capital Federal - Capital Federal,0.0,18169.014084507042
Chevrolet Onix Plus,Chevrolet Onix Plus 1.0 Turbo Ltz At,2026,Capital Federal - Capital Federal,0.0,20422.535211267605
Chevrolet Onix Plus,Chevrolet Onix Plus 1.0 Turbo Premier At,2025,Capital Federal - Capital Federal,2500.0,21056.338028169015
Chevrolet Onix Plus,Chevrolet Onix Plus 1.2 Lt Tech Onstar,2020,Capital Federal - Capital Federal,43000.0,14788.732394366198
Chevrolet Onix Plus,Chevrolet Onix Plus 1.2 Lt,2020,Capital Federal - Capital Federal,104272.0,11760.56338028169
Chevrolet Onix Plus,Chevrolet Onix Plus 1.4 Black Edition,2020,Capital Federal - Capital Federal,259250.0,9500.0
Chevrolet Onix Plus,Chevrolet Onix Plus 1.0 Lt,2026,Campana - Buenos Aires Interior,0.0,18309.084507042255
Chevrolet Onix Plus,Chevrolet Onix Plus 1.4 Black Edition,2021,Cañuelas - Buenos Aires Interior,86000.0,12323.94366197183
Chevrolet Onix Plus,Chevrolet Onix Plus 1.0 Turbo Premier At,2023,General San Martín - Bs.As. G.B.A. Norte,29000.0,17957.74647887324
Chevrolet Onix Plus,Chevrolet Onix Plus 1.0 Turbo Ltz At,2025,San Isidro - Bs.As. G.B.A. Norte,35000.0,17183.098591549297
Chevrolet Onix Plus,Chevrolet Onix Plus 1.0 Lt,2024,Capital Federal - Capital Federal,9000.0,17535.211267605635
Chevrolet Onix Plus,Chevrolet Onix Plus 1.0 Turbo Ltz At,2026,Tigre - Bs.As. G.B.A. Norte,0.0,20422.535211267605
Chevrolet Onix Plus,Chevrolet Onix Plus 1.0 Turbo Premier At,2025,Capital Federal - Capital Federal,1000.0,19647.88732394366
Chevrolet Onix Plus,Chevrolet Onix Plus 1.0 Turbo Ltz Mt,2023,Tigre - Bs.As. G.B.A. Norte,68000.0,13723.94366197183
Chevrolet Onix Plus,Chevrolet Onix Plus 1.0 Lt,2026,Tigre - Bs.As. G.B.A. Norte,0.0,18309.858450704225
Chevrolet Onix Plus,Chevrolet Onix Plus 1.0 Turbo Premier At,2026,Castelar - Bs.As. G.B.A. Oeste,0.0,22490.221830985916
Chevrolet Onix Plus,Chevrolet Onix Plus 1.0 Turbo Premier At,2026,Capital Federal - Capital Federal,0.0,22105.6338028169
Chevrolet Onix Plus,Chevrolet Onix Plus 1.0 Lt,2026,Capital Federal - Capital Federal,0.0,19968.528169014084
Chevrolet Onix Plus,Chevrolet Onix Plus 1.0 Lt,2026,Vicente López - Bs.As. G.B.A. Norte,0.0,19968.528169014084
Chevrolet Onix Plus,Chevrolet Onix Plus 1.0 Lt,2026,La Matanza - Bs.As. G.B.A. Oeste,0.0,19968.528169014084
Chevrolet Onix Plus,Chevrolet Onix Plus 1.0 Lt,2026,Capital Federal - Capital Federal,0.0,19968.528169014084
Chevrolet Onix Plus,Chevrolet Onix Plus 1.0 Lt,2026,Capital Federal - Capital Federal,0.0,19968.528169014084
Chevrolet Onix Plus,Chevrolet Onix Plus 1.0 Lt,2026,Capital Federal - Capital Federal,0.0,19968.528169014084
Chevrolet Onix Plus,Chevrolet Onix Plus 1.0 Lt,2026,Hurlingham - Bs.As. G.B.A. Oeste,0.0,19968.528169014084
Chevrolet Onix Plus,Chevrolet Onix Plus 1.0 Lt,2026,La Plata - Bs.As. G.B.A. Sur,0.0,19968.528169014084
Chevrolet Onix Plus,Chevrolet Onix Plus 1.0 Lt,2026,Capital Federal - Capital Federal,0.0,19968.528169014084
Chevrolet Onix Plus,Chevrolet Onix Plus 1.0 Lt,2026,Castelar - Bs.As. G.B.A. Oeste,0.0,19968.528169014084
Chevrolet Onix Plus,Chevrolet Onix Plus 1.0 Lt,2026,Capital Federal - Capital Federal,0.0,19968.528169014084
Chevrolet Onix Plus,Chevrolet Onix Plus 1.0 Lt,2026,Capital Federal - Capital Federal,0.0,19968.528169014084
Chevrolet Onix Plus,Chevrolet Onix Plus 1.0 Lt,2026,Capital Federal - Capital Federal,0.0,19968.528169014084
Chevrolet Onix Plus,Chevrolet Onix Plus 1.0 Lt,2026,Capital Federal - Capital Federal,0.0,19968.528169014084
Chevrolet Onix Plus,Chevrolet Onix Plus 1.0 Lt,2026,Ezeiza - Bs.As. G.B.A. Sur,0.0,19968.528169014084
Chevrolet Onix Plus,Chevrolet Onix Plus 1.0 Lt,2026,La Matanza - Bs.As. G.B.A. Oeste,0.0,19968.528169014084
Chevrolet Onix Plus,Chevrolet Onix Plus 1.0 Lt,2026,Capital Federal - Capital Federal,0.0,19968.528169014084
Chevrolet Onix Plus,Chevrolet Onix Plus 1.0 Lt,2026,Capital Federal - Capital Federal,0.0,19968.528169014084
Chevrolet Onix Plus,Chevrolet Onix Plus 1.0 Lt,2026,Capital Federal - Capital Federal,0.0,17746.478873239437
Chevrolet Onix Plus,Chevrolet Onix Plus 1.0 Lt,2026,Escobar - Bs.As. G.B.A. Norte,0.0,18309.147887323943
Chevrolet Onix Plus,Chevrolet Onix Plus 1.0 Lt,2026,Capital Federal - Capital Federal,0.0,17605.563380281692
Chevrolet Onix Plus,Chevrolet Onix Plus 1.0 Turbo Ltz At,2026,Capital Federal - Capital Federal,0.0,22479.681690140846
Chevrolet Onix Plus,Chevrolet Onix Plus 1.0 Turbo Ltz At,2026,Capital Federal - Capital Federal,0.0,22479.681690140846
Chevrolet Onix Plus,Chevrolet Onix Plus 1.0 Turbo Ltz At,2026,Capital Federal - Capital Federal,0.0,22479.681690140846
Chevrolet Onix Plus,Chevrolet Onix Plus 1.0 Turbo Ltz At,2026,Almirante Brown - Bs.As. G.B.A. Sur,0.0,22479.681690140846
Chevrolet Onix Plus,Chevrolet Onix Plus 1.0 Turbo Ltz At,2026,La Matanza - Bs.As. G.B.A. Oeste,0.0,22479.681690140846
Chevrolet Onix Plus,Chevrolet Onix Plus 1.0 Turbo Ltz At,2026,Capital Federal - Capital Federal,0.0,22479.681690140846
Chevrolet Onix Plus,Chevrolet Onix Plus 1.0 Turbo Ltz At,2026,Capital Federal - Capital Federal,0.0,22479.681690140846
Chevrolet Onix Plus,Chevrolet Onix Plus 1.0 Turbo Ltz At,2026,Capital Federal - Capital Federal,0.0,22479.681690140846
Chevrolet Onix Plus,Chevrolet Onix Plus 1.0 Turbo Ltz At,2026,Capital Federal - Capital Federal,0.0,22479.681690140846
Chevrolet Onix Plus,Chevrolet Onix Plus 1.0 Turbo Ltz At,2026,Capital Federal - Capital Federal,0.0,22479.681690140846
Chevrolet Onix Plus,Chevrolet Onix Plus 1.0 Turbo Ltz At,2026,Vicente López - Bs.As. G.B.A. Norte,0.0,22479.681690140846
Chevrolet Onix Plus,Chevrolet Onix Plus 1.0 Turbo Ltz At,2026,Capital Federal - Capital Federal,0.0,22479.681690140846
Chevrolet Onix Plus,Chevrolet Onix Plus 1.0 Turbo Ltz At,2026,Capital Federal - Capital Federal,0.0,20422.53450704225
Chevrolet Onix Plus,Chevrolet Onix Plus 1.2 Lt,2020,Lanús - Bs.As. G.B.A. Sur,57000.0,12676.05633802817
Chevrolet Onix Plus,Chevrolet Onix Plus 1.0 Turbo Premier At,2022,Tigre - Bs.As. G.B.A. Norte,55000.0,16188.732394366198
Chevrolet Onix Plus,Chevrolet Onix Plus 1.0 Lt,2025,Escobar - Bs.As. G.B.A. Norte,12200.0,19366.197183098593
Chevrolet Onix Plus,Chevrolet Onix Plus 1.0 Turbo Premier At,2026,Capital Federal - Capital Federal,0.0,22490.221830985916
Chevrolet Onix Plus,Chevrolet Onix Plus 1.0 Turbo Premier At,2026,Capital Federal - Capital Federal,0.0,22490.221830985916
Chevrolet Onix Plus,Chevrolet Onix Plus 1.0 Turbo Premier At,2026,Capital Federal - Capital Federal,0.0,22490.221830985916
Chevrolet Onix Plus,Chevrolet Onix Plus 1.0 Turbo Premier At,2026,Capital Federal - Capital Federal,0.0,22490.221830985916
Chevrolet Onix Plus,Chevrolet Onix Plus 1.0 Turbo Premier At,2026,Capital Federal - Capital Federal,0.0,22490.221830985916
Chevrolet Onix Plus,Chevrolet Onix Plus 1.0 Turbo Premier At,2026,Capital Federal - Capital Federal,0.0,22490.221830985916
Chevrolet Onix Plus,Chevrolet Onix Plus 1.0 Turbo Premier At,2026,Capital Federal - Capital Federal,0.0,21338.028169014084
Chevrolet Onix Plus,Chevrolet Onix Plus 1.0 Turbo Premier At,2026,Malvinas Argentinas - Bs.As. G.B.A. Norte,0.0,21760.49295774648
Chevrolet Onix Plus,Chevrolet Onix Plus 1.0 Turbo Premier At,2026,Tigre - Bs.As. G.B.A. Norte,0.0,21760.563380281692
Chevrolet Onix Plus,Chevrolet Onix Plus 1.2 Lt,2020,Lanús - Bs.As. G.B.A. Sur,33000.0,12323.94366197183
Chevrolet Onix Plus,Chevrolet Onix Plus 1.0 Turbo Premier Mt,2020,Merlo - Bs.As. G.B.A. Oeste,23200.0,15800.0
Chevrolet Onix Plus,Chevrolet Onix Plus 1.0 Lt,2026,Tres De Febrero - Bs.As. G.B.A. Oeste,0.0,17887.323943661973
Chevrolet Onix Plus,Chevrolet Onix Plus 1.0 Turbo Premier At,2026,Capital Federal - Capital Federal,0.0,21830.98661971831
Chevrolet Onix Plus,Chevrolet Onix Plus 1.0 Turbo Ltz At,2026,La Matanza - Bs.As. G.B.A. Oeste,0.0,22479.681690140846
Chevrolet Onix Plus,Chevrolet Onix Plus 1.0 Turbo Premier At,2021,La Plata - Bs.As. G.B.A. Sur,80000.0,14788.732394366198
Chevrolet Onix Plus,Chevrolet Onix Plus 1.0 Turbo Premier At,2020,La Matanza - Bs.As. G.B.A. Oeste,31000.0,16760.563380281692
Chevrolet Onix Plus,Chevrolet Onix Plus 1.2 Lt,2021,Lanús - Bs.As. G.B.A. Sur,41773.0,14788.732394366198
Chevrolet Onix Plus,Chevrolet Onix Plus 1.2 Lt,2023,Pilar - Bs.As. G.B.A. Norte,66000.0,13169.014084507042
Chevrolet Onix Plus,Chevrolet Onix Plus 1.0 Turbo Premier Mt,2020,La Matanza - Bs.As. G.B.A. Oeste,45000.0,15140.845070422536
Chevrolet Onix Plus,Chevrolet Onix Plus 1.4 Black Edition,2020,Escobar - Bs.As. G.B.A. Norte,78238.0,13028.169014084508
Chevrolet Onix Plus,Chevrolet Onix Plus 1.0 Turbo Premier At,2020,Quilmes - Bs.As. G.B.A. Sur,100000.0,14436.61971830986
Chevrolet Onix Plus,Chevrolet Onix Plus 1.0 Turbo Premier At,2020,Capital Federal - Capital Federal,77000.0,14718.30985915493
Chevrolet Onix Plus,Chevrolet Onix Plus 1.2,2023,Lanús - Bs.As. G.B.A. Sur,95500.0,14788.732394366198
Chevrolet Onix Plus,Chevrolet Onix Plus 1.2 Lt,2020,Luján - Buenos Aires Interior,112300.0,10563.38028169014
Chevrolet Onix Plus,Chevrolet Onix Plus 1.0 Lt,2026,Capital Federal - Capital Federal,0.0,17887.323943661973
Chevrolet Onix Plus,Chevrolet Onix Plus 1.0 Lt,2026,Capital Federal - Capital Federal,0.0,17887.323943661973
Chevrolet Onix Plus,Chevrolet Onix Plus 1.2 Lt Tech Onstar,2020,Pilar - Bs.As. G.B.A. Norte,113000.0,10915.492957746479
Chevrolet Onix Plus,Chevrolet Onix Plus 1.0 Lt,2024,Capital Federal - Capital Federal,9000.0,17535.211267605635
Chevrolet Onix Plus,Chevrolet Onix Plus 1.2 Lt,2020,La Matanza - Bs.As. G.B.A. Oeste,108000.0,11619.718309859154
Chevrolet Onix Plus,Chevrolet Onix Plus 1.0 Turbo Ltz At,2026,Capital Federal - Capital Federal,0.0,19859.084507042255
Chevrolet Onix Plus,Chevrolet Onix Plus 1.2,2021,Capital Federal - Capital Federal,36000.0,13028.169014084508
Chevrolet Onix Plus,Chevrolet Onix Plus 1.0 Lt,2025,Hurlingham - Bs.As. G.B.A. Oeste,10000.0,17605.6338028169
Chevrolet Onix Plus,Chevrolet Onix Plus 1.0 Turbo Premier At,2026,Capital Federal - Capital Federal,0.0,21549.295774647886
Chevrolet Onix Plus,Chevrolet Onix Plus 1.0 Turbo Premier At,2026,Capital Federal - Capital Federal,0.0,21549.295774647886
Chevrolet Onix Plus,Chevrolet Onix Plus 1.0 Turbo Premier At,2026,Tres De Febrero - Bs.As. G.B.A. Oeste,0.0,21549.295774647886
Chevrolet Onix Plus,Chevrolet Onix Plus 1.0 Turbo Premier At,2026,Capital Federal - Capital Federal,0.0,22183.098591549297
Chevrolet Onix Plus,Chevrolet Onix Plus 1.4 Base,2021,La Matanza - Bs.As. G.B.A. Oeste,67130.0,13732.394366197183
Chevrolet Onix Plus,Chevrolet Onix Plus 1.0 Lt,2025,Capital Federal - Capital Federal,0.0,17669.014084507042
Chevrolet Onix Plus,Chevrolet Onix Plus 1.2,2020,Berazategui - Bs.As. G.B.A. Sur,72000.0,12605.633802816901
Chevrolet Onix Plus,Chevrolet Onix Plus 1.0 Turbo Premier At,2020,Tigre - Bs.As. G.B.A. Norte,36000.0,16830.985915492958
Chevrolet Onix Plus,Chevrolet Onix Plus 1.0 Turbo Premier At,2025,Pilar - Buenos Aires Interior,0.0,23574.2338028169
Chevrolet Onix Plus,Chevrolet Onix Plus 1.2 Lt,2021,Capital Federal - Capital Federal,58600.0,12950.704225352112
Chevrolet Onix Plus,Chevrolet Onix Plus 1.2 Lt,2021,Avellaneda - Bs.As. G.B.A. Sur,110000.0,15492.957746478873
Chevrolet Onix Plus,Chevrolet Onix Plus 1.2 Lt Tech Onstar,2020,Capital Federal - Capital Federal,35000.0,13521.12676056338
Chevrolet Onix Plus,Chevrolet Onix Plus 1.0 Turbo Premier At,2021,La Plata - Bs.As. G.B.A. Sur,78000.0,15140.845070422536
Chevrolet Onix Plus,Chevrolet Onix Plus 1.2 Lt Tech Onstar,2021,San Miguel - Bs.As. G.B.A. Norte,84000.0,12323.94366197183
Chevrolet Onix Plus,Chevrolet Onix Plus 1.0 Turbo Premier At,2023,Capital Federal - Capital Federal,21000.0,19964.788732394365
Chevrolet Onix Plus,Chevrolet Onix Plus 1.0 Turbo Ltz At,2026,Lanús - Bs.As. G.B.A. Sur,0.0,21408.450704225354
Chevrolet Onix Plus,Chevrolet Onix Plus 1.0 Turbo Lt,2026,Capital Federal - Capital Federal,0.0,17887.323943661973
Chevrolet Onix Plus,Chevrolet Onix Plus 1.0 Turbo Ltz At,2025,Capital Federal - Capital Federal,24880.0,19000.0
Chevrolet Onix Plus,Chevrolet Onix Plus 1.0 Turbo Ltz At,2025,Capital Federal - Capital Federal,24880.0,19014.084507042255
Chevrolet Onix Plus,Chevrolet Onix Plus 1.2,2023,Escobar - Bs.As. G.B.A. Norte,74019.0,16000.0
Chevrolet Onix Plus,Chevrolet Onix Plus 1.2 Mt,2020,Capital Federal - Capital Federal,93000.0,11971.830985915492
Chevrolet Onix Plus,Chevrolet Onix Plus 1.0 Turbo Premier At,2020,Capital Federal - Capital Federal,92635.0,14718.30985915493
Chevrolet Onix Plus,Chevrolet Onix Plus 1.0 Lt,2026,Capital Federal - Capital Federal,0.0,17887.323943661973
Chevrolet Onix Plus,Chevrolet Onix Plus 1.0 Lt,2026,Capital Federal - Capital Federal,0.0,17887.323943661973
Chevrolet Onix Plus,Chevrolet Onix Plus 1.0 Lt,2026,La Plata - Bs.As. G.B.A. Sur,0.0,18647.04014084507
Chevrolet Onix Plus,Chevrolet Onix Plus 1.2 Lt,2020,Campana - Buenos Aires Interior,83000.0,13732.394366197183
Chevrolet Onix Plus,Chevrolet Onix Plus 1.0 Turbo Premier At,2026,Capital Federal - Capital Federal,0.0,21549.295774647886
Chevrolet Onix Plus,Chevrolet Onix Plus 1.0 Turbo Premier At,2026,Capital Federal - Capital Federal,0.0,22728.87323943662
Chevrolet Onix Plus,Chevrolet Onix Plus 1.0 Turbo Premier At,2026,Capital Federal - Capital Federal,0.0,20650.0
Chevrolet Onix Plus,Chevrolet Onix Plus 1.0 Turbo Premier Mt,2020,Lanús - Bs.As. G.B.A. Sur,49000.0,15492.957746478873
Chevrolet Onix Plus,Chevrolet Onix Plus 1.2,2024,Castelar - Bs.As. G.B.A. Oeste,22000.0,14500.0
Chevrolet Onix Plus,Chevrolet Onix Plus 1.4 Black Edition,2023,Malvinas Argentinas - Bs.As. G.B.A. Norte,28000.0,14788.732394366198
Chevrolet Onix Plus,Chevrolet Onix Plus 1.0 Turbo Premier At,2024,Capital Federal - Capital Federal,2500.0,21760.563380281692
Chevrolet Onix Plus,Chevrolet Onix Plus 1.4 Joy,2020,Lanús - Bs.As. G.B.A. Sur,72000.0,11971.830985915492
Chevrolet Onix Plus,Chevrolet Onix Plus 1.2 Lt,2020,Esteban Echeverría - Bs.As. G.B.A. Sur,34000.0,14084.507042253521
Chevrolet Onix Plus,Chevrolet Onix Plus 1.0 Turbo Premier At,2021,Capital Federal - Capital Federal,68710.0,15140.845070422536
Chevrolet Onix Plus,Chevrolet Onix Plus 1.0 Turbo Premier At,2020,Capital Federal - Capital Federal,70000.0,13908.450704225352
Chevrolet Onix Plus,Chevrolet Onix Plus 1.4 Joy,2020,Capital Federal - Capital Federal,12000.0,14900.0
Chevrolet Onix Plus,Chevrolet Onix Plus 1.0 Turbo Premier At,2020,Morón - Bs.As. G.B.A. Oeste,53000.0,15422.535211267606
Chevrolet Onix Plus,Chevrolet Onix Plus 1.4 Black Edition,2021,Avellaneda - Bs.As. G.B.A. Sur,38000.0,13021.12676056338
Chevrolet Onix Plus,Chevrolet Onix Plus 1.2 Lt Tech Onstar,2023,Caseros - Bs.As. G.B.A. Oeste,74000.0,15000.0
Chevrolet Onix Plus,Chevrolet Onix Plus 1.0 Turbo Ltz At,2022,Vicente López - Bs.As. G.B.A. Norte,51000.0,18999.0
Chevrolet Onix Plus,Chevrolet Onix Plus 1.2 Lt,2023,Capital Federal - Capital Federal,22000.0,16725.352112676057
Chevrolet Onix Plus,Chevrolet Onix Plus 1.4 Black Edition,2020,Mar Del Plata - Bs.As. Costa Atlántica,71000.0,11971.830985915492
Chevrolet Onix Plus,Chevrolet Onix Plus 1.0 Turbo Premier At,2025,Córdoba - Córdoba,0.0,23239.436619718308
Chevrolet Onix Plus,Chevrolet Onix Plus 1.2 Lt,2020,Maracó - La Pampa,81000.0,11267.605633802817
Chevrolet Onix Plus,Chevrolet Onix Plus Onix Plus 1.0t At Ltz,2025,Bariloche - Río Negro,29048.0,18485.915492957745
Chevrolet Onix Plus,Chevrolet Onix Plus 1.2 Lt Tech,2020,Pinamar - Província De Buenos Aires,87415.0,13732.394366197183
Chevrolet Onix Plus,Chevrolet Onix Plus 1.0 Turbo Ltz At,2026,San Bernardo - Bs.As. Costa Atlántica,0.0,22479.681690140846
Chevrolet Onix Plus,Chevrolet Onix Plus 1.0 Lt,2026,Córdoba - Córdoba,0.0,19366.197183098593
Chevrolet Onix Plus,Chevrolet Onix Plus 1.2 Lt,2023,Mar Del Plata - Bs.As. Costa Atlántica,60000.0,14014.084507042253
Chevrolet Onix Plus,Chevrolet Onix Plus 1.2 Lt,2020,25 De Mayo - Buenos Aires Interior,90000.0,13098.591549295774
Chevrolet Onix Plus,Chevrolet Onix Plus 1.2 Lt Tech Onstar,2020,San Miguel De Tucumán - Tucumán,111000.0,13028.169014084508
Chevrolet Onix Plus,Chevrolet Onix Plus 1.0 Lt,2026,Mar Del Plata - Bs.As. Costa Atlántica,0.0,19968.528169014084
Chevrolet Onix Plus,Chevrolet Onix Plus 1.2 Ls,2020,Córdoba - Córdoba,81000.0,12604.929577464789
Chevrolet Onix Plus,Chevrolet Onix Plus 1.0 Turbo Premier At,2026,Córdoba - Córdoba,0.0,23098.591549295776
Chevrolet Onix Plus,Chevrolet Onix Plus 1.2 Lt Tech Onstar,2020,Paraná - Entre Ríos,112000.0,13380.281690140846
Chevrolet Onix Plus,Chevrolet Onix Plus 1.0 Turbo Premier At,2026,Córdoba - Córdoba,0.0,24647.88732394366
Chevrolet Onix Plus,Chevrolet Onix Plus 1.2 Lt Tech,2021,Mar Del Plata - Bs.As. Costa Atlántica,45000.0,14900.0
Chevrolet Onix Plus,Chevrolet Onix Plus 1.2 Lt Tech Onstar,2020,Córdoba - Córdoba,170000.0,12323.94366197183
Chevrolet Onix Plus,Chevrolet Onix Plus 1.2 Lt Tech,2020,Paraná - Entre Ríos,108392.0,13028.169014084508
Chevrolet Onix Plus,Chevrolet Onix Plus 1.0 Turbo Ltz At,2023,Tapalqué - Buenos Aires Interior,25000.0,17429.577464788734
Chevrolet Onix Plus,Chevrolet Onix Plus 1.2 Lt Tech,2020,Santo Tomé - Santa Fe,75000.0,13028.169014084508
Chevrolet Onix Plus,Chevrolet Onix Plus 1.0 Lt,2026,Azul - Buenos Aires Interior,0.0,19968.528169014084
Chevrolet Onix Plus,Chevrolet Onix Plus 1.0 Lt,2026,Las Toninas - Bs.As. Costa Atlántica,0.0,19968.528169014084
Chevrolet Onix Plus,Chevrolet Onix Plus 1.0 Lt,2026,Ayacucho - Buenos Aires Interior,0.0,19968.528169014084
Chevrolet Onix Plus,Chevrolet Onix Plus 1.0 Lt,2026,Concordia - Entre Ríos,0.0,18732.394366197183
Chevrolet Onix Plus,Chevrolet Onix Plus 1.0 Turbo Ltz At,2026,Olavarría - Buenos Aires Interior,0.0,22479.681690140846
Chevrolet Onix Plus,Chevrolet Onix Plus 1.0 Turbo Ltz At,2026,Concordia - Entre Ríos,0.0,20915.49295774648
Chevrolet Onix Plus,Chevrolet Onix Plus 1.0 Turbo Premier Mt,2020,Oncativo - Córdoba,80000.0,13732.394366197183
Chevrolet Onix Plus,Chevrolet Onix Plus 1.0 Turbo Premier At,2026,Rauch - Buenos Aires Interior,0.0,22490.221830985916
Chevrolet Onix Plus,Chevrolet Onix Plus 1.0 Turbo Premier At,2026,Las Toninas - Bs.As. Costa Atlántica,0.0,22490.221830985916
Chevrolet Onix Plus,Chevrolet Onix Plus 1.4 Black Edition,2023,Punilla - Córdoba,45000.0,13309.859154929578
Chevrolet Onix Plus,Chevrolet Onix Plus 1.0 Turbo Ltz Mt,2024,Concordia - Entre Ríos,114925.0,17183.098591549297
Chevrolet Onix Plus,Chevrolet Onix Plus 1.0 Turbo Premier I Mt,2020,Córdoba - Córdoba,106600.0,13028.169014084508
Chevrolet Onix Plus,Chevrolet Onix Plus 1.2 Lt Tech,2023,Córdoba - Córdoba,78000.0,16197.18309859155
Chevrolet Onix Plus,Chevrolet Onix Plus 1.2 Lt Tech Onstar,2020,Paraná - Entre Ríos,112000.0,13380.281690140846
Chevrolet Onix Plus,Chevrolet Onix Plus 1.0 Turbo Premier At,2024,Concordia - Entre Ríos,33000.0,18350.0
Chevrolet Onix Plus,Chevrolet Onix Plus 1.0 Turbo Premier At,2026,Concordia - Entre Ríos,0.0,22253.521126760563
Chevrolet Onix Plus,Chevrolet Onix Plus 1.4 Black Edition,2023,Cruz Del Eje - Córdoba,35000.0,13732.394366197183
Chevrolet Prisma,Chevrolet Prisma 1.4 Ltz At 98cv,2016,Lomas De Zamora - Bs.As. G.B.A. Sur,88000.0,10563.38028169014
Chevrolet Prisma,Chevrolet Prisma 1.4 Joy Ls 98cv,2018,San Isidro - Bs.As. G.B.A. Norte,90000.0,9150.0
Chevrolet Prisma,Chevrolet Prisma 1.4 Joy Ls 98cv,2018,Capital Federal - Capital Federal,214000.0,8450.704225352112
Chevrolet Prisma,Chevrolet Prisma 1.4 Joy Ls 98cv,2018,Capital Federal - Capital Federal,125000.0,8802.81690140845
Chevrolet Prisma,Chevrolet Prisma 1.4 Ltz 98cv,2018,Morón - Bs.As. G.B.A. Oeste,160000.0,11800.0
Chevrolet Prisma,Chevrolet Prisma 1.4 Ltz 98cv,2015,Capital Federal - Capital Federal,148000.0,9084.507042253521
Chevrolet Prisma,Chevrolet Prisma 1.4 Joy Ls 98cv,2017,Capital Federal - Capital Federal,114000.0,10070.422535211268
Chevrolet Prisma,Chevrolet Prisma 1.4 Lt 98cv,2019,Lomas De Zamora - Bs.As. G.B.A. Sur,85000.0,11830.985915492958
Chevrolet Prisma,Chevrolet Prisma 1.4 Ltz 98cv,2017,Capital Federal - Capital Federal,112000.0,10633.802816901409
Chevrolet Prisma,Chevrolet Prisma 1.4 Lt 98cv,2019,Hurlingham - Bs.As. G.B.A. Oeste,95127.0,11126.760563380281
Chevrolet Prisma,Chevrolet Prisma 1.4 Ltz 98cv,2013,Lanús - Bs.As. G.B.A. Sur,125000.0,9084.507042253521
Chevrolet Prisma,Chevrolet Prisma 1.4 Lt 98cv,2020,Capital Federal - Capital Federal,144000.0,11500.0
Chevrolet Prisma,Chevrolet Prisma 1.4 Ls,2019,Capital Federal - Capital Federal,135000.0,9450.704225352112
Chevrolet Prisma,Chevrolet Prisma 1.4 Lt 98cv,2016,Capital Federal - Capital Federal,270000.0,7218.30985915493
Chevrolet Prisma,Chevrolet Prisma 1.4 Ltz 98cv,2018,Almirante Brown - Bs.As. G.B.A. Sur,97000.0,11800.0
Chevrolet Prisma,Chevrolet Prisma 1.4 Joy Ls 98cv,2020,Capital Federal - Capital Federal,105000.0,10211.267605633802
Chevrolet Prisma,Chevrolet Prisma 1.4 Joy Ls 98cv,2017,Tigre - Bs.As. G.B.A. Norte,75000.0,9990.0
Chevrolet Prisma,Chevrolet Prisma 1.4 Lt 98cv,2018,Avellaneda - Bs.As. G.B.A. Sur,120000.0,11267.605633802817
Chevrolet Prisma,Chevrolet Prisma 1.4 Lt 98cv,2015,Capital Federal - Capital Federal,125000.0,7746.478873239436
Chevrolet Prisma,Chevrolet Prisma 1.4 Ltz 98cv,2016,Capital Federal - Capital Federal,96000.0,10915.492957746479
Chevrolet Prisma,Chevrolet Prisma 1.4 Joy Ls 98cv,2018,La Matanza - Bs.As. G.B.A. Oeste,71000.0,9859.154929577464
Chevrolet Prisma,Chevrolet Prisma 1.4 Joy Ls 98cv,2018,Capital Federal - Capital Federal,166000.0,11197.18309859155
Chevrolet Prisma,Chevrolet Prisma 1.4 Joy Ls,2019,General San Martín - Bs.As. G.B.A. Norte,95000.0,10915.492957746479
Chevrolet Prisma,Chevrolet Prisma 1.4 Lt 98cv,2018,Cañuelas - Buenos Aires Interior,117000.0,12323.942957746478
Chevrolet Prisma,Chevrolet Prisma 1.4 Lt 98cv,2015,Capital Federal - Capital Federal,147000.0,7669.014084507042
Chevrolet Prisma,Chevrolet Prisma 1.4 Lt 98cv,2013,Escobar - Bs.As. G.B.A. Norte,128000.0,7746.478873239436
Chevrolet Prisma,Chevrolet Prisma 1.4 Ltz 98cv,2015,La Matanza - Bs.As. G.B.A. Oeste,98000.0,9859.154929577464
Chevrolet Prisma,Chevrolet Prisma 1.4 Ltz 98cv,2017,Morón - Bs.As. G.B.A. Oeste,92305.0,12700.0
Chevrolet Prisma,Chevrolet Prisma 1.4 Joy Ls 98cv,2018,Quilmes - Bs.As. G.B.A. Sur,120400.0,11188.732394366198
Chevrolet Prisma,Chevrolet Prisma 1.4 Ls+,2017,Tigre - Bs.As. G.B.A. Norte,64451.0,10781.69014084507
Chevrolet Prisma,Chevrolet Prisma 1.4 Lt 98cv,2017,Moreno - Bs.As. G.B.A. Oeste,156200.0,9708.35
Chevrolet Prisma,Chevrolet Prisma 1.4 Lt 98cv,2013,Capital Federal - Capital Federal,83000.0,7957.7464788732395
Chevrolet Prisma,Chevrolet Prisma 1.4 Joy Ls 98cv,2016,Tres De Febrero - Bs.As. G.B.A. Oeste,89000.0,9084.507042253521
Chevrolet Prisma,Chevrolet Prisma 1.4 Lt 98cv,2016,La Plata - Bs.As. G.B.A. Sur,179000.0,9507.042253521127
Chevrolet Prisma,Chevrolet Prisma 1.4 Ltz 98cv,2017,San Isidro - Bs.As. G.B.A. Norte,118451.0,10563.38028169014
Chevrolet Prisma,Chevrolet Prisma 1.4 Lt 98cv,2018,La Matanza - Bs.As. G.B.A. Oeste,80000.0,10211.267605633802
Chevrolet Prisma,Chevrolet Prisma 1.4 Lt 98cv,2019,Hurlingham - Bs.As. G.B.A. Oeste,104000.0,12000.0
Chevrolet Prisma,Chevrolet Prisma 1.4 Lt 98cv,2019,Hurlingham - Bs.As. G.B.A. Oeste,95000.0,11830.985915492958
Chevrolet Prisma,Chevrolet Prisma 1.4 Ls+,2017,Malvinas Argentinas - Bs.As. G.B.A. Norte,47154.0,10267.605633802817
Chevrolet Prisma,Chevrolet Prisma 1.4 Joy Ls,2019,Berazategui - Bs.As. G.B.A. Sur,88000.0,11500.0
Chevrolet Prisma,Chevrolet Prisma 1.4 Joy Ls 98cv,2018,Tres De Febrero - Bs.As. G.B.A. Oeste,113000.0,9084.507042253521
Chevrolet Prisma,Chevrolet Prisma 1.4 Ltz At 98cv,2014,Capital Federal - Capital Federal,113000.0,9154.929577464789
Chevrolet Prisma,Chevrolet Prisma 1.4 Lt 98cv,2016,Tigre - Bs.As. G.B.A. Norte,216000.0,9154.929577464789
Chevrolet Prisma,Chevrolet Prisma 1.4 Lt 98cv,2018,Capital Federal - Capital Federal,76000.0,12323.94366197183
Chevrolet Prisma,Chevrolet Prisma 1.4 Lt 98cv,2017,Capital Federal - Capital Federal,170000.0,9859.154929577464
Chevrolet Prisma,Chevrolet Prisma 1.4 Lt 98cv,2020,Capital Federal - Capital Federal,146000.0,11900.0
Chevrolet Prisma,Chevrolet Prisma 1.4 Ltz 98cv,2014,Capital Federal - Capital Federal,119000.0,8450.704225352112
Chevrolet Prisma,Chevrolet Prisma 1.4 Joy Ls,2020,General Rodríguez - Bs.As. G.B.A. Oeste,70000.0,14500.0
Chevrolet Prisma,Chevrolet Prisma 1.4 Ltz 98cv,2014,Capital Federal - Capital Federal,175000.0,8802.81690140845
Chevrolet Prisma,Chevrolet Prisma 1.4 Joy Ls 98cv,2018,Capital Federal - Capital Federal,130000.0,7605.633802816901
Chevrolet Prisma,Chevrolet Prisma 1.4 Ltz At 98cv,2018,Ituzaingó - Bs.As. G.B.A. Oeste,138737.0,12500.0
Chevrolet Prisma,Chevrolet Prisma 1.4 Lt 98cv,2017,Capital Federal - Capital Federal,88400.0,11056.338028169013
Chevrolet Prisma,Chevrolet Prisma 1.4 Lt 98cv,2016,La Plata - Bs.As. G.B.A. Sur,135000.0,9507.042253521127
Chevrolet Prisma,Chevrolet Prisma 1.4 Ltz 98cv,2018,Capital Federal - Capital Federal,74826.0,12605.633802816901
Chevrolet Prisma,Chevrolet Prisma 1.4 Ltz At 98cv,2018,Pilar - Bs.As. G.B.A. Norte,97000.0,10211.267605633802
Chevrolet Prisma,Chevrolet Prisma 1.4 Ltz At 98cv,2018,Tigre - Bs.As. G.B.A. Norte,101000.0,11795.774647887323
Chevrolet Prisma,Chevrolet Prisma 1.4 Ltz At 98cv,2017,La Matanza - Bs.As. G.B.A. Oeste,110000.0,10422.535211267606
Chevrolet Prisma,Chevrolet Prisma 1.4 Joy Ls 98cv,2018,Capital Federal - Capital Federal,225000.0,7253.521126760564
Chevrolet Prisma,Chevrolet Prisma 1.4 Lt 98cv,2016,La Matanza - Bs.As. G.B.A. Oeste,110000.0,8802.81690140845
Chevrolet Prisma,Chevrolet Prisma 1.4 Joy Ls 98cv,2017,Capital Federal - Capital Federal,97000.0,10915.492957746479
Chevrolet Prisma,Chevrolet Prisma 1.4 Lt 98cv,2016,Capital Federal - Capital Federal,221000.0,6971.830985915493
Chevrolet Prisma,Chevrolet Prisma 1.4 Lt 98cv,2018,La Matanza - Bs.As. G.B.A. Oeste,144000.0,10845.070422535211
Chevrolet Prisma,Chevrolet Prisma 1.4 Joy Ls 98cv,2018,Tigre - Bs.As. G.B.A. Norte,252000.0,9000.0
Chevrolet Prisma,Chevrolet Prisma 1.4 Joy Ls 98cv,2018,Quilmes - Bs.As. G.B.A. Sur,144000.0,9852.112676056338
Chevrolet Prisma,Chevrolet Prisma 1.4 Ltz 98cv,2018,Capital Federal - Capital Federal,90000.0,10140.845070422536
Chevrolet Prisma,Chevrolet Prisma 1.4 N Lt,2019,San Fernando - Bs.As. G.B.A. Norte,74000.0,12000.0
Chevrolet Prisma,Chevrolet Prisma 1.4 Ltz 98cv,2018,Lomas De Zamora - Bs.As. G.B.A. Sur,100000.0,11619.718309859154
Chevrolet Prisma,Chevrolet Prisma 1.4 Ltz 98cv,2015,Capital Federal - Capital Federal,136500.0,12676.05633802817
Chevrolet Prisma,Chevrolet Prisma 1.4 Ltz 98cv,2014,Capital Federal - Capital Federal,177000.0,8380.281690140846
Chevrolet Prisma,Chevrolet Prisma 1.4 Joy Ls,2019,Capital Federal - Capital Federal,96000.0,11971.830985915492
Chevrolet Prisma,Chevrolet Prisma 1.4 Joy Ls,2019,La Plata - Bs.As. G.B.A. Sur,136000.0,11000.0
Chevrolet Prisma,Chevrolet Prisma 1.4 Joy Ls,2019,La Plata - Bs.As. G.B.A. Sur,60000.0,11795.774647887323
Chevrolet Prisma,Chevrolet Prisma 1.4 Joy Ls,2019,Pilar - Bs.As. G.B.A. Norte,80000.0,13000.0
Chevrolet Prisma,Chevrolet Prisma 1.4 Joy Ls,2019,Escobar - Bs.As. G.B.A. Norte,138000.0,13200.0
Chevrolet Prisma,Chevrolet Prisma 1.4 Joy Ls,2019,Capital Federal - Capital Federal,96000.0,12676.05633802817
Chevrolet Prisma,Chevrolet Prisma 1.4 Joy Ls 98cv,2018,Avellaneda - Bs.As. G.B.A. Sur,92000.0,10915.492957746479
Chevrolet Prisma,Chevrolet Prisma 1.4 Ltz 98cv,2013,Capital Federal - Capital Federal,105000.0,9852.112676056338
Chevrolet Prisma,Chevrolet Prisma 1.4 Ltz 98cv,2018,Morón - Bs.As. G.B.A. Oeste,125000.0,11830.985915492958
Chevrolet Prisma,Chevrolet Prisma 1.4 Ltz At 98cv,2016,La Matanza - Bs.As. G.B.A. Oeste,136000.0,10211.267605633802
Chevrolet Prisma,Chevrolet Prisma 1.4 Lt 98cv,2021,Capital Federal - Capital Federal,87000.0,11971.830985915492
Chevrolet Prisma,Chevrolet Prisma 1.4 Ltz 98cv,2017,Avellaneda - Bs.As. G.B.A. Sur,86000.0,10800.0
Chevrolet Prisma,Chevrolet Prisma 1.4 Ltz At 98cv,2017,Capital Federal - Capital Federal,160106.0,9788.732394366198
Chevrolet Prisma,Chevrolet Prisma 1.4 Ltz At 98cv,2014,Avellaneda - Bs.As. G.B.A. Sur,110000.0,9507.042253521127
Chevrolet Prisma,Chevrolet Prisma 1.4 Lt 98cv,2015,Pilar - Bs.As. G.B.A. Norte,114000.0,9154.929577464789
Chevrolet Prisma,Chevrolet Prisma 1.4 Ltz 98cv,2016,Lomas De Zamora - Bs.As. G.B.A. Sur,123000.0,9500.0
Chevrolet Prisma,Chevrolet Prisma 1.4 Joy Ls,2019,Tigre - Bs.As. G.B.A. Norte,136000.0,11500.0
Chevrolet Prisma,Chevrolet Prisma 1.4 Ltz 98cv,2015,La Matanza - Bs.As. G.B.A. Oeste,98000.0,9859.154929577464
Chevrolet Prisma,Chevrolet Prisma 1.4 Lt 98cv,2019,Berazategui - Bs.As. G.B.A. Sur,90000.0,11901.408450704226
Chevrolet Prisma,Chevrolet Prisma 1.4 Lt 98cv,2015,Moreno - Bs.As. G.B.A. Oeste,1111.0,10422.535211267606
Chevrolet Prisma,Chevrolet Prisma 1.4 Joy Ls 98cv,2017,Capital Federal - Capital Federal,83500.0,8802.81690140845
Chevrolet Prisma,Chevrolet Prisma 1.4 Ltz At 98cv,2018,General San Martín - Bs.As. G.B.A. Norte,94500.0,10457.74647887324
Chevrolet Prisma,Chevrolet Prisma 1.4 Ltz 98cv,2016,La Matanza - Bs.As. G.B.A. Oeste,148000.0,10492.957746478873
Chevrolet Prisma,Chevrolet Prisma 1.4 Ltz 98cv,2016,La Plata - Bs.As. G.B.A. Sur,115000.0,10211.267605633802
Chevrolet Prisma,Chevrolet Prisma 1.4 Ltz 98cv,2016,Avellaneda - Bs.As. G.B.A. Sur,97000.0,10492.957746478873
Chevrolet Prisma,Chevrolet Prisma 1.4 Ltz 98cv,2016,Capital Federal - Capital Federal,193000.0,9507.042253521127
Chevrolet Prisma,Chevrolet Prisma 1.4 Ls Joy L16,2018,Malvinas Argentinas - Bs.As. G.B.A. Norte,44891.0,9859.154929577464
Chevrolet Prisma,Chevrolet Prisma 1.4 Joy Ls 98cv,2018,La Matanza - Bs.As. G.B.A. Oeste,71000.0,9859.154929577464
Chevrolet Prisma,Chevrolet Prisma 1.4 Joy Ls 98cv,2018,Quilmes - Bs.As. G.B.A. Sur,163900.0,6887.3239436619715
Chevrolet Prisma,Chevrolet Prisma 1.4 Joy Ls 98cv,2018,Capital Federal - Capital Federal,164000.0,9507.042253521127
Chevrolet Prisma,Chevrolet Prisma 1.4 Joy Ls 98cv,2018,Ituzaingó - Bs.As. G.B.A. Oeste,82000.0,11619.718309859154
Chevrolet Prisma,Chevrolet Prisma 1.4 Joy Ls 98cv,2018,Quilmes - Bs.As. G.B.A. Sur,106000.0,9929.577464788732
Chevrolet Prisma,Chevrolet Prisma 1.4 Ltz 98cv,2014,La Matanza - Bs.As. G.B.A. Oeste,140000.0,9507.042253521127
Chevrolet Prisma,Chevrolet Prisma 1.4 Ltz 98cv,2017,Capital Federal - Capital Federal,82000.0,11619.718309859154
Chevrolet Prisma,Chevrolet Prisma 1.4 Ltz 98cv,2017,Capital Federal - Capital Federal,100500.0,11619.718309859154
Chevrolet Prisma,Chevrolet Prisma 1.4 Lt 92cv,2011,Capital Federal - Capital Federal,150000.0,4929.577464788732
Chevrolet Prisma,Chevrolet Prisma 1.4 Ltz 98cv,2017,La Matanza - Bs.As. G.B.A. Oeste,115000.0,9154.929577464789
Chevrolet Prisma,Chevrolet Prisma 1.4 Joy Ls 98cv,2017,Malvinas Argentinas - Bs.As. G.B.A. Norte,105000.0,10422.535211267606
Chevrolet Prisma,Chevrolet Prisma 1.4 Ltz At 98cv,2016,Capital Federal - Capital Federal,88000.0,10915.492957746479
Chevrolet Prisma,Chevrolet Prisma 1.4 Ltz 98cv,2018,General Rodríguez - Bs.As. G.B.A. Oeste,100000.0,13000.0
Chevrolet Prisma,Chevrolet Prisma 1.4 Joy Ls 98cv,2018,Escobar - Bs.As. G.B.A. Norte,120780.0,11760.56338028169
Chevrolet Prisma,Chevrolet Prisma 1.4 Joy Ls 98cv,2018,Pilar - Bs.As. G.B.A. Norte,110000.0,9366.197183098591
Chevrolet Prisma,Chevrolet Prisma 1.4 Joy Ls 98cv,2018,San Fernando - Bs.As. G.B.A. Norte,104000.0,9788.732394366198
Chevrolet Prisma,Chevrolet Prisma 1.4 Ltz 98cv,2016,Capital Federal - Capital Federal,114000.0,10211.267605633802
Chevrolet Prisma,Chevrolet Prisma 1.4 Ltz 98cv,2015,Morón - Bs.As. G.B.A. Oeste,159000.0,9800.0
Chevrolet Prisma,Chevrolet Prisma 1.4 Ltz 98cv,2015,Lomas De Zamora - Bs.As. G.B.A. Sur,155000.0,10352.112676056338
Chevrolet Prisma,Chevrolet Prisma 1.4 Ltz 98cv,2015,San Miguel - Bs.As. G.B.A. Norte,114000.0,11267.605633802817
Chevrolet Prisma,Chevrolet Prisma 1.4 Lt 98cv,2017,San Miguel - Bs.As. G.B.A. Norte,124000.0,9577.464788732394
Chevrolet Prisma,Chevrolet Prisma 1.4 Ltz 98cv,2018,Capital Federal - Capital Federal,77000.0,11338.028169014084
Chevrolet Prisma,Chevrolet Prisma 1.4 Ltz 98cv,2020,Capital Federal - Capital Federal,96800.0,13200.0
Chevrolet Prisma,Chevrolet Prisma 1.4 Ltz 98cv,2016,Escobar - Bs.As. G.B.A. Norte,243000.0,11500.0
Chevrolet Prisma,Chevrolet Prisma 1.4 Joy Ls 98cv,2017,Capital Federal - Capital Federal,124916.0,9900.0
Chevrolet Prisma,Chevrolet Prisma 1.4 Joy Ls 98cv,2017,Caseros - Bs.As. G.B.A. Oeste,132000.0,10563.38028169014
Chevrolet Prisma,Chevrolet Prisma 1.4 Joy Ls 98cv,2017,Capital Federal - Capital Federal,110000.0,10915.492957746479
Chevrolet Prisma,Chevrolet Prisma 1.4 Joy Ls 98cv,2017,Cañuelas - Buenos Aires Interior,116000.0,10563.379577464788
Chevrolet Prisma,Chevrolet Prisma 1.4 Joy Ls 98cv,2017,Avellaneda - Bs.As. G.B.A. Sur,74500.0,8799.295774647888
Chevrolet Prisma,Chevrolet Prisma 1.4 Joy Ls 98cv,2017,General San Martín - Bs.As. G.B.A. Norte,110000.0,9859.154929577464
Chevrolet Prisma,Chevrolet Prisma 1.4 Joy Ls+,2017,La Plata - Bs.As. G.B.A. Sur,132000.0,8802.81690140845
Chevrolet Prisma,Chevrolet Prisma 1.4 Joy Ls 98cv,2017,Capital Federal - Capital Federal,165000.0,9084.507042253521
Chevrolet Prisma,Chevrolet Prisma 1.4 Joy Ls 98cv,2017,Avellaneda - Bs.As. G.B.A. Sur,116000.0,8802.81690140845
Chevrolet Prisma,Chevrolet Prisma 1.4 Joy Ls 98cv,2018,Tigre - Bs.As. G.B.A. Norte,252000.0,9000.0
Chevrolet Prisma,Chevrolet Prisma 1.4 Joy Ls 98cv,2018,Lomas De Zamora - Bs.As. G.B.A. Sur,125000.0,9718.30985915493
Chevrolet Prisma,Chevrolet Prisma 1.4 Ltz 98cv,2018,Hurlingham - Bs.As. G.B.A. Oeste,106000.0,11619.718309859154
Chevrolet Prisma,Chevrolet Prisma 1.4 Lt 98cv,2014,Capital Federal - Capital Federal,111600.0,9507.042253521127
Chevrolet Prisma,Chevrolet Prisma 1.4 Lt 98cv,2018,Lanús - Bs.As. G.B.A. Sur,80000.0,11964.788732394367
Chevrolet Prisma,Chevrolet Prisma 1.4 Ls 92cv,2013,San Isidro - Bs.As. G.B.A. Norte,105000.0,8450.704225352112
Chevrolet Prisma,Chevrolet Prisma 1.4 Ltz At 98cv,2015,Moreno - Bs.As. G.B.A. Oeste,58000.0,11197.18309859155
Chevrolet Prisma,Chevrolet Prisma 1.4 Ltz 98cv,2015,Del Viso - Bs.As. G.B.A. Norte,117295.0,11000.0
Chevrolet Prisma,Chevrolet Prisma 1.4 Lt 98cv,2017,Capital Federal - Capital Federal,130000.0,8098.591549295775
Chevrolet Prisma,Chevrolet Prisma 1.4 Ltz 98cv,2017,La Matanza - Bs.As. G.B.A. Oeste,115000.0,9154.929577464789
Chevrolet Prisma,Chevrolet Prisma 1.4 Joy Ls 98cv,2018,San Fernando - Bs.As. G.B.A. Norte,104000.0,9788.732394366198
Chevrolet Prisma,Chevrolet Prisma 1.4 Joy Ls,2019,Capital Federal - Capital Federal,96000.0,12200.0
Chevrolet Prisma,Chevrolet Prisma 1.4 Ltz At 98cv,2016,Capital Federal - Capital Federal,150000.0,8900.0
Chevrolet Prisma,Chevrolet Prisma 1.4 Joy Ls 98cv,2017,Quilmes - Bs.As. G.B.A. Sur,100000.0,9859.154929577464
Chevrolet Prisma,Chevrolet Prisma 1.4 Joy Ls 98cv,2017,Vicente López - Bs.As. G.B.A. Norte,128000.0,8943.661971830987
Chevrolet Prisma,Chevrolet Prisma 1.4 Lt 98cv,2016,Avellaneda - Bs.As. G.B.A. Sur,121000.0,9507.042253521127
Chevrolet Prisma,Chevrolet Prisma 1.4 Lt 98cv,2018,Capital Federal - Capital Federal,95000.0,10915.492957746479
Chevrolet Prisma,Chevrolet Prisma 1.4 Joy Ls 98cv,2018,Ituzaingó - Bs.As. G.B.A. Oeste,82000.0,11619.718309859154
Chevrolet Prisma,Chevrolet Prisma 1.4 Lt 98cv,2017,Moreno - Bs.As. G.B.A. Oeste,111111.0,6971.830985915493
Chevrolet Prisma,Chevrolet Prisma 1.4 Ls 92cv,2012,Florencio Varela - Bs.As. G.B.A. Sur,170000.0,8098.591549295775
Chevrolet Prisma,Chevrolet Prisma 1.4 Joy Ls 98cv,2017,Pilar - Bs.As. G.B.A. Norte,120334.0,9507.042253521127
Chevrolet Prisma,Chevrolet Prisma 1.4 Ltz 98cv,2018,Berazategui - Bs.As. G.B.A. Sur,144000.0,10563.38028169014
Chevrolet Prisma,Chevrolet Prisma 1.4 Joy Ls 98cv,2018,Lanús - Bs.As. G.B.A. Sur,66000.0,10915.492957746479
Chevrolet Prisma,Chevrolet Prisma 1.4 Ltz 98cv,2016,San Isidro - Bs.As. G.B.A. Norte,100000.0,10492.957746478873
Chevrolet Prisma,Chevrolet Prisma 1.4 Joy Ls,2019,Capital Federal - Capital Federal,165000.0,8098.591549295775
Chevrolet Prisma,Chevrolet Prisma 1.4 Joy Ls,2019,Quilmes - Bs.As. G.B.A. Sur,64000.0,14900.0
Chevrolet Prisma,Chevrolet Prisma 1.4 Lt 98cv,2019,Capital Federal - Capital Federal,110000.0,11901.408450704226
Chevrolet Prisma,Chevrolet Prisma 1.4 Ltz 98cv,2015,San Fernando - Bs.As. G.B.A. Norte,147000.0,9507.042253521127
Chevrolet Prisma,Chevrolet Prisma 1.4 Ltz 98cv,2019,Malvinas Argentinas - Bs.As. G.B.A. Norte,87000.0,12535.211267605633
Chevrolet Prisma,Chevrolet Prisma 1.4 Joy Ls,2019,Avellaneda - Bs.As. G.B.A. Sur,59400.0,12676.05633802817
Chevrolet Prisma,Chevrolet Prisma 1.4 Joy Ls 98cv,2018,Quilmes - Bs.As. G.B.A. Sur,55000.0,10774.647887323943
Chevrolet Prisma,Chevrolet Prisma 1.4 Lt 98cv,2018,Tigre - Bs.As. G.B.A. Norte,150000.0,10211.267605633802
Chevrolet Prisma,Chevrolet Prisma 1.4 Lt 98cv,2016,Capital Federal - Capital Federal,200000.0,7394.366197183099
Chevrolet Prisma,Chevrolet Prisma 1.4 Lt 98cv,2017,Capital Federal - Capital Federal,103683.0,9316.901408450703
Chevrolet Prisma,Chevrolet Prisma 1.4 Ltz 98cv,2017,Quilmes - Bs.As. G.B.A. Sur,110000.0,11126.760563380281
Chevrolet Prisma,Chevrolet Prisma 1.4 Lt 98cv,2016,Capital Federal - Capital Federal,88000.0,9788.732394366198
Chevrolet Prisma,Chevrolet Prisma 1.4 Lt 98cv,2017,La Plata - Bs.As. G.B.A. Sur,135000.0,9400.0
Chevrolet Prisma,Chevrolet Prisma 1.4 Joy Ls 98cv,2017,Capital Federal - Capital Federal,95000.0,10563.38028169014
Chevrolet Prisma,Chevrolet Prisma 1.4 Ltz 98cv,2015,Hurlingham - Bs.As. G.B.A. Oeste,126000.0,10211.267605633802
Chevrolet Prisma,Chevrolet Prisma 1.4 Joy Ls 98cv,2018,Almirante Brown - Bs.As. G.B.A. Sur,150000.0,9507.042253521127
Chevrolet Prisma,Chevrolet Prisma 1.4 Ltz 98cv,2016,General San Martín - Bs.As. G.B.A. Norte,136000.0,10211.267605633802
Chevrolet Prisma,Chevrolet Prisma 1.4 Ltz 98cv,2016,Vicente López - Bs.As. G.B.A. Norte,112000.0,10915.492957746479
Chevrolet Prisma,Chevrolet Prisma 1.4 Joy Ls 98cv,2018,La Matanza - Bs.As. G.B.A. Oeste,116000.0,9718.30985915493
Chevrolet Prisma,Chevrolet Prisma 1.4 Ltz At 98cv,2015,Avellaneda - Bs.As. G.B.A. Sur,98000.0,9084.507042253521
Chevrolet Prisma,Chevrolet Prisma 1.4 Joy Ls 98cv,2018,Lanús - Bs.As. G.B.A. Sur,157000.0,8802.81690140845
Chevrolet Prisma,Chevrolet Prisma 1.4 Ltz 98cv,2013,Tigre - Bs.As. G.B.A. Norte,138000.0,7676.056338028169
Chevrolet Prisma,Chevrolet Prisma 1.4 Joy Ls 98cv,2017,Quilmes - Bs.As. G.B.A. Sur,84200.0,10273.239436619719
Chevrolet Prisma,Chevrolet Prisma 1.4 Ltz At 98cv,2016,Lomas De Zamora - Bs.As. G.B.A. Sur,120000.0,9859.154929577464
Chevrolet Prisma,Chevrolet Prisma 1.4 Joy Ls 98cv,2017,Capital Federal - Capital Federal,54000.0,9859.154929577464
Chevrolet Prisma,Chevrolet Prisma 1.4 Ltz 98cv,2016,Lanús - Bs.As. G.B.A. Sur,72890.0,11500.0
Chevrolet Prisma,Chevrolet Prisma 1.4 Lt 98cv,2019,Ezeiza - Bs.As. G.B.A. Sur,216000.0,9859.154929577464
Chevrolet Prisma,Chevrolet Prisma 1.4 Lt 98cv,2019,Ezeiza - Bs.As. G.B.A. Sur,120000.0,10492.957746478873
Chevrolet Prisma,Chevrolet Prisma 1.4 Ls 92cv,2012,Lanús - Bs.As. G.B.A. Sur,156000.0,6901.408450704225
Chevrolet Prisma,Chevrolet Prisma 1.4 Lt 98cv,2017,La Matanza - Bs.As. G.B.A. Oeste,165000.0,8802.81690140845
Chevrolet Prisma,Chevrolet Prisma 1.4 Lt 98cv,2019,Pilar - Bs.As. G.B.A. Norte,85000.0,13500.0
Chevrolet Prisma,Chevrolet Prisma 1.4 Ltz 98cv,2019,Capital Federal - Capital Federal,113000.0,13800.0
Chevrolet Prisma,Chevrolet Prisma 1.4 Ltz 98cv,2013,Tres De Febrero - Bs.As. G.B.A. Oeste,95000.0,8450.704225352112
Chevrolet Prisma,Chevrolet Prisma 1.4 Ls+,2017,Capital Federal - Capital Federal,91088.0,9746.478873239437
Chevrolet Prisma,Chevrolet Prisma 1.4 Ltz 98cv,2016,Morón - Bs.As. G.B.A. Oeste,138539.0,11500.0
Chevrolet Prisma,Chevrolet Prisma 1.4 Lt 98cv,2019,Vicente López - Bs.As. G.B.A. Norte,45000.0,12000.0
Chevrolet Prisma,Chevrolet Prisma 1.4 Lt 92cv,2011,Capital Federal - Capital Federal,102000.0,7394.366197183099
Chevrolet Prisma,Chevrolet Prisma 1.4 Joy Ls 98cv,2018,Capital Federal - Capital Federal,127000.0,9084.507042253521
Chevrolet Prisma,Chevrolet Prisma 1.4 Joy Ls 98cv,2018,Capital Federal - Capital Federal,117000.0,9900.0
Chevrolet Prisma,Chevrolet Prisma 1.4 Ltz At 98cv,2018,Quilmes - Bs.As. G.B.A. Sur,98000.0,13028.169014084508
Chevrolet Prisma,Chevrolet Prisma 1.4 Lt 98cv,2017,Capital Federal - Capital Federal,115000.0,10211.267605633802
Chevrolet Prisma,Chevrolet Prisma 1.4 Lt 98cv,2016,Tigre - Bs.As. G.B.A. Norte,165000.0,8499.0
Chevrolet Prisma,Chevrolet Prisma 1.4 Ltz 98cv,2013,Quilmes - Bs.As. G.B.A. Sur,116300.0,9780.281690140846
Chevrolet Prisma,Chevrolet Prisma 1.4 Ltz 98cv,2013,Capital Federal - Capital Federal,113000.0,9014.084507042253
Chevrolet Prisma,Chevrolet Prisma 1.4 Ltz 98cv,2018,Morón - Bs.As. G.B.A. Oeste,73000.0,12500.0
Chevrolet Prisma,Chevrolet Prisma 1.4 Ltz 98cv,2018,Avellaneda - Bs.As. G.B.A. Sur,88000.0,12676.05633802817
Chevrolet Prisma,Chevrolet Prisma 1.4 Ls 92cv,2012,Capital Federal - Capital Federal,120000.0,3161.9718309859154
Chevrolet Prisma,Chevrolet Prisma 1.4 Lt 98cv,2017,Tres De Febrero - Bs.As. G.B.A. Oeste,120000.0,8802.81690140845
Chevrolet Prisma,Chevrolet Prisma 1.4 Ltz At 98cv,2020,Lomas De Zamora - Bs.As. G.B.A. Sur,61000.0,13732.394366197183
Chevrolet Prisma,Chevrolet Prisma 1.4 Lt 98cv,2017,San Miguel - Bs.As. G.B.A. Norte,120000.0,8802.81690140845
Chevrolet Prisma,Chevrolet Prisma 1.4 Lt 92cv,2012,Del Viso - Bs.As. G.B.A. Norte,11111.0,5633.802816901409
Chevrolet Prisma,Chevrolet Prisma 1.4 Lt 98cv,2017,Lanús - Bs.As. G.B.A. Sur,60000.0,11197.18309859155
Chevrolet Prisma,Chevrolet Prisma 1.4 Lt 98cv,2018,Lomas De Zamora - Bs.As. G.B.A. Sur,101000.0,9859.154929577464
Chevrolet Prisma,Chevrolet Prisma 1.4 Lt 98cv,2019,Vicente López - Bs.As. G.B.A. Norte,59700.0,11700.0
Chevrolet Prisma,Chevrolet Prisma 1.4 Lt 98cv,2019,La Matanza - Bs.As. G.B.A. Oeste,70000.0,11619.718309859154
Chevrolet Prisma,Chevrolet Prisma 1.4 Ltz At 98cv,2014,Morón - Bs.As. G.B.A. Oeste,178000.0,7746.478873239436
Chevrolet Prisma,Chevrolet Prisma 1.4 Lt 98cv,2018,Capital Federal - Capital Federal,42407.0,12400.0
Chevrolet Prisma,Chevrolet Prisma 1.4 Ltz 98cv,2016,Hurlingham - Bs.As. G.B.A. Oeste,130000.0,9859.154929577464
Chevrolet Prisma,Chevrolet Prisma 1.4 Lt 98cv,2015,Almirante Brown - Bs.As. G.B.A. Sur,180000.0,8098.591549295775
Chevrolet Prisma,Chevrolet Prisma 1.4 Ltz 98cv,2015,La Matanza - Bs.As. G.B.A. Oeste,98000.0,9859.154929577464
Chevrolet Prisma,Chevrolet Prisma 1.4 Ltz 98cv,2016,La Plata - Bs.As. G.B.A. Sur,115000.0,10500.0
Chevrolet Prisma,Chevrolet Prisma 1.4 Ltz 98cv,2015,Capital Federal - Capital Federal,115600.0,8380.281690140846
Chevrolet Prisma,Chevrolet Prisma 1.4 Lt 98cv,2015,General San Martín - Bs.As. G.B.A. Norte,122000.0,8661.971830985916
Chevrolet Prisma,Chevrolet Prisma 1.4 Ltz 98cv,2016,Capital Federal - Capital Federal,115000.0,9718.30985915493
Chevrolet Prisma,Chevrolet Prisma 1.4 Ltz 98cv,2016,Capital Federal - Capital Federal,130000.0,8098.591549295775
Chevrolet Prisma,Chevrolet Prisma 1.4 Lt 98cv,2016,Capital Federal - Capital Federal,285000.0,7600.0
Chevrolet Prisma,Chevrolet Prisma 1.4 Joy Ls 98cv,2017,La Matanza - Bs.As. G.B.A. Oeste,238000.0,9000.0
Chevrolet Prisma,Chevrolet Prisma 1.4 Lt 98cv,2016,Capital Federal - Capital Federal,133000.0,9507.042253521127
Chevrolet Prisma,Chevrolet Prisma Joy,2017,Capital Federal - Capital Federal,115000.0,10600.0
Chevrolet Prisma,Chevrolet Prisma 1.4 Lt 98cv,2020,Capital Federal - Capital Federal,122000.0,10774.647887323943
Chevrolet Prisma,Chevrolet Prisma 1.4 Joy Ls 98cv,2017,La Matanza - Bs.As. G.B.A. Oeste,215000.0,7746.478873239436
Chevrolet Prisma,Chevrolet Prisma 1.4 Joy Ls 98cv,2016,Merlo - Bs.As. G.B.A. Oeste,99600.0,9507.042253521127
Chevrolet Prisma,Chevrolet Prisma 1.4 Ltz At 98cv,2016,Capital Federal - Capital Federal,117000.0,10915.492957746479
Chevrolet Prisma,Chevrolet Prisma 1.4 Ltz At 98cv,2015,Hurlingham - Bs.As. G.B.A. Oeste,145000.0,7042.2535211267605
Chevrolet Prisma,Chevrolet Prisma 1.4 Ltz At 98cv,2016,San Miguel - Bs.As. G.B.A. Norte,120000.0,11197.18309859155
Chevrolet Prisma,Chevrolet Prisma 1.4 Lt 98cv,2019,Ezeiza - Bs.As. G.B.A. Sur,92000.0,10492.957746478873
Chevrolet Prisma,Chevrolet Prisma 1.4 Lt 92cv,2011,Moreno - Bs.As. G.B.A. Oeste,230000.0,5140.845070422535
Chevrolet Prisma,Chevrolet Prisma 1.4 Lt 98cv,2016,San Miguel - Bs.As. G.B.A. Norte,93000.0,7394.366197183099
Chevrolet Prisma,Chevrolet Prisma 1.4 Lt 98cv,2019,Capital Federal - Capital Federal,205000.0,9718.30985915493
Chevrolet Prisma,Chevrolet Prisma 1.4 Ltz At 98cv,2017,Moreno - Bs.As. G.B.A. Oeste,155000.0,12000.0
Chevrolet Prisma,Chevrolet Prisma 1.4 Ltz At 98cv,2015,San Miguel - Bs.As. G.B.A. Norte,115000.0,10211.267605633802
Chevrolet Prisma,Chevrolet Prisma 1.4 Ltz At 98cv,2019,Merlo - Bs.As. G.B.A. Oeste,68000.0,12323.239436619719
Chevrolet Prisma,Chevrolet Prisma 1.4 Joy Ls 98cv,2018,Capital Federal - Capital Federal,45000.0,11900.0
Chevrolet Prisma,Chevrolet Prisma 1.4 Ltz 98cv,2014,Capital Federal - Capital Federal,108000.0,9507.042253521127
Chevrolet Prisma,Chevrolet Prisma 1.4 Ltz 98cv,2017,Pilar - Bs.As. G.B.A. Norte,215000.0,10563.38028169014
Fiat Cronos,Fiat Cronos 1.3 Gse Precision Cvt,2026,Moreno - Bs.As. G.B.A. Oeste,0.0,22535.211267605635
Fiat Cronos,Fiat Cronos 1.3 Gse Precision Cvt,2026,Capital Federal - Capital Federal,0.0,20422.535211267605
Fiat Cronos,Fiat Cronos 1.3 Gse Like,2025,Capital Federal - Capital Federal,60000.0,15140.845070422536
Fiat Cronos,Fiat Cronos 1.3 Gse Drive Pack Plus,2025,Capital Federal - Capital Federal,0.0,19366.197183098593
Fiat Cronos,Fiat Cronos 1.3 Precision Cvt,2023,Lomas De Zamora - Bs.As. G.B.A. Sur,53600.0,16549.295774647886
Fiat Cronos,Fiat Cronos 1.3 Gse Drive Pack Plus,2026,Capital Federal - Capital Federal,0.0,21760.563380281692
Fiat Cronos,Fiat Cronos 1.3 Gse Drive,2020,Caseros - Bs.As. G.B.A. Oeste,45000.0,13943.661971830987
Fiat Cronos,Fiat Cronos 1.8 16v Precision Pack Premium,2025,Capital Federal - Capital Federal,0.0,9788.732394366198
Fiat Cronos,Fiat Cronos 1.8 16v Precision Pack Premium,2021,Capital Federal - Capital Federal,76000.0,13309.858450704225
Fiat Cronos,Fiat Cronos 1.8 16v Precision,2022,San Fernando - Bs.As. G.B.A. Norte,56390.0,13521.12676056338
Fiat Cronos,Fiat Cronos 1.3 Drive Mt,2022,General San Martín - Bs.As. G.B.A. Norte,135000.0,13732.394366197183
Fiat Cronos,Fiat Cronos 1.3 Gse Precision Cvt,2025,San Miguel - Bs.As. G.B.A. Norte,0.0,19647.88732394366
Fiat Cronos,Fiat Cronos 1.3 Gse Drive Pack Conectividad,2022,Florencio Varela - Bs.As. G.B.A. Sur,48000.0,12000.0
Fiat Cronos,Fiat Cronos 1.3 Gse Like,2026,Capital Federal - Capital Federal,0.0,15070.422535211268
Fiat Cronos,Fiat Cronos 1.3 Gse Stile Mt,2024,San Fernando - Bs.As. G.B.A. Norte,100000.0,15845.070422535211
Fiat Cronos,Fiat Cronos 1.3 Gse Drive Pack Plus Cvt,2025,Capital Federal - Capital Federal,0.0,20422.535211267605
Fiat Cronos,Fiat Cronos 1.3 Drive Mt,2027,Capital Federal - Capital Federal,0.0,10915.492957746479
Fiat Cronos,Fiat Cronos 1.3 Gse Drive Pack Plus,2025,Avellaneda - Bs.As. G.B.A. Sur,0.0,18943.661971830985
Fiat Cronos,Fiat Cronos 1.3 Gse Drive,2024,San Isidro - Bs.As. G.B.A. Norte,37000.0,14577.464788732394
Fiat Cronos,Fiat Cronos 1.3 Gse Like,2023,La Matanza - Bs.As. G.B.A. Oeste,0.0,13098.591549295774
Fiat Cronos,Fiat Cronos 1.3 Drive Mt,2027,San Isidro - Bs.As. G.B.A. Norte,0.0,10915.492957746479
Fiat Cronos,Fiat Cronos 1.3 Gse Precision Cvt,2026,Avellaneda - Bs.As. G.B.A. Sur,0.0,21549.295774647886
Fiat Cronos,Fiat Cronos 1.3 Gse Like,2027,Capital Federal - Capital Federal,0.0,14788.732394366198
Fiat Cronos,Fiat Cronos 1.3 Gse Drive Pack Plus,2027,Avellaneda - Bs.As. G.B.A. Sur,0.0,9859.154929577464
Fiat Cronos,Fiat Cronos 1.3 Drive Cvt,2022,Esteban Echeverría - Bs.As. G.B.A. Sur,39000.0,16300.0
Fiat Cronos,Fiat Cronos 1.3 Drive Mt,2021,Pilar - Bs.As. G.B.A. Norte,122000.0,12957.74647887324
Fiat Cronos,Fiat Cronos 1.3 Gse Like,2024,La Plata - Bs.As. G.B.A. Sur,25000.0,14900.0
Fiat Cronos,Fiat Cronos 1.3 Gse Like,2027,Capital Federal - Capital Federal,0.0,3521.1267605633802
Fiat Cronos,Fiat Cronos 1.3 Gse Like,2027,Capital Federal - Capital Federal,0.0,3521.1267605633802
Fiat Cronos,Fiat Cronos 1.3 Pack Plus Manual,2026,Avellaneda - Bs.As. G.B.A. Sur,0.0,20183.098591549297
Fiat Cronos,Fiat Cronos 1.3 Gse Drive Pack Plus,2026,Capital Federal - Capital Federal,0.0,18549.295774647886
Fiat Cronos,Fiat Cronos 1.3 Drive Low Attractive L21,2022,San Isidro - Bs.As. G.B.A. Norte,18780.0,15352.112676056338
Fiat Cronos,Fiat Cronos 1.3 Gse Like,2027,La Matanza - Bs.As. G.B.A. Oeste,0.0,3521.1267605633802
Fiat Cronos,Fiat Cronos 1.3 Gse Drive Pack Conectividad,2020,Beccar - Bs.As. G.B.A. Norte,18000.0,13999.0
Fiat Cronos,Fiat Cronos 1.3 Gse Drive Pack Plus,2024,Ituzaingó - Bs.As. G.B.A. Oeste,0.0,17605.6338028169
Fiat Cronos,Fiat Cronos 1.3 Stile Mt,2023,Capital Federal - Capital Federal,38900.0,16866.197183098593
Fiat Cronos,Fiat Cronos 1.8 16v Precision,2021,Avellaneda - Bs.As. G.B.A. Sur,42000.0,14014.084507042253
Fiat Cronos,Fiat Cronos 1.3 Gse Like,2027,Capital Federal - Capital Federal,0.0,3521.1267605633802
Fiat Cronos,Fiat Cronos 1.3 Gse Like,2025,San Miguel - Bs.As. G.B.A. Norte,0.0,18274.647887323943
Fiat Cronos,Fiat Cronos 1.3 Gse Drive Pack Conectividad,2027,Capital Federal - Capital Federal,0.0,9507.042253521127
Fiat Cronos,Fiat Cronos 1.3 Gse Drive Pack Conectividad,2021,Pilar - Bs.As. G.B.A. Norte,106000.0,12676.05633802817
Fiat Cronos,Fiat Cronos 1.3 Precision Cvt,2023,Capital Federal - Capital Federal,57000.0,15845.06971830986
Fiat Cronos,Fiat Cronos 1.3 Gse Like,2027,Capital Federal - Capital Federal,0.0,2640.845070422535
Fiat Cronos,Fiat Cronos 1.3 Gse Like,2027,Capital Federal - Capital Federal,0.0,2640.845070422535
Fiat Cronos,Fiat Cronos 1.3 Attractive Mt,2025,Capital Federal - Capital Federal,0.0,18946.478873239437
Fiat Cronos,Fiat Cronos 1.3 Gse Precision Cvt,2025,Capital Federal - Capital Federal,0.0,22464.788732394365
Fiat Cronos,Fiat Cronos 1.3 Gse Precision Cvt,2025,La Matanza - Bs.As. G.B.A. Oeste,0.0,22183.098591549297
Fiat Cronos,Fiat Cronos 1.3 Gse Precision Cvt,2025,25 De Mayo - Buenos Aires Interior,0.0,22263.38028169014
Fiat Cronos,Fiat Cronos 1.3 Gse Precision Cvt,2025,Mercedes - Buenos Aires Interior,0.0,22263.38028169014
Fiat Cronos,Fiat Cronos 1.3 Gse Drive,2021,Avellaneda - Bs.As. G.B.A. Sur,66000.0,12676.05633802817
Fiat Cronos,Fiat Cronos 1.3 Gse Like,2025,Capital Federal - Capital Federal,0.0,19014.084507042255
Fiat Cronos,Fiat Cronos 1.3 Gse Like,2025,Capital Federal - Capital Federal,0.0,20281.690140845072
Fiat Cronos,Fiat Cronos 1.3 Gse Like,2025,San Miguel - Bs.As. G.B.A. Norte,0.0,17592.281690140844
Fiat Cronos,Fiat Cronos 1.8 16v Precision,2022,Berazategui - Bs.As. G.B.A. Sur,49800.0,13380.281690140846
Fiat Cronos,Fiat Cronos 1.3 Gse Drive,2021,Capital Federal - Capital Federal,69000.0,13309.859154929578
Fiat Cronos,Fiat Cronos 1.3 Gse Drive,2018,Capital Federal - Capital Federal,198000.0,9154.929577464789
Fiat Cronos,Fiat Cronos 1.3 Gse Like,2027,Pilar - Bs.As. G.B.A. Norte,0.0,2640.845070422535
Fiat Cronos,Fiat Cronos 1.3 Pack Plus Manual,2026,Avellaneda - Bs.As. G.B.A. Sur,0.0,20595.070422535213
Fiat Cronos,Fiat Cronos 1.3 Gse Drive Pack Conectividad,2019,Quilmes - Bs.As. G.B.A. Sur,130000.0,12500.0
Fiat Cronos,Fiat Cronos 1.3 Gse Like,2026,Capital Federal - Capital Federal,0.0,17591.549295774646
Fiat Cronos,Fiat Cronos 1.3 Gse Like,2025,José C. Paz - Bs.As. G.B.A. Norte,0.0,17183.098591549297
Fiat Cronos,Fiat Cronos 1.3 Gse Like,2026,San Isidro - Bs.As. G.B.A. Norte,0.0,18563.38028169014
Fiat Cronos,Fiat Cronos Drive 1.3 Pack Plus Mt My26,2026,Capital Federal - Capital Federal,0.0,13521.12676056338
Fiat Cronos,Fiat Cronos 1.3 Drive Cvt,2022,Capital Federal - Capital Federal,40000.0,14295.774647887323
Fiat Cronos,Fiat Cronos 1.3 Attractive Mt,2026,Capital Federal - Capital Federal,0.0,18943.661971830985
Fiat Cronos,Fiat Cronos 1.3 Gse Drive Pack Plus,2025,Capital Federal - Capital Federal,0.0,20070.422535211266
Fiat Cronos,Fiat Cronos 1.3 Gse Like,2027,San Isidro - Bs.As. G.B.A. Norte,0.0,4929.577464788732
Fiat Cronos,Fiat Cronos 1.3 Gse Precision Cvt,2026,La Matanza - Bs.As. G.B.A. Oeste,0.0,18732.394366197183
Fiat Cronos,Fiat Cronos 1.3 Gse Drive Pack Plus Cvt,2025,Moreno - Bs.As. G.B.A. Oeste,0.0,19718.309859154928
Fiat Cronos,Fiat Cronos 1.3 Gse Drive Pack Plus Cvt,2025,San Isidro - Bs.As. G.B.A. Norte,0.0,22535.211267605635
Fiat Cronos,Fiat Cronos 1.3 Gse Drive Pack Plus Cvt,2025,Capital Federal - Capital Federal,0.0,20422.535211267605
Fiat Cronos,Fiat Cronos 1.3 Gse Drive Pack Plus Cvt,2025,San Isidro - Bs.As. G.B.A. Norte,0.0,20985.915492957745
Fiat Cronos,Fiat Cronos 1.3 Gse Drive Pack Plus Cvt,2025,General San Martín - Bs.As. G.B.A. Norte,0.0,21985.915492957745
Fiat Cronos,Fiat Cronos 1.3 Gse Drive Pack Conectividad,2022,Quilmes - Bs.As. G.B.A. Sur,13000.0,16901.408450704224
Fiat Cronos,Fiat Cronos 1.3 Gse Drive Pack Plus,2026,Capital Federal - Capital Federal,0.0,20070.422535211266
Fiat Cronos,Fiat Cronos 1.8 16v Precision,2021,Pilar - Bs.As. G.B.A. Norte,91139.0,13028.169014084508
Fiat Cronos,Fiat Cronos 1.3 Gse Drive Pack Conectividad,2026,Capital Federal - Capital Federal,0.0,18666.901408450703
Fiat Cronos,Fiat Cronos 1.3 Gse Drive Cvt Pack Plus,2024,San Isidro - Bs.As. G.B.A. Norte,0.0,22095.070422535213
Fiat Cronos,Fiat Cronos 1.3 Gse Precision Cvt,2026,San Isidro - Bs.As. G.B.A. Norte,0.0,18802.8161971831
Fiat Cronos,Fiat Cronos 1.3 Gse Drive,2023,Capital Federal - Capital Federal,82000.0,15140.845070422536
Fiat Cronos,Fiat Cronos 1.3 Drive Mt,2023,Capital Federal - Capital Federal,0.0,7464.788732394366
Fiat Cronos,Fiat Cronos 1.3 Gse Precision Cvt,2025,Pilar - Buenos Aires Interior,0.0,22263.38028169014
Fiat Cronos,Fiat Cronos 1.8 16v Precision,2022,La Matanza - Bs.As. G.B.A. Oeste,57000.0,15000.0
Fiat Cronos,Fiat Cronos 1.3 Gse Precision Cvt,2025,Capital Federal - Capital Federal,0.0,19084.50704225352
Fiat Cronos,Fiat Cronos 1.3 Drive Mt,2022,San Miguel - Bs.As. G.B.A. Norte,165000.0,13732.394366197183
Fiat Cronos,Fiat Cronos 1.3 Gse Drive Pack Plus,2026,Capital Federal - Capital Federal,0.0,20070.422535211266
Fiat Cronos,Fiat Cronos 1.3 Precision Cvt 0 Km,2026,Avellaneda - Bs.As. G.B.A. Sur,0.0,21830.985915492958
Fiat Cronos,Fiat Cronos 1.3 Attractive Mt,2025,Capital Federal - Capital Federal,0.0,18945.070422535213
Fiat Cronos,Fiat Cronos 1.3 Gse Drive Pack Plus,2026,San Isidro - Bs.As. G.B.A. Norte,0.0,20880.281690140844
Fiat Cronos,Fiat Cronos 1.8 16v Precision At6,2019,Capital Federal - Capital Federal,71200.0,15140.845070422536
Fiat Cronos,Fiat Cronos 1.8 16v Precision,2021,Moreno - Bs.As. G.B.A. Oeste,76000.0,13732.394366197183
Fiat Cronos,Fiat Cronos 1.3 Gse Precision Cvt,2025,Avellaneda - Bs.As. G.B.A. Sur,0.0,22471.830985915494
Fiat Cronos,Fiat Cronos 1.3,2026,Quilmes - Bs.As. G.B.A. Sur,0.0,13732.394366197183
Fiat Cronos,Fiat Cronos 1.3 Gse Drive Pack Plus,2026,Capital Federal - Capital Federal,0.0,18436.61971830986
Fiat Cronos,Fiat Cronos 1.3 Precision Cvt Full,2026,Avellaneda - Bs.As. G.B.A. Sur,0.0,21580.281690140844
Fiat Cronos,Fiat Cronos 1.3 Gse Drive Pack Conectividad,2027,Capital Federal - Capital Federal,0.0,3521.1267605633802
Fiat Cronos,Fiat Cronos 1.3 Gse Like,2027,Capital Federal - Capital Federal,0.0,4929.577464788732
Fiat Cronos,Fiat Cronos 1.3 Like,2026,San Miguel - Bs.As. G.B.A. Norte,0.0,17592.281690140844
Fiat Cronos,Fiat Cronos 1.3 Gse Like,2027,Morón - Bs.As. G.B.A. Oeste,0.0,3521.1267605633802
Fiat Cronos,Fiat Cronos 1.3 Gse Like,2025,Mercedes - Buenos Aires Interior,0.0,19395.774647887323
Fiat Cronos,Fiat Cronos 1.8 Pack Style,2021,Capital Federal - Capital Federal,84000.0,14436.61971830986
Fiat Cronos,Fiat Cronos 1.3 Gse Like,2027,La Plata - Bs.As. G.B.A. Sur,0.0,4929.577464788732
Fiat Cronos,Fiat Cronos 1.3 Gse Like,2025,General San Martín - Bs.As. G.B.A. Norte,0.0,18169.014084507042
Fiat Cronos,Fiat Cronos 1.3 Precision Cvt,2023,La Matanza - Bs.As. G.B.A. Oeste,0.0,16197.18309859155
Fiat Cronos,Fiat Cronos 1.3 Gse Precision Cvt,2026,Capital Federal - Capital Federal,0.0,21056.338028169015
Fiat Cronos,Fiat Cronos 1.3 Gse Like,2027,Florencio Varela - Bs.As. G.B.A. Sur,0.0,14788.732394366198
Fiat Cronos,Fiat Cronos 1.3 Gse Drive Pack Plus,2026,Avellaneda - Bs.As. G.B.A. Sur,0.0,20140.845070422536
Fiat Cronos,Fiat Cronos 1.3 Drive Mt,2025,Capital Federal - Capital Federal,0.0,20211.267605633802
Fiat Cronos,Fiat Cronos 1.3 Gse Drive Pack Plus,2025,Capital Federal - Capital Federal,0.0,22535.211267605635
Fiat Cronos,Fiat Cronos 1.3 Gse Drive Pack Plus,2025,Capital Federal - Capital Federal,0.0,20070.422535211266
Fiat Cronos,Fiat Cronos 1.3 Gse Drive Pack Plus,2025,San Isidro - Bs.As. G.B.A. Norte,0.0,20176.056338028167
Fiat Cronos,Fiat Cronos 1.3 Gse Drive Pack Plus,2025,Luján - Buenos Aires Interior,0.0,21202.11267605634
Fiat Cronos,Fiat Cronos 1.3 Gse Drive Pack Plus,2025,Mercedes - Buenos Aires Interior,0.0,21202.11267605634
Fiat Cronos,Fiat Cronos 1.3 Gse Drive Pack Plus,2025,Campana - Buenos Aires Interior,0.0,21202.11267605634
Fiat Cronos,Fiat Cronos 1.3,2026,Capital Federal - Capital Federal,0.0,13591.549295774648
Fiat Cronos,Fiat Cronos 1.3 Gse Drive Pack Conectividad,2021,Avellaneda - Bs.As. G.B.A. Sur,90000.0,13943.661971830987
Fiat Cronos,Fiat Cronos 1.8 16v Precision,2021,Caseros - Bs.As. G.B.A. Oeste,95000.0,13873.239436619719
Fiat Cronos,Fiat Cronos 1.3 Gse Drive Pack Plus,2026,Capital Federal - Capital Federal,0.0,18591.549295774646
Fiat Cronos,Fiat Cronos 1.3 Gse Drive Pack Conectividad,2024,Lanús - Bs.As. G.B.A. Sur,0.0,16000.0
Fiat Cronos,Fiat Cronos 1.3 Gse Drive Pack Plus,2026,San Isidro - Bs.As. G.B.A. Norte,0.0,17957.957746478874
Fiat Cronos,Fiat Cronos 1.3 Drive Mt,2022,Quilmes - Bs.As. G.B.A. Sur,106000.0,14014.084507042253
Fiat Cronos,Fiat Cronos 1.3 Gse Drive Pack Conectividad,2023,Capital Federal - Capital Federal,0.0,10211.267605633802
Fiat Cronos,Fiat Cronos 1.3 Gse Like,2025,San Miguel - Bs.As. G.B.A. Norte,0.0,17592.281690140844
Fiat Cronos,Fiat Cronos 1.3 Gse Drive,2027,Capital Federal - Capital Federal,0.0,8732.394366197183
Fiat Cronos,Fiat Cronos 1.3 Gse Precision Cvt,2022,Capital Federal - Capital Federal,50786.0,14507.042253521127
Fiat Cronos,Fiat Cronos 1.3 Gse Drive Pack Plus,2026,Capital Federal - Capital Federal,0.0,18028.169014084506
Fiat Cronos,Fiat Cronos 1.3 Drive Cvt,2023,Berazategui - Bs.As. G.B.A. Sur,15000.0,17000.0
Fiat Cronos,Fiat Cronos 1.3 Drive Cvt,2023,La Matanza - Bs.As. G.B.A. Oeste,48000.0,14718.30985915493
Fiat Cronos,Fiat Cronos 1.3 Gse Drive,2021,Moreno - Bs.As. G.B.A. Oeste,63000.0,13900.0
Fiat Cronos,Fiat Cronos 1.3 Gse Like,2027,Almirante Brown - Bs.As. G.B.A. Sur,0.0,2640.845070422535
Fiat Cronos,Fiat Cronos 1.3 Gse Like,2025,Avellaneda - Bs.As. G.B.A. Sur,0.0,18169.014084507042
Fiat Cronos,Fiat Cronos 1.3 Gse Like,2027,Moreno - Bs.As. G.B.A. Oeste,0.0,2640.845070422535
Fiat Cronos,Fiat Cronos 1.8 16v Precision Pack Premium,2022,Vicente López - Bs.As. G.B.A. Norte,73000.0,14014.084507042253
Fiat Cronos,Fiat Cronos 1.3 Gse Precision Cvt,2026,Lanús - Bs.As. G.B.A. Sur,0.0,22183.098591549297
Fiat Cronos,Fiat Cronos Drive 1.3 Cvt Pack Plus,2026,Vicente López - Bs.As. G.B.A. Norte,0.0,20563.38028169014
Fiat Cronos,Fiat Cronos 1.3 Gse Drive Pack Plus,2025,Pilar - Bs.As. G.B.A. Norte,0.0,20422.535211267605
Fiat Cronos,Fiat Cronos 1.3 Like Manual,2026,Avellaneda - Bs.As. G.B.A. Sur,0.0,19173.23943661972
Fiat Cronos,Fiat Cronos 1.3 Drive Pack Conectividad,2021,Capital Federal - Capital Federal,88624.0,11161.971830985916
Fiat Cronos,Fiat Cronos 1.3 Gse Drive Pack Conectividad,2021,Capital Federal - Capital Federal,67700.0,14788.732394366198
Fiat Cronos,Fiat Cronos 1.3 Stile Mt,2023,Morón - Bs.As. G.B.A. Oeste,60000.0,18239.436619718308
Fiat Cronos,Fiat Cronos 1.3 Gse Drive Pack Conectividad,2021,La Matanza - Bs.As. G.B.A. Oeste,83000.0,13028.169014084508
Fiat Cronos,Fiat Cronos 1.8 16v Precision Pack Premium,2021,General San Martín - Bs.As. G.B.A. Norte,52000.0,15429.577464788732
Fiat Cronos,Fiat Cronos 1.3 Gse Drive Pack Plus,2024,La Matanza - Bs.As. G.B.A. Oeste,0.0,14788.732394366198
Fiat Cronos,Fiat Cronos 1.3 Gse Drive Pack Conectividad,2021,Capital Federal - Capital Federal,34000.0,14929.577464788732
Fiat Cronos,Fiat Cronos 1.8 16v Precision Pack Premium,2021,Hurlingham - Bs.As. G.B.A. Oeste,63400.0,14929.577464788732
Fiat Cronos,Fiat Cronos 1.3 Gse Drive Pack Conectividad,2026,Pilar - Bs.As. G.B.A. Norte,0.0,18098.659154929577
Fiat Cronos,Fiat Cronos 1.3 Gse Drive Pack Conectividad,2021,La Plata - Bs.As. G.B.A. Sur,80000.0,13700.0
Fiat Cronos,Fiat Cronos 1.3 Gse Drive Pack Conectividad,2021,Lomas De Zamora - Bs.As. G.B.A. Sur,90414.0,14436.61971830986
Fiat Cronos,Fiat Cronos 1.3 Gse Drive Pack Plus Cvt,2026,Merlo - Bs.As. G.B.A. Oeste,0.0,18309.859154929578
Fiat Cronos,Fiat Cronos 1.3 Gse Drive Pack Plus Cvt,2026,Pilar - Bs.As. G.B.A. Norte,0.0,20985.985915492958
Fiat Cronos,Fiat Cronos 1.3 Drive Cvt,2025,Ezeiza - Bs.As. G.B.A. Sur,0.0,22253.521126760563
Fiat Cronos,Fiat Cronos 1.3 Gse Drive Pack Plus,2025,La Plata - Bs.As. G.B.A. Sur,0.0,23132.394366197183
Fiat Cronos,Fiat Cronos 1.3 Gse Precision Cvt,2024,Pilar - Bs.As. G.B.A. Norte,1000.0,19647.88732394366
Fiat Cronos,Fiat Cronos 1.3 Gse Drive Pack Plus,2025,Capital Federal - Capital Federal,0.0,11830.985915492958
Fiat Cronos,Fiat Cronos 1.3 Drive Mt,2022,Capital Federal - Capital Federal,47418.0,14788.732394366198
Fiat Cronos,Fiat Cronos 1.3 Attractive Mt,2026,Capital Federal - Capital Federal,0.0,18944.3661971831
Fiat Cronos,Fiat Cronos 1.3 Drive Cvt,2026,Capital Federal - Capital Federal,0.0,20563.38028169014
Fiat Cronos,Fiat Cronos 1.3 Precision Cvt,2026,Capital Federal - Capital Federal,0.0,21723.14929577465
Fiat Cronos,Fiat Cronos Cvt,2026,Capital Federal - Capital Federal,0.0,20590.845070422536
Fiat Cronos,Fiat Cronos 1.3 Drive Plus Cvt,2026,San Miguel - Bs.As. G.B.A. Norte,0.0,21420.867605633804
Fiat Cronos,Fiat Cronos Precision,2026,Capital Federal - Capital Federal,0.0,21830.985915492958
Fiat Cronos,Fiat Cronos 1.3 Drive,2021,Capital Federal - Capital Federal,70170.0,13830.985915492958
Fiat Cronos,Fiat Cronos 1.3 Gse Drive,2021,General San Martín - Bs.As. G.B.A. Norte,169300.0,13028.169014084508
Fiat Cronos,Fiat Cronos 1.3 Drive Cvt,2026,San Miguel - Bs.As. G.B.A. Norte,0.0,22535.211267605635
Fiat Cronos,Fiat Cronos 1.3 Gse Drive Pack Plus Cvt,2026,Capital Federal - Capital Federal,0.0,22183.098591549297
Fiat Cronos,Fiat Cronos 1.3 Drive Mt,2023,Capital Federal - Capital Federal,0.0,7746.478873239436
Fiat Cronos,Fiat Cronos 1.3 Gse Like,2027,Morón - Bs.As. G.B.A. Oeste,0.0,4929.577464788732
Fiat Cronos,Fiat Cronos 1.3 Gse Drive,2022,Capital Federal - Capital Federal,79000.0,13309.859154929578
Fiat Cronos,Fiat Cronos 1.3 Gse Drive Pack Conectividad,2019,Tigre - Bs.As. G.B.A. Norte,123000.0,12490.0
Fiat Cronos,Fiat Cronos 1.3 Gse Drive,2021,Malvinas Argentinas - Bs.As. G.B.A. Norte,95000.0,13732.394366197183
Fiat Cronos,Fiat Cronos Drive Oferta Real Retiro Inmediato,2026,Capital Federal - Capital Federal,0.0,21408.450704225354
Fiat Cronos,Fiat Cronos 1.3 Gse Like,2027,Merlo - Bs.As. G.B.A. Oeste,0.0,2640.845070422535
Fiat Cronos,Fiat Cronos 1.3 Gse Drive Pack Conectividad,2021,Berazategui - Bs.As. G.B.A. Sur,40000.0,14084.507042253521
Fiat Cronos,Fiat Cronos 1.3 Gse Like,2026,Capital Federal - Capital Federal,0.0,17535.211267605635
Fiat Cronos,Fiat Cronos 1.3 Gse Precision Cvt,2025,Avellaneda - Bs.As. G.B.A. Sur,2025.0,18802.816901408452
Fiat Cronos,Fiat Cronos 1.8 16v Precision At6 Pack Premium,2021,Beccar - Bs.As. G.B.A. Norte,69000.0,13943.661971830987
Fiat Cronos,Fiat Cronos 1.3 Gse Drive Pack Plus,2026,Merlo - Bs.As. G.B.A. Oeste,0.0,18309.859154929578
Fiat Cronos,Fiat Cronos 1.3 Gse Like,2027,Escobar - Bs.As. G.B.A. Norte,0.0,9147.887323943662
Fiat Cronos,Fiat Cronos 1.3 Gse Precision Cvt,2026,Capital Federal - Capital Federal,0.0,22183.098591549297
Fiat Cronos,Fiat Cronos 1.3 Precision Cvt,2026,Capital Federal - Capital Federal,0.0,22185.915492957745
Fiat Cronos,Fiat Cronos 1.3 Precision Cvt,2026,Capital Federal - Capital Federal,0.0,22189.436619718308
Fiat Cronos,Fiat Cronos 1.3 Gse Precision Cvt,2026,Capital Federal - Capital Federal,0.0,21723.14929577465
Fiat Cronos,Fiat Cronos 1.3 Precision Cvt,2026,Capital Federal - Capital Federal,0.0,22188.732394366198
Fiat Cronos,Fiat Cronos 1.3 Gse Precision Cvt,2026,Capital Federal - Capital Federal,0.0,21683.098591549297
Fiat Cronos,Fiat Cronos 1.3 Precision Cvt,2026,Capital Federal - Capital Federal,0.0,22187.323943661973
Fiat Cronos,Fiat Cronos 1.3 Gse Precision Cvt,2026,Ezeiza - Bs.As. G.B.A. Sur,0.0,18943.661971830985
Fiat Cronos,Fiat Cronos 1.3 Gse Precision Cvt,2026,Capital Federal - Capital Federal,0.0,22330.80563380282
Fiat Cronos,Fiat Cronos 1.3 Gse Precision Cvt,2026,Berazategui - Bs.As. G.B.A. Sur,0.0,19014.084507042255
Fiat Cronos,Fiat Cronos 1.3 Gse Precision Cvt,2026,La Matanza - Bs.As. G.B.A. Oeste,0.0,20422.535211267605
Fiat Cronos,Fiat Cronos 1.3 Gse Precision Cvt,2026,San Isidro - Bs.As. G.B.A. Norte,0.0,26338.028169014084
Fiat Cronos,Fiat Cronos 1.3 Gse Precision Cvt,2026,Lomas De Zamora - Bs.As. G.B.A. Sur,0.0,26742.25352112676
Fiat Cronos,Fiat Cronos 1.3 Gse Precision Cvt,2026,Capital Federal - Capital Federal,0.0,21766.10704225352
Fiat Cronos,Fiat Cronos 1.3 Gse Precision Cvt,2026,Quilmes - Bs.As. G.B.A. Sur,0.0,26742.25352112676
Fiat Cronos,Fiat Cronos 1.3 Gse Precision Cvt,2026,Pilar - Bs.As. G.B.A. Norte,0.0,19013.38028169014
Fiat Cronos,Fiat Cronos 1.3 Gse Precision Cvt,2026,Pilar - Bs.As. G.B.A. Norte,0.0,21478.87323943662
Fiat Cronos,Fiat Cronos 1.3 Gse Precision Cvt,2026,San Isidro - Bs.As. G.B.A. Norte,0.0,22753.521126760563
Fiat Cronos,Fiat Cronos 1.3 Gse Precision Cvt,2026,Capital Federal - Capital Federal,0.0,22042.25352112676
Fiat Cronos,Fiat Cronos 1.3 Gse Precision Cvt,2026,Capital Federal - Capital Federal,0.0,21497.183098591548
Fiat Cronos,Fiat Cronos 1.3 Gse Precision Cvt,2026,La Matanza - Bs.As. G.B.A. Oeste,0.0,22183.098591549297
Fiat Cronos,Fiat Cronos 1.3 Gse Drive,2021,Castelar - Bs.As. G.B.A. Oeste,96000.0,13380.281690140846
Fiat Cronos,Fiat Cronos 1.3 Gse Drive Pack Conectividad,2021,Morón - Bs.As. G.B.A. Oeste,53000.0,13732.394366197183
Fiat Cronos,Fiat Cronos 1.3 Gse Like,2025,Capital Federal - Capital Federal,932.0,18732.394366197183
Fiat Cronos,Fiat Cronos 1.3 Gse Precision Cvt,2025,Luján - Buenos Aires Interior,0.0,22263.38028169014
Fiat Cronos,Fiat Cronos 1.3 Drive Cvt,2023,Capital Federal - Capital Federal,28089.0,15338.028169014084
Fiat Cronos,Fiat Cronos 1.3 Gse Drive,2022,Capital Federal - Capital Federal,98000.0,13802.81690140845
Fiat Cronos,Fiat Cronos 1.3 Gse Like,2025,San Miguel - Bs.As. G.B.A. Norte,0.0,17592.281690140844
Fiat Cronos,Fiat Cronos 1.3 Gse Drive Pack Conectividad,2021,Capital Federal - Capital Federal,65000.0,14436.61971830986
Fiat Cronos,Fiat Cronos 1.3 Gse Drive Pack Plus,2026,La Matanza - Bs.As. G.B.A. Oeste,0.0,19014.084507042255
Fiat Cronos,Fiat Cronos 1.3 Gse Drive Pack Conectividad,2021,Tigre - Bs.As. G.B.A. Norte,93500.0,11267.605633802817
Fiat Cronos,Fiat Cronos 1.3 Gse Drive Pack Conectividad,2021,General San Martín - Bs.As. G.B.A. Norte,68000.0,13732.394366197183
Fiat Cronos,Fiat Cronos 1.3 Gse Precision Cvt,2025,General San Martín - Bs.As. G.B.A. Norte,0.0,24295.774647887323
Fiat Cronos,Fiat Cronos 1.3 Gse Drive Pack Plus Cvt,2025,Capital Federal - Capital Federal,0.0,23239.436619718308
Fiat Cronos,Fiat Cronos 1.3 Gse Drive Pack Plus Cvt,2026,Capital Federal - Capital Federal,0.0,18661.971830985916
Fiat Cronos,Fiat Cronos 1.3 Gse Drive Pack Plus,2024,Moreno - Bs.As. G.B.A. Oeste,60000.0,16901.408450704224
Fiat Cronos,Fiat Cronos 1.3 Gse Drive Pack Conectividad,2026,Capital Federal - Capital Federal,0.0,18099.084507042255
Fiat Cronos,Fiat Cronos 1.3 Gse Like,2025,Malvinas Argentinas - Bs.As. G.B.A. Norte,0.0,16830.985915492958
Fiat Cronos,Fiat Cronos 1.3 Gse Like,2025,Capital Federal - Capital Federal,0.0,18309.859154929578
Fiat Cronos,Fiat Cronos 1.3 Gse Like,2025,Quilmes - Bs.As. G.B.A. Sur,0.0,20774.647887323943
Fiat Cronos,Fiat Cronos 1.3 Gse Like,2025,General San Martín - Bs.As. G.B.A. Norte,0.0,20820.422535211266
Fiat Cronos,Fiat Cronos 1.3 Gse Drive,2021,Pilar - Bs.As. G.B.A. Norte,95000.0,14436.61971830986
Fiat Cronos,Fiat Cronos 1.3 Gse Precision Cvt,2025,Hurlingham - Bs.As. G.B.A. Oeste,0.0,19563.38028169014
Fiat Cronos,Fiat Cronos 1.3 Gse Precision Cvt,2026,Luján - Buenos Aires Interior,0.0,22263.38028169014
Fiat Cronos,Fiat Cronos 1.3 Gse Drive,2024,Ituzaingó - Bs.As. G.B.A. Oeste,20000.0,16990.0
Fiat Cronos,Fiat Cronos 1.3 Drive Pack S-desing,2022,Malvinas Argentinas - Bs.As. G.B.A. Norte,53136.0,14112.676056338029
Fiat Cronos,Fiat Cronos 1.3 Gse Drive,2023,La Matanza - Bs.As. G.B.A. Oeste,50000.0,14788.732394366198
Fiat Cronos,Fiat Cronos 1.3 Gse Drive,2023,Capital Federal - Capital Federal,54251.0,15485.915492957747
Fiat Cronos,Fiat Cronos 1.3 Gse Drive,2023,Capital Federal - Capital Federal,24985.0,14788.732394366198
Fiat Cronos,Fiat Cronos 1.3 Gse Drive,2023,San Isidro - Bs.As. G.B.A. Norte,48000.0,14718.30985915493
Fiat Cronos,Fiat Cronos 1.3 Gse Precision Cvt,2025,Beccar - Bs.As. G.B.A. Norte,0.0,22535.211267605635
Fiat Cronos,Fiat Cronos 1.8 16v Precision,2021,La Matanza - Bs.As. G.B.A. Oeste,57000.0,15492.957746478873
Fiat Cronos,Fiat Cronos 1.8 Precision,2022,Capital Federal - Capital Federal,48247.0,14795.774647887323
Fiat Cronos,Fiat Cronos 1.8 16v Precision,2022,Capital Federal - Capital Federal,60000.0,13943.661971830987
Fiat Cronos,Fiat Cronos 1.3 Drive Mt,2025,Mercedes - Buenos Aires Interior,0.0,21202.11267605634
Fiat Cronos,Fiat Cronos 1.3 Gse Drive Pack Plus,2026,Capital Federal - Capital Federal,0.0,19014.084507042255
Fiat Cronos,Fiat Cronos 1.3 Gse Drive Pack Plus,2026,Capital Federal - Capital Federal,0.0,21436.569014084507
Fiat Cronos,Fiat Cronos 1.3 Gse Drive Pack Plus,2026,La Plata - Bs.As. G.B.A. Sur,0.0,19964.788732394365
Fiat Cronos,Fiat Cronos 1.3 Gse Drive Pack Plus,2026,Capital Federal - Capital Federal,0.0,22061.852112676057
Fiat Cronos,Fiat Cronos 1.3 Gse Drive Pack Conectividad,2026,Capital Federal - Capital Federal,0.0,18102.11267605634
Fiat Cronos,Fiat Cronos 1.3 Gse Drive Pack Plus,2026,Caseros - Bs.As. G.B.A. Oeste,0.0,18900.0
Renault Logan,Renault Logan Intens Cvt,2019,San Isidro - Bs.As. G.B.A. Norte,72000.0,13028.169014084508
Renault Logan,Renault Logan 1.6 Authentique 85cv,2017,Campana - Buenos Aires Interior,72000.0,9154.929577464789
Renault Logan,Renault Logan 1.6 Privilége Plus 105cv Nac,2017,Capital Federal - Capital Federal,55400.0,10492.957746478873
Renault Logan,Renault Logan 1.6 Pack I 90cv,2013,Avellaneda - Bs.As. G.B.A. Sur,175000.0,4929.577464788732
Renault Logan,Renault Logan 1.6 16v Life,2026,Esteban Echeverría - Bs.As. G.B.A. Sur,0.0,17605.6338028169
Renault Logan,Renault Logan 1.6 16v Life,2025,Capital Federal - Capital Federal,0.0,16426.056338028167
Renault Logan,Renault Logan 1.6 16v Life,2026,Capital Federal - Capital Federal,0.0,16901.408450704224
Renault Logan,Renault Logan 1.6 16v Life,2025,Capital Federal - Capital Federal,0.0,18016.901408450703
Renault Logan,Renault Logan 1.6 Privilege 105cv Nac,2017,Capital Federal - Capital Federal,88000.0,12323.942957746478
Renault Logan,Renault Logan 1.6 16v Zen,2022,La Plata - Bs.As. G.B.A. Sur,24000.0,15492.957746478873
Renault Logan,Renault Logan 1.6 Authentique Plus 85cv,2018,Capital Federal - Capital Federal,103000.0,11126.760563380281
Renault Logan,Renault Logan 1.6 16v Intense,2022,Capital Federal - Capital Federal,78600.0,13000.0
Renault Logan,Renault Logan 1.6 Authentique 85cv,2018,Escobar - Bs.As. G.B.A. Norte,101000.0,11500.0
Renault Logan,Renault Logan 1.6 Privilege 105cv,2017,Escobar - Bs.As. G.B.A. Norte,110575.0,10492.957746478873
Renault Logan,Renault Logan 1.6 Privilege Plus 105cv,2019,Lomas De Zamora - Bs.As. G.B.A. Sur,96500.0,12394.366197183099
Renault Logan,Renault Logan 1.6 16v Intense,2026,Capital Federal - Capital Federal,0.0,19684.50704225352
Renault Logan,Renault Logan Ph2 Pack 1.6 8v,2011,Capital Federal - Capital Federal,176000.0,6267.605633802817
Renault Logan,Renault Logan 1.6 Privilege 105cv,2015,Capital Federal - Capital Federal,109500.0,9788.732394366198
Renault Logan,Renault Logan 1.6 Authentique Plus 85cv,2018,San Fernando - Bs.As. G.B.A. Norte,102000.0,9507.042253521127
Renault Logan,Renault Logan 1.6 16v Intense,2026,Almirante Brown - Bs.As. G.B.A. Sur,0.0,19006.971830985916
Renault Logan,Renault Logan 1.6 16v Life,2020,Capital Federal - Capital Federal,122000.0,11901.408450704226
Renault Logan,Renault Logan Ph2 Intens 1.6,2019,La Plata - Bs.As. G.B.A. Sur,64000.0,13380.281690140846
Renault Logan,Renault Logan 1.6 Authentique Plus 85cv,2014,Lomas De Zamora - Bs.As. G.B.A. Sur,116000.0,8802.81690140845
Renault Logan,Renault Logan 1.6 Intens,2021,Malvinas Argentinas - Bs.As. G.B.A. Norte,114230.0,11000.0
Renault Logan,Renault Logan 1.6 16v Life,2025,Capital Federal - Capital Federal,0.0,18028.169014084506
Renault Logan,Renault Logan 1.6 Privilege 105cv,2018,Capital Federal - Capital Federal,166000.0,10211.267605633802
Renault Logan,Renault Logan 1.6 Authentique Plus 85cv,2016,Capital Federal - Capital Federal,227000.0,8802.81690140845
Renault Logan,Renault Logan 1.6 16v Life,2024,La Matanza - Bs.As. G.B.A. Oeste,17900.0,17000.0
Renault Logan,Renault Logan 1.6 16v Life,2026,Capital Federal - Capital Federal,0.0,18016.901408450703
Renault Logan,Renault Logan 1.6 Pack Plus,2010,Capital Federal - Capital Federal,175000.0,5774.647887323944
Renault Logan,Renault Logan 1.6 Privilege Plus 105cv,2016,Capital Federal - Capital Federal,193250.0,8626.760563380281
Renault Logan,Renault Logan 1.6 Expression 85cv,2017,Capital Federal - Capital Federal,171000.0,9014.084507042253
Renault Logan,Renault Logan 1.6 Expression Pack I 90cv,2012,Hurlingham - Bs.As. G.B.A. Oeste,240000.0,5633.802816901409
Renault Logan,Renault Logan 1.6 16v Intense,2021,General San Martín - Bs.As. G.B.A. Norte,60000.0,14500.0
Renault Logan,Renault Logan Ii 1.6 16v Life,2025,Capital Federal - Capital Federal,0.0,20746.478873239437
Renault Logan,Renault Logan 1.6 Expression 85cv,2014,Quilmes - Bs.As. G.B.A. Sur,188500.0,8309.859154929578
Renault Logan,Renault Logan 1.6 Authentique 85cv,2014,La Matanza - Bs.As. G.B.A. Oeste,130000.0,10000.0
Renault Logan,Renault Logan 1.6 Privilege 105cv,2019,Capital Federal - Capital Federal,68000.0,12500.0
Renault Logan,Renault Logan 1.6 16v Life,2024,Ituzaingó - Bs.As. G.B.A. Oeste,30000.0,14014.084507042253
Renault Logan,Renault Logan 1.6 Pack Ii Abcp+abs 90cv,2013,Vicente López - Bs.As. G.B.A. Norte,189000.0,6000.0
Renault Logan,Renault Logan 1.6 Privilege 105cv,2015,Ituzaingó - Bs.As. G.B.A. Oeste,155000.0,8661.971830985916
Renault Logan,Renault Logan 1.6 16v Intense,2025,Capital Federal - Capital Federal,0.0,20542.225352112677
Renault Logan,Renault Logan 1.6 16v Life,2021,Tigre - Bs.As. G.B.A. Norte,125000.0,11619.718309859154
Renault Logan,Renault Logan 1.6 16v Intense,2026,Capital Federal - Capital Federal,0.0,19684.647887323943
Renault Logan,Renault Logan 1.6 16v Intense,2026,Capital Federal - Capital Federal,0.0,20697.183098591548
Renault Logan,Renault Logan 1.6 16v Intense,2026,Capital Federal - Capital Federal,0.0,19684.50704225352
Renault Logan,Renault Logan 1.6 16v Intense,2026,Capital Federal - Capital Federal,0.0,20774.647887323943
Renault Logan,Renault Logan 1.6 Authentique Plus 85cv,2017,La Matanza - Bs.As. G.B.A. Oeste,180000.0,6338.028169014085
Renault Logan,Renault Logan 1.6 Privilege Plus 105cv,2014,Capital Federal - Capital Federal,111111.0,6901.408450704225
Renault Logan,Renault Logan 1.6 16v Intense,2026,Capital Federal - Capital Federal,0.0,21408.450704225354
Renault Logan,Renault Logan 1.6 16v Intense,2022,San Isidro - Bs.As. G.B.A. Norte,51959.0,14436.61971830986
Renault Logan,Renault Logan 1.6 16v Life,2026,General Rodríguez - Bs.As. G.B.A. Oeste,0.0,21784.50704225352
Renault Logan,Renault Logan 1.6 16v Life,2026,Capital Federal - Capital Federal,0.0,19366.197183098593
Renault Logan,Renault Logan 1.6 16v Life,2026,Hurlingham - Bs.As. G.B.A. Oeste,0.0,19685.070422535213
Renault Logan,Renault Logan 1.6 16v Intense,2026,Capital Federal - Capital Federal,0.0,18210.563380281692
Renault Logan,Renault Logan 1.6 16v Zen,2021,Lanús - Bs.As. G.B.A. Sur,0.0,21338.028169014084
Renault Logan,Renault Logan 1.6 16v Life,2026,Capital Federal - Capital Federal,0.0,19592.957746478874
Renault Logan,Renault Logan 1.6 Expression 85cv,2016,La Plata - Bs.As. G.B.A. Sur,146100.0,9859.154929577464
Renault Logan,Renault Logan 1.6 Privilege Plus 105cv,2016,Capital Federal - Capital Federal,143500.0,8450.704225352112
Renault Logan,Renault Logan 1.6 16v Life,2022,Quilmes - Bs.As. G.B.A. Sur,63000.0,14076.05633802817
Renault Logan,Renault Logan 1.6 Authentique Plus 85cv,2018,Capital Federal - Capital Federal,167000.0,9084.507042253521
Renault Logan,Renault Logan 1.6 Authentique Plus,2017,Capital Federal - Capital Federal,118446.0,8894.366197183099
Renault Logan,Renault Logan 1.6 Privilege Plus 105cv,2016,Capital Federal - Capital Federal,175000.0,10000.0
Renault Logan,Renault Logan 1.6,2026,La Plata - Bs.As. G.B.A. Sur,0.0,19718.309859154928
Renault Logan,Renault Logan 1.6 Expression 85cv,2017,Campana - Buenos Aires Interior,140000.0,10200.0
Renault Logan,Renault Logan 1.6 Pack Plus,2011,Avellaneda - Bs.As. G.B.A. Sur,122000.0,7900.0
Renault Logan,Renault Logan 1.6 Expression 85cv,2018,Lomas De Zamora - Bs.As. G.B.A. Sur,120000.0,9788.732394366198
Renault Logan,Renault Logan 1.6 Authentique Plus 85cv,2018,Malvinas Argentinas - Bs.As. G.B.A. Norte,50000.0,11267.605633802817
Renault Logan,Renault Logan 1.6 Privilege,2017,Capital Federal - Capital Federal,133371.0,8725.352112676057
Renault Logan,Renault Logan 1.6 Privilege,2017,Capital Federal - Capital Federal,62516.0,12288.732394366198
Renault Logan,Renault Logan 1.6 Privilege 105cv,2016,General Las Heras - Buenos Aires Interior,140000.0,10211.267605633802
Renault Logan,Renault Logan 1.6 Authentique Plus 85cv,2018,Capital Federal - Capital Federal,78000.0,9858.450704225352
Renault Logan,Renault Logan 1.6 16v Life,2026,La Plata - Bs.As. G.B.A. Sur,0.0,17622.535211267605
Renault Logan,Renault Logan 1.6 Authentique Plus 85cv Nac,2018,Capital Federal - Capital Federal,111000.0,10492.957746478873
Renault Logan,Renault Logan 1.6 Privilege 105cv,2018,Capital Federal - Capital Federal,70000.0,11612.676056338029
Renault Logan,Renault Logan 1.6 Pack Ii Abcp+abs 90cv,2013,Capital Federal - Capital Federal,198000.0,6690.140845070423
Renault Logan,Renault Logan 1.6 Authentique Plus 85cv,2018,La Matanza - Bs.As. G.B.A. Oeste,121000.0,9859.154929577464
Renault Logan,Renault Logan 1.6 16v Intense,2026,Castelar - Bs.As. G.B.A. Oeste,0.0,23714.0
Renault Logan,Renault Logan 1.6 Expression 85cv,2015,Lanús - Bs.As. G.B.A. Sur,138000.0,8380.281690140846
Renault Logan,Renault Logan 1.6 Privilege 105cv,2018,Capital Federal - Capital Federal,96000.0,10211.267605633802
Renault Logan,Renault Logan 1.6 Authentique Plus 85cv,2018,Capital Federal - Capital Federal,66800.0,11197.18309859155
Renault Logan,Renault Logan 1.6,2009,Capital Federal - Capital Federal,163000.0,4577.4647887323945
Renault Logan,Renault Logan 1.6 Authentique Plus 85cv,2016,San Isidro - Bs.As. G.B.A. Norte,70000.0,9507.042253521127
Renault Logan,Renault Logan 1.6 Authentique 85cv,2017,Capital Federal - Capital Federal,125000.0,8450.704225352112
Renault Logan,Renault Logan 1.6 Expression 85cv,2019,Morón - Bs.As. G.B.A. Oeste,65000.0,11267.605633802817
Renault Logan,Renault Logan 1.6 16v Life,2021,Capital Federal - Capital Federal,81000.0,11830.985915492958
Renault Logan,Renault Logan 1.6 Privilége Plus 105cv Nac,2018,Avellaneda - Bs.As. G.B.A. Sur,100500.0,9859.154929577464
Renault Logan,Renault Logan 1.6 Authentique Plus,2015,Malvinas Argentinas - Bs.As. G.B.A. Norte,82499.0,9204.225352112677
Renault Logan,Renault Logan 1.6 Authentique Plus 85cv,2015,La Matanza - Bs.As. G.B.A. Oeste,145000.0,7746.478873239436
Renault Logan,Renault Logan 1.6 Privilege 105cv Nac,2018,Capital Federal - Capital Federal,240000.0,6830.985915492958
Renault Logan,Renault Logan 1.6 Pack I Abcp+abs 90cv,2013,Capital Federal - Capital Federal,104000.0,7676.056338028169
Renault Logan,Renault Logan 1.6 Expression 85cv,2019,Vicente López - Bs.As. G.B.A. Norte,82000.0,11000.0
Renault Logan,Renault Logan 1.6 Authentique Plus 85cv,2018,Capital Federal - Capital Federal,78000.0,10633.802816901409
Renault Logan,Renault Logan 1.6 Authentique Plus 85cv Nac,2018,General San Martín - Bs.As. G.B.A. Norte,75500.0,10845.070422535211
Renault Logan,Renault Logan 1.6 16v Intense,2021,Capital Federal - Capital Federal,97313.0,13732.394366197183
Renault Logan,Renault Logan Logan Ph2 Intens 1.6,2025,Capital Federal - Capital Federal,0.0,20914.788732394365
Renault Logan,Renault Logan 1.6 Expression 85cv,2018,Lanús - Bs.As. G.B.A. Sur,90600.0,9647.887323943662
Renault Logan,Renault Logan 1.6 16v Life,2023,Avellaneda - Bs.As. G.B.A. Sur,84000.0,14436.61971830986
Renault Logan,Renault Logan 1.6 16v Intense,2020,Avellaneda - Bs.As. G.B.A. Sur,85000.0,13028.169014084508
Renault Logan,Renault Logan 1.6 Intens,2022,Capital Federal - Capital Federal,57874.0,13112.676056338029
Renault Logan,Renault Logan 1.6 16v Life,2024,Capital Federal - Capital Federal,28300.0,13731.69014084507
Renault Logan,Renault Logan 1.6 16v Life,2025,Tigre - Bs.As. G.B.A. Norte,19000.0,17535.211267605635
Renault Logan,Renault Logan 1.6 Privilege 105cv,2017,Ezeiza - Bs.As. G.B.A. Sur,180000.0,10211.267605633802
Renault Logan,Renault Logan 1.6 Privilege Plus 105cv,2018,Capital Federal - Capital Federal,138000.0,8500.0
Renault Logan,Renault Logan 1.6 16v Zen,2021,Ituzaingó - Bs.As. G.B.A. Oeste,61809.0,13800.0
Renault Logan,Renault Logan 1.6 16v Life,2023,Ituzaingó - Bs.As. G.B.A. Oeste,69181.0,14788.732394366198
Renault Logan,Renault Logan 1.6 16v Life,2023,Hurlingham - Bs.As. G.B.A. Oeste,43000.0,14401.408450704226
Renault Logan,Renault Logan 1.6 16v Life,2023,Lobos - Buenos Aires Interior,52000.0,13732.394366197183
Renault Logan,Renault Logan 1.6 16v Life,2023,Tres De Febrero - Bs.As. G.B.A. Oeste,27022.0,15140.845070422536
Renault Logan,Renault Logan 1.6 Authentique Plus 85cv Nac,2018,San Fernando - Bs.As. G.B.A. Norte,99000.0,10915.492957746479
Renault Logan,Renault Logan 1.6 Privilége Plus 105cv Nac,2023,Morón - Bs.As. G.B.A. Oeste,51000.0,15140.845070422536
Renault Logan,Renault Logan 1.6 16v Intense,2026,Capital Federal - Capital Federal,0.0,25281.690140845072
Renault Logan,Renault Logan 1.6 Expression 85cv Nac,2019,Capital Federal - Capital Federal,125000.0,15900.0
Renault Logan,Renault Logan 1.6 Privilege 105cv,2018,Avellaneda - Bs.As. G.B.A. Sur,98000.0,9700.0
Renault Logan,Renault Logan 1.6 Confort Ii 90cv,2012,Pilar - Bs.As. G.B.A. Norte,215008.0,5492.957746478874
Renault Logan,Renault Logan 1.6 16v Intense,2020,Capital Federal - Capital Federal,41100.0,13028.169014084508
Renault Logan,Renault Logan 1.6 Authentique Plus 85cv,2015,La Matanza - Bs.As. G.B.A. Oeste,145000.0,7746.478873239436
Renault Logan,Renault Logan 1.6 16v Life,2023,Avellaneda - Bs.As. G.B.A. Sur,111111.0,17253.521126760563
Renault Logan,Renault Logan 1.6 16v Life,2025,Tigre - Bs.As. G.B.A. Norte,9000.0,17535.211267605635
Renault Logan,Renault Logan 1.6 Authentique Plus 85cv,2018,Lomas De Zamora - Bs.As. G.B.A. Sur,82000.0,13309.859154929578
Renault Logan,Renault Logan 1.6 16v Intense,2021,Escobar - Bs.As. G.B.A. Norte,60683.0,14436.61971830986
Renault Logan,Renault Logan 1.6 16v Zen,2020,Capital Federal - Capital Federal,125000.0,13028.169014084508
Renault Logan,Renault Logan 1.6 Privilege 105cv Nac,2018,La Plata - Bs.As. G.B.A. Sur,112000.0,10211.267605633802
Renault Logan,Renault Logan 1.6 16v Intense,2022,La Matanza - Bs.As. G.B.A. Oeste,16000.0,16901.408450704224
Renault Logan,Renault Logan 1.6 Authentique 85cv,2018,Capital Federal - Capital Federal,85000.0,11800.0
Renault Logan,Renault Logan 1.6 16v Life,2021,Capital Federal - Capital Federal,57473.0,12500.0
Renault Logan,Renault Logan 1.6 16v Zen,2022,Capital Federal - Capital Federal,15300.0,15492.957746478873
Renault Logan,Renault Logan 1.6 16v Life,2023,Lanús - Bs.As. G.B.A. Sur,74000.0,13028.169014084508
Renault Logan,Renault Logan 1.6 16v Intense,2025,Almirante Brown - Bs.As. G.B.A. Sur,0.0,19772.378169014086
Renault Logan,Renault Logan 1.6 16v Life,2025,Del Viso - Bs.As. G.B.A. Norte,13280.0,16478.169014084506
Renault Logan,Renault Logan 1.6 Authentique 85cv,2018,San Andrés De Giles - Buenos Aires Interior,100000.0,11619.718309859154
Renault Logan,Renault Logan 1.6 16v Zen,2023,Capital Federal - Capital Federal,34000.0,14014.084507042253
Renault Logan,Renault Logan 1.6 16v Life,2022,Merlo - Bs.As. G.B.A. Oeste,67000.0,13380.281690140846
Renault Logan,Renault Logan 1.6 16v Life,2022,Lomas De Zamora - Bs.As. G.B.A. Sur,112000.0,13380.281690140846
Renault Logan,Renault Logan 1.6 16v Life,2022,Lomas De Zamora - Bs.As. G.B.A. Sur,155900.0,12605.633802816901
Renault Logan,Renault Logan 1.6 16v Life,2022,Capital Federal - Capital Federal,74000.0,13732.394366197183
Renault Logan,Renault Logan 1.6 16v Life,2022,Del Viso - Bs.As. G.B.A. Norte,71000.0,14014.084507042253
Renault Logan,Renault Logan 1.6 16v Life,2022,Quilmes - Bs.As. G.B.A. Sur,40300.0,13661.971830985916
Renault Logan,Renault Logan 1.6 Pack I 90cv,2013,Capital Federal - Capital Federal,98400.0,8098.591549295775
Renault Logan,Renault Logan 1.6 Expression 85cv,2014,Morón - Bs.As. G.B.A. Oeste,106300.0,9084.507042253521
Renault Logan,Renault Logan 1.6 Expression 85cv,2017,Pilar - Bs.As. G.B.A. Norte,157000.0,8380.281690140846
Renault Logan,Renault Logan 1.6 Luxe,2008,Esteban Echeverría - Bs.As. G.B.A. Sur,105000.0,6690.140845070423
Renault Logan,Renault Logan Logan Ph2 Intens 1.6,2025,Capital Federal - Capital Federal,0.0,20914.788732394365
Renault Logan,Renault Logan 1.6 Pack Ii Abcp+abs 90cv,2013,Capital Federal - Capital Federal,89200.0,8098.591549295775
Renault Logan,Renault Logan 1.6 Privilege Plus 105cv,2016,La Plata - Bs.As. G.B.A. Sur,125366.0,10211.267605633802
Renault Logan,Renault Logan 1.6 Privilege Plus 105cv,2016,La Plata - Bs.As. G.B.A. Sur,55000.0,10211.267605633802
Renault Logan,Renault Logan 1.6 Pack I Abcp+abs 90cv,2013,Capital Federal - Capital Federal,85000.0,7746.478873239436
Renault Logan,Renault Logan 1.6 Authentique Plus 85cv,2019,Capital Federal - Capital Federal,95000.0,9084.507042253521
Renault Logan,Renault Logan 1.6 Authentique 85cv,2014,La Matanza - Bs.As. G.B.A. Oeste,162000.0,9014.084507042253
Renault Logan,Renault Logan 1.6 Authentique Plus 85cv,2019,San Isidro - Bs.As. G.B.A. Norte,80000.0,11619.718309859154
Renault Logan,Renault Logan 1.6 16v Zen,2021,La Plata - Bs.As. G.B.A. Sur,38000.0,14788.732394366198
Renault Logan,Renault Logan 1.6 Authentique Plus 85cv Nac,2018,Almirante Brown - Bs.As. G.B.A. Sur,275000.0,8098.591549295775
Renault Logan,Renault Logan 1.6 16v Life,2023,General San Martín - Bs.As. G.B.A. Norte,10000.0,16500.0
Renault Logan,Renault Logan 1.6 Privilege 105cv,2017,San Isidro - Bs.As. G.B.A. Norte,128800.0,10211.267605633802
Renault Logan,Renault Logan 1.6 16v Privilege Plus,2017,Lanús - Bs.As. G.B.A. Sur,90000.0,11830.985915492958
Renault Logan,Renault Logan 1.6 Privilege 105cv,2018,Capital Federal - Capital Federal,130000.0,9788.732394366198
Renault Logan,Renault Logan 1.6 Authentique 85cv,2016,La Matanza - Bs.As. G.B.A. Oeste,149000.0,10563.38028169014
Renault Logan,Renault Logan 1.6 Authentique 85cv Con Gnc,2017,Pilar - Bs.As. G.B.A. Norte,213000.0,9507.042253521127
Renault Logan,Renault Logan 1.6 Authentique 85cv,2017,Capital Federal - Capital Federal,171000.0,6980.0
Renault Logan,Renault Logan 1.6 Authentique Plus 85cv,2016,Capital Federal - Capital Federal,97500.0,9800.0
Renault Logan,Renault Logan 1.6 Expression 85cv,2015,San Miguel - Bs.As. G.B.A. Norte,122000.0,9154.929577464789
Renault Logan,Renault Logan 1.6 16v Life,2022,Lanús - Bs.As. G.B.A. Sur,32000.0,14084.507042253521
Renault Logan,Renault Logan 1.6 Privilege 105cv Nac,2019,Capital Federal - Capital Federal,82000.0,12605.633802816901
Renault Logan,Renault Logan 1.6 16v Zen,2022,La Matanza - Bs.As. G.B.A. Oeste,55000.0,14436.61971830986
Renault Logan,Renault Logan 1.6 16v Zen,2022,Ituzaingó - Bs.As. G.B.A. Oeste,113000.0,13943.661971830987
Renault Logan,Renault Logan 1.6 16v Zen,2022,Capital Federal - Capital Federal,52000.0,14788.732394366198
Renault Logan,Renault Logan 1.6 16v Zen,2022,Morón - Bs.As. G.B.A. Oeste,47200.0,14900.0
Renault Logan,Renault Logan 1.6 16v Life,2022,General San Martín - Bs.As. G.B.A. Norte,67000.0,13732.394366197183
Renault Logan,Renault Logan 1.6 Authentique 85cv,2019,Capital Federal - Capital Federal,163000.0,10250.0
Renault Logan,Renault Logan 1.6 Authentique Plus 85cv,2019,Escobar - Bs.As. G.B.A. Norte,73000.0,13000.0
Renault Logan,Renault Logan 1.6 Confort Ii Abs 90cv,2014,Capital Federal - Capital Federal,53000.0,9800.0
Renault Logan,Renault Logan 1.6 Authentique 85cv,2016,Avellaneda - Bs.As. G.B.A. Sur,128000.0,9014.084507042253
Renault Logan,Renault Logan 1.6 Authentique 85cv,2019,Lanús - Bs.As. G.B.A. Sur,92000.0,11267.605633802817
Renault Logan,Renault Logan 1.6 Authentique Plus 85cv Nac,2017,Cañuelas - Buenos Aires Interior,86000.0,10915.492253521126
Renault Logan,Renault Logan 1.6 Expression 85cv,2017,Capital Federal - Capital Federal,78000.0,10492.957746478873
Renault Logan,Renault Logan 1.6 Authentique 85cv Nac,2019,Capital Federal - Capital Federal,110000.0,10774.647887323943
Renault Logan,Renault Logan 1.6 Authentique Plus 85cv,2019,Lomas De Zamora - Bs.As. G.B.A. Sur,120300.0,10211.267605633802
Renault Logan,Renault Logan Logan Privilege 1.6,2019,Capital Federal - Capital Federal,104000.0,13028.169014084508
Renault Logan,Renault Logan 1.6 Privilege Plus 105cv,2016,Capital Federal - Capital Federal,95000.0,9788.732394366198
Renault Logan,Renault Logan 1.6 Authentique 85cv Nac,2018,Capital Federal - Capital Federal,78000.0,10633.802816901409
Renault Logan,Renault Logan 1.6 Authentique Plus 85cv,2016,Lomas De Zamora - Bs.As. G.B.A. Sur,141500.0,6901.408450704225
Renault Logan,Renault Logan 1.6 Pack Ii Abcp+abs 90cv,2013,La Plata - Bs.As. G.B.A. Sur,248700.0,5633.802816901409
Renault Logan,Renault Logan 1.6 16v Life,2021,Avellaneda - Bs.As. G.B.A. Sur,203000.0,9647.887323943662
Renault Logan,Renault Logan 1.6 Authentique Plus 85cv,2017,Hurlingham - Bs.As. G.B.A. Oeste,125000.0,11267.605633802817
Renault Logan,Renault Logan 1.6 16v Intense,2023,La Plata - Bs.As. G.B.A. Sur,35000.0,15845.070422535211
Renault Logan,Renault Logan 1.6 Privilege 105cv Nac,2017,San Miguel - Bs.As. G.B.A. Norte,101000.0,10915.492957746479
Renault Logan,Renault Logan 1.6 Expression 85cv,2017,La Plata - Bs.As. G.B.A. Sur,154956.0,9154.929577464789
Renault Logan,Renault Logan 1.6 Expression 85cv,2017,La Matanza - Bs.As. G.B.A. Oeste,140000.0,10211.267605633802
Renault Logan,Renault Logan 1.6 Privilege Plus 105cv,2014,Lomas De Zamora - Bs.As. G.B.A. Sur,136000.0,10800.0
Renault Logan,Renault Logan 1.6 16v Intense,2025,La Plata - Bs.As. G.B.A. Sur,0.0,19718.309859154928
Renault Logan,Renault Logan 1.6 Privilege 105cv,2016,La Matanza - Bs.As. G.B.A. Oeste,116000.0,9507.042253521127
Renault Logan,Renault Logan 1.6 Confort Plus,2011,Quilmes - Bs.As. G.B.A. Sur,205000.0,5492.957746478874
Renault Logan,Renault Logan 1.6 Privilege 105cv,2019,Malvinas Argentinas - Bs.As. G.B.A. Norte,93000.0,12500.0
Renault Logan,Renault Logan 1.6 Privilege 105cv,2017,Pilar - Bs.As. G.B.A. Norte,141000.0,11500.0
Renault Logan,Renault Logan 1.6 Privilege 105cv,2014,Vicente López - Bs.As. G.B.A. Norte,128320.0,8380.281690140846
Renault Logan,Renault Logan 1.6 Authentique 85cv,2014,Moreno - Bs.As. G.B.A. Oeste,145000.0,9154.929577464789
Renault Logan,Renault Logan 1.6 Authentique 85cv,2014,Lanús - Bs.As. G.B.A. Sur,133000.0,8802.81690140845
Renault Logan,Renault Logan Ii 1.6 16v Life,2024,General San Martín - Bs.As. G.B.A. Norte,72000.0,15492.957746478873
Renault Logan,Renault Logan 1.6 Authentique Plus 85cv,2019,Capital Federal - Capital Federal,75000.0,11197.18309859155
Renault Logan,Renault Logan 1.6 Authentique Plus 85cv,2017,Capital Federal - Capital Federal,93561.0,11049.295774647888
Renault Logan,Renault Logan 1.6 16v Life,2024,La Plata - Bs.As. G.B.A. Sur,31819.0,15485.915492957747
Renault Logan,Renault Logan 1.6 Pack Ii Abcp+abs 90cv,2013,Capital Federal - Capital Federal,180000.0,8239.43661971831
Renault Logan,Renault Logan 1.6,2026,Quilmes - Bs.As. G.B.A. Sur,0.0,19718.309859154928
Renault Logan,Renault Logan 1.6 16v Intense,2023,Moreno - Bs.As. G.B.A. Oeste,70000.0,14788.732394366198
Renault Logan,Renault Logan 1.6 Authentique 85cv,2018,Ituzaingó - Bs.As. G.B.A. Oeste,144000.0,10140.845070422536
Renault Logan,Renault Logan 1.6 16v Intense,2025,Capital Federal - Capital Federal,0.0,20506.338028169015
Renault Logan,Renault Logan 1.6 Authentique 85cv,2019,General San Martín - Bs.As. G.B.A. Norte,82000.0,11500.0
Renault Logan,Renault Logan 1.6 16v Intense,2023,Tigre - Bs.As. G.B.A. Norte,33000.0,17605.6338028169
Renault Logan,Renault Logan 1.6 16v Zen,2023,Hurlingham - Bs.As. G.B.A. Oeste,37800.0,15492.957746478873
Renault Logan,Renault Logan 1.6 16v Zen,2023,La Plata - Bs.As. G.B.A. Sur,58000.0,15492.957746478873
Renault Logan,Renault Logan 1.6 Pack I Abcp+abs 90cv,2013,La Matanza - Bs.As. G.B.A. Oeste,145000.0,6971.830985915493
Renault Logan,Renault Logan 1.6 Authentique Plus 85cv Nac,2018,Lomas De Zamora - Bs.As. G.B.A. Sur,76000.0,11267.605633802817
Renault Logan,Renault Logan 1.6 Sl Avantage 90cv,2012,Florencio Varela - Bs.As. G.B.A. Sur,160000.0,5281.69014084507
Renault Logan,Renault Logan 1.6 16v Life,2025,Quilmes - Bs.As. G.B.A. Sur,9000.0,16760.563380281692
Renault Logan,Renault Logan 1.6 16v Life,2025,General San Martín - Bs.As. G.B.A. Norte,1111.0,18943.661971830985
Renault Logan,Renault Logan 1.6 Privilege 105cv,2015,La Matanza - Bs.As. G.B.A. Oeste,60000.0,10915.492957746479
Renault Logan,Renault Logan 1.6 Authentique Plus 85cv,2013,General San Martín - Bs.As. G.B.A. Norte,134800.0,8098.591549295775
Renault Logan,Renault Logan 1.6 Privilege Plus 105cv,2018,Capital Federal - Capital Federal,84000.0,11795.774647887323
Renault Logan,Renault Logan 1.6 Expression 85cv,2015,General San Martín - Bs.As. G.B.A. Norte,170000.0,7676.056338028169
Renault Logan,Renault Logan 1.6 Privilége Plus 105cv Nac,2017,Lanús - Bs.As. G.B.A. Sur,110000.0,10492.957746478873
Renault Logan,Renault Logan 1.6 Authentique Plus 85cv,2014,La Plata - Bs.As. G.B.A. Sur,187000.0,9084.507042253521
Renault Logan,Renault Logan 1.6,2010,Moreno - Bs.As. G.B.A. Oeste,101000.0,5105.633802816901
Renault Logan,Renault Logan Autentique 1.6,2014,Mercedes - Buenos Aires Interior,172203.0,8802.81690140845
Renault Logan,Renault Logan 1.6 16v Life,2024,Capital Federal - Capital Federal,36000.0,15140.845070422536
Renault Logan,Renault Logan 1.6 Privilege Plus 105cv,2014,Pilar - Bs.As. G.B.A. Norte,225000.0,7183.098591549296
Renault Logan,Renault Logan 1.6 16v Life,2024,Castelar - Bs.As. G.B.A. Oeste,40000.0,14640.0
Renault Logan,Renault Logan 1.6 Authentique 85cv,2017,Quilmes - Bs.As. G.B.A. Sur,160000.0,9507.042253521127
Renault Logan,Renault Logan 1.6 Authentique Plus 85cv,2018,Zárate - Buenos Aires Interior,40000.0,11800.0
Renault Logan,Renault Logan 1.6 16v Life,2020,La Plata - Bs.As. G.B.A. Sur,95086.0,12091.549295774648
Renault Logan,Renault Logan 1.6 Authentique Plus 85cv,2018,Morón - Bs.As. G.B.A. Oeste,68000.0,9436.61971830986
Renault Logan,Renault Logan 1.6 Authentique Plus 85cv,2018,Capital Federal - Capital Federal,155000.0,9859.154929577464
Renault Logan,Renault Logan 1.6 Authentique 85cv,2019,Capital Federal - Capital Federal,134000.0,9500.0
Renault Logan,Renault Logan 1.6 Authentique 85cv,2018,Ituzaingó - Bs.As. G.B.A. Oeste,118973.0,10211.267605633802
Renault Logan,Renault Logan 1.6 Expression 85cv,2016,Malvinas Argentinas - Bs.As. G.B.A. Norte,145000.0,9500.0
Renault Logan,Renault Logan 1.6 16v Life,2020,Tigre - Bs.As. G.B.A. Norte,140000.0,10915.492957746479
Renault Logan,Renault Logan 1.6 Authentique Plus 85cv,2015,Morón - Bs.As. G.B.A. Oeste,95400.0,10000.0
Renault Logan,Renault Logan 1.6 16v Life,2020,Quilmes - Bs.As. G.B.A. Sur,65000.0,12605.633802816901
Renault Logan,Renault Logan 1.6 Privilege 105cv,2017,Capital Federal - Capital Federal,88000.0,12323.94366197183
Renault Logan,Renault Logan 1.6 Expression 85cv Nac,2017,Capital Federal - Capital Federal,170000.0,9500.0
VW Virtus,Volkswagen Virtus 1.6 Msi Trendline Mt,2025,Capital Federal - Capital Federal,0.0,26056.337323943662
VW Virtus,Volkswagen Virtus 1.0 Tsi Highline,2023,Capital Federal - Capital Federal,8353.0,27500.0
VW Virtus,Volkswagen Virtus 1.6 Msi Highline,2018,Capital Federal - Capital Federal,117000.0,12400.0
VW Virtus,Volkswagen Virtus 1.6 Highline,2019,Capital Federal - Capital Federal,99498.0,15492.957746478873
VW Virtus,Volkswagen Virtus 1.6 Comfortline At,2021,Malvinas Argentinas - Bs.As. G.B.A. Norte,79000.0,15985.915492957747
VW Virtus,Volkswagen Virtus 1.6 Comfortline At,2019,Escobar - Bs.As. G.B.A. Norte,67148.0,15845.070422535211
VW Virtus,Volkswagen Virtus 1.6 Msi Trendline,2025,Capital Federal - Capital Federal,0.0,24507.042253521126
VW Virtus,Volkswagen Virtus 1.6 Msi,2026,Capital Federal - Capital Federal,0.0,22323.943661971833
VW Virtus,Volkswagen Virtus 1.6 Msi,2026,Capital Federal - Capital Federal,0.0,22323.943661971833
VW Virtus,Volkswagen Virtus 1.6 Msi Comfortline,2026,Capital Federal - Capital Federal,0.0,32144.894366197183
VW Virtus,Volkswagen Virtus 1.6 Msi Highline,2018,San Isidro - Bs.As. G.B.A. Norte,62000.0,16500.0
VW Virtus,Volkswagen Virtus 1.6 Msi Trendline,2020,Capital Federal - Capital Federal,28000.0,16197.18309859155
VW Virtus,Volkswagen Virtus 1.6 Msi Trendline,2018,Avellaneda - Bs.As. G.B.A. Sur,115000.0,13028.169014084508
VW Virtus,Volkswagen Virtus 1.6 Msi Trendline,2020,Escobar - Bs.As. G.B.A. Norte,211000.0,12669.014084507042
VW Virtus,Volkswagen Virtus 1.6 Msi Comfortline,2026,Florencio Varela - Bs.As. G.B.A. Sur,0.0,24647.816901408452
VW Virtus,Volkswagen Virtus 1.6 Msi,2024,Capital Federal - Capital Federal,28000.0,20422.535211267605
VW Virtus,Volkswagen Virtus 1.6 Msi Comfortline,2026,Almirante Brown - Bs.As. G.B.A. Sur,0.0,24647.816901408452
VW Virtus,Volkswagen Virtus 1.6 Msi Comfortline,2026,Capital Federal - Capital Federal,0.0,32144.894366197183
VW Virtus,Volkswagen Virtus 1.6 Msi Trendline,2026,La Matanza - Bs.As. G.B.A. Oeste,0.0,32183.098591549297
VW Virtus,Volkswagen Virtus 1.4 Tsi Gts,2023,Capital Federal - Capital Federal,47300.0,26049.295774647886
VW Virtus,Volkswagen Virtus 1.6 Msi Comfortline,2026,Beccar - Bs.As. G.B.A. Norte,0.0,24233.827464788734
VW Virtus,Volkswagen Virtus 1.6 Comfortline At,2021,Pilar - Bs.As. G.B.A. Norte,164000.0,14774.647887323943
VW Virtus,Volkswagen Virtus 1.6 Msi,2024,San Isidro - Bs.As. G.B.A. Norte,24000.0,23661.971830985916
VW Virtus,Volkswagen Virtus 1.6 Msi Comfortline,2026,Avellaneda - Bs.As. G.B.A. Sur,0.0,26408.450704225354
VW Virtus,Volkswagen Virtus 1.6 Comfortline At,2019,Capital Federal - Capital Federal,97000.0,11830.985915492958
VW Virtus,Volkswagen Virtus 1.6 Msi Highline,2018,Merlo - Bs.As. G.B.A. Oeste,98000.0,14700.0
VW Virtus,Volkswagen Virtus 1.6 Msi Trendline Auto,2019,Capital Federal - Capital Federal,91000.0,14753.521126760563
VW Virtus,Volkswagen Virtus 1.6 Comfortline,2026,Capital Federal - Capital Federal,0.0,25352.11267605634
VW Virtus,Volkswagen Virtus 1.0 Tsi Trendline Automatico,2026,Capital Federal - Capital Federal,0.0,26408.450704225354
VW Virtus,Volkswagen Virtus 1.6 Comfortline At,2021,La Matanza - Bs.As. G.B.A. Oeste,77000.0,14788.732394366198
VW Virtus,Volkswagen Virtus 1.6 Msi,2024,Capital Federal - Capital Federal,0.0,23028.169014084506
VW Virtus,Volkswagen Virtus 1.6 Comfortline At,2019,San Fernando - Bs.As. G.B.A. Norte,57200.0,14990.0
VW Virtus,Volkswagen Virtus 1.6 Msi Trendline,2018,La Plata - Bs.As. G.B.A. Sur,33000.0,15070.422535211268
VW Virtus,Volkswagen Virtus Virtus Msi Manual 04pze,2026,Quilmes - Bs.As. G.B.A. Sur,0.0,27464.718309859156
VW Virtus,Volkswagen Virtus 1.4 Tsi Exclusive,2023,Capital Federal - Capital Federal,47300.0,26049.295774647886
VW Virtus,Volkswagen Virtus 1.4 Tsi Exclusive,2025,Moreno - Bs.As. G.B.A. Oeste,11000.0,31690.140845070422
VW Virtus,Volkswagen Virtus 1.6 Msi Trendline,2018,Capital Federal - Capital Federal,22800.0,15422.534507042254
VW Virtus,Volkswagen Virtus 1.6 Msi Comfortline,2026,Capital Federal - Capital Federal,0.0,26979.778873239437
VW Virtus,Volkswagen Virtus 1.6 Msi Trendline,2022,La Matanza - Bs.As. G.B.A. Oeste,27000.0,18309.859154929578
VW Virtus,Volkswagen Virtus 1.6 Comfortline,2019,Capital Federal - Capital Federal,82000.0,13943.591549295774
VW Virtus,Volkswagen Virtus 1.6 Msi Highline At,2023,Tigre - Bs.As. G.B.A. Norte,0.0,25338.028169014084
VW Virtus,Volkswagen Virtus 1.6 Comfortline At,2021,Del Viso - Bs.As. G.B.A. Norte,79000.0,17000.0
VW Virtus,Volkswagen Virtus 1.6 Msi Trendline,2020,Vicente López - Bs.As. G.B.A. Norte,56400.0,16197.18309859155
VW Virtus,Volkswagen Virtus 1.6 Msi,2025,San Fernando - Bs.As. G.B.A. Norte,54000.0,21126.76056338028
VW Virtus,Volkswagen Virtus 1.6 Comfortline At,2018,Lanús - Bs.As. G.B.A. Sur,137000.0,15492.957746478873
VW Virtus,Volkswagen Virtus 1.6 Msi Highline,2019,Tigre - Bs.As. G.B.A. Norte,110000.0,14800.0
VW Virtus,Volkswagen Virtus Virtus 1.6 Msi Comfortline,2020,La Plata - Bs.As. G.B.A. Sur,82000.0,15500.0
VW Virtus,Volkswagen Virtus Highline 170tsi At,2026,Capital Federal - Capital Federal,0.0,28028.169014084506
VW Virtus,Volkswagen Virtus 1.6 Msi Highline At,2018,Capital Federal - Capital Federal,79000.0,14647.887323943662
VW Virtus,Volkswagen Virtus 1.6 Msi Highline At,2018,Tigre - Bs.As. G.B.A. Norte,194500.0,13400.0
VW Virtus,Volkswagen Virtus 1.6 Msi,2025,Berazategui - Bs.As. G.B.A. Sur,0.0,23591.635915492956
VW Virtus,Volkswagen Virtus 1.6 Msi Highline At,2018,Capital Federal - Capital Federal,87000.0,15900.0
VW Virtus,Volkswagen Virtus 1.6 Comfortline At,2021,La Matanza - Bs.As. G.B.A. Oeste,77000.0,14788.732394366198
VW Virtus,Volkswagen Virtus 1.6 Msi Trendline,2018,Tigre - Bs.As. G.B.A. Norte,128823.0,13028.169014084508
VW Virtus,Volkswagen Virtus 1.6 Comfortline At,2020,Del Viso - Bs.As. G.B.A. Norte,50000.0,15492.957746478873
VW Virtus,Volkswagen Virtus 1.6 Msi Trendline At,2018,Tres De Febrero - Bs.As. G.B.A. Oeste,188000.0,12323.94366197183
VW Virtus,Volkswagen Virtus 1.0 Tsi Trendline Aut,2025,Escobar - Bs.As. G.B.A. Norte,0.0,25345.070422535213
VW Virtus,Volkswagen Virtus 1.6 Msi Highline,2018,Capital Federal - Capital Federal,61740.0,14507.042253521127
VW Virtus,Volkswagen Virtus 1.6 Msi Trendline,2018,Avellaneda - Bs.As. G.B.A. Sur,84000.0,13732.394366197183
VW Virtus,Volkswagen Virtus 1.6 Msi Trendline,2021,Capital Federal - Capital Federal,35000.0,15845.070422535211
VW Virtus,Volkswagen Virtus 1.0 Tsi Highline,2024,Capital Federal - Capital Federal,22000.0,23943.661971830985
VW Virtus,Volkswagen Virtus 1.6 Msi Trendline,2020,Capital Federal - Capital Federal,94333.0,13000.0
VW Virtus,Volkswagen Virtus 1.6 Msi Trendline At,2018,Capital Federal - Capital Federal,137000.0,12500.0
VW Virtus,Volkswagen Virtus 1.6 Msi Trendline,2020,Escobar - Bs.As. G.B.A. Norte,211700.0,12669.014084507042
VW Virtus,Volkswagen Virtus 1.6 Msi Comfortline,2025,Tigre - Bs.As. G.B.A. Norte,0.0,23591.549295774646
VW Virtus,Volkswagen Virtus 1.0 Tsi Trendline,2025,Capital Federal - Capital Federal,0.0,28309.859154929578
VW Virtus,Volkswagen Virtus 1.6 Msi Trendline At,2018,Lanús - Bs.As. G.B.A. Sur,87000.0,15492.957746478873
VW Virtus,Volkswagen Virtus 1.4 Tsi Gts,2021,Capital Federal - Capital Federal,42000.0,23943.661971830985
VW Virtus,Volkswagen Virtus 1.6 Comfortline At,2021,Escobar - Bs.As. G.B.A. Norte,164000.0,18500.0
VW Virtus,Volkswagen Virtus 1.6 Comfortline At,2018,Morón - Bs.As. G.B.A. Oeste,93000.0,13309.859154929578
VW Virtus,Volkswagen Virtus 1.6 Msi Trendline,2019,Avellaneda - Bs.As. G.B.A. Sur,90262.0,14436.61971830986
VW Virtus,Volkswagen Virtus 1.6 Comfortline At,2018,Capital Federal - Capital Federal,150000.0,13900.0
VW Virtus,Volkswagen Virtus 1.4 Tsi Exclusive,2024,Vicente López - Bs.As. G.B.A. Norte,12000.0,24295.774647887323
VW Virtus,Volkswagen Virtus 1.6 Msi Trendline At,2019,Capital Federal - Capital Federal,205000.0,15500.0
VW Virtus,Volkswagen Virtus 1.6 Msi Highline,2018,Capital Federal - Capital Federal,114000.0,13380.281690140846
VW Virtus,Volkswagen Virtus 1.6 Msi Trendline,2019,Monte - Buenos Aires Interior,170000.0,14436.61971830986
VW Virtus,Volkswagen Virtus 1.6 Msi Trendline,2021,Capital Federal - Capital Federal,101000.0,14084.507042253521
VW Virtus,Volkswagen Virtus 1.6 Msi Trendline At,2018,Moreno - Bs.As. G.B.A. Oeste,111000.0,13943.661971830987
VW Virtus,Volkswagen Virtus 1.0 Tsi Highline,2023,Almirante Brown - Bs.As. G.B.A. Sur,30000.0,25352.11267605634
VW Virtus,Volkswagen Virtus 1.6 Msi Trendline,2019,Capital Federal - Capital Federal,122000.0,12323.94366197183
VW Virtus,Volkswagen Virtus 1.6 Msi Trendline,2019,Capital Federal - Capital Federal,110000.0,12323.94366197183
VW Virtus,Volkswagen Virtus Virtus 1.6 Msi Trendline,2021,Capital Federal - Capital Federal,42000.0,16900.0
VW Virtus,Volkswagen Virtus 1.6 Msi Trendline,2021,Capital Federal - Capital Federal,63000.0,15422.535211267606
VW Virtus,Volkswagen Virtus 1.6 Msi Highline,2018,Capital Federal - Capital Federal,59400.0,15838.028169014084
VW Virtus,Volkswagen Virtus 1.6 Msi Trendline,2020,Capital Federal - Capital Federal,95900.0,15850.0
VW Virtus,Volkswagen Virtus 1.6 Msi Trendline,2020,Morón - Bs.As. G.B.A. Oeste,53000.0,16549.295774647886
VW Virtus,Volkswagen Virtus 1.6 Msi Trendline,2020,San Miguel - Bs.As. G.B.A. Norte,112000.0,16126.760563380281
VW Virtus,Volkswagen Virtus 1.0 Tsi Highline,2026,Tigre - Bs.As. G.B.A. Norte,0.0,29011.267605633802
VW Virtus,Volkswagen Virtus 1.0 Tsi Highline,2026,Capital Federal - Capital Federal,0.0,32887.32394366197
VW Virtus,Volkswagen Virtus 1.0 Tsi Trendline,2025,Pilar - Bs.As. G.B.A. Norte,0.0,26753.521126760563
VW Virtus,Volkswagen Virtus 1.6 Msi Trendline,2018,Capital Federal - Capital Federal,119000.0,11619.718309859154
VW Virtus,Volkswagen Virtus 1.6 Msi Trendline At,2018,Capital Federal - Capital Federal,121000.0,12887.323943661971
VW Virtus,Volkswagen Virtus 1.6 Msi Trendline,2022,Berazategui - Bs.As. G.B.A. Sur,30000.0,16830.985915492958
VW Virtus,Volkswagen Virtus 1.6 Msi,2026,Capital Federal - Capital Federal,0.0,22323.943661971833
VW Virtus,Volkswagen Virtus 1.6 Msi Trendline,2018,Capital Federal - Capital Federal,77200.0,13309.859154929578
VW Virtus,Volkswagen Virtus 1.4 Tsi Exclusive,2023,Capital Federal - Capital Federal,52000.0,22900.0
VW Virtus,Volkswagen Virtus 1.6 Msi Trendline,2021,Capital Federal - Capital Federal,60000.0,16267.605633802817
VW Virtus,Volkswagen Virtus 1.6 Msi Trendline,2025,Tigre - Bs.As. G.B.A. Norte,17000.0,21478.87323943662
VW Virtus,Volkswagen Virtus 1.6 Msi Trendline,2018,Capital Federal - Capital Federal,40000.0,13309.859154929578
VW Virtus,Volkswagen Virtus 1.6 Msi Trendline,2018,Vicente López - Bs.As. G.B.A. Norte,57000.0,13309.859154929578
VW Virtus,Volkswagen Virtus 1.6 Msi Highline At,2020,Quilmes - Bs.As. G.B.A. Sur,160000.0,16901.408450704224
VW Virtus,Volkswagen Virtus 1.6 Msi,2025,Quilmes - Bs.As. G.B.A. Sur,27000.0,26056.338028169015
VW Virtus,Volkswagen Virtus 1.6 Msi Trendline At,2018,Capital Federal - Capital Federal,135000.0,12676.05633802817
VW Virtus,Volkswagen Virtus 1.6 Msi,2025,Ituzaingó - Bs.As. G.B.A. Oeste,15500.0,25190.0
VW Virtus,Volkswagen Virtus 1.0 Tsi Trendline,2026,Capital Federal - Capital Federal,0.0,26549.295774647886
VW Virtus,Volkswagen Virtus 1.0 Tsi Trendline,2026,Capital Federal - Capital Federal,0.0,25352.11267605634
VW Virtus,Volkswagen Virtus 1.6 Comfortline At,2019,Tigre - Bs.As. G.B.A. Norte,147000.0,13802.81690140845
VW Virtus,Volkswagen Virtus 1.6 Msi Trendline At,2018,Moreno - Bs.As. G.B.A. Oeste,110000.0,13943.661971830987
VW Virtus,Volkswagen Virtus 1.6 Msi Trendline At,2018,Morón - Bs.As. G.B.A. Oeste,75000.0,16000.0
VW Virtus,Volkswagen Virtus 1.6 Msi Highline At,2018,Castelar - Bs.As. G.B.A. Oeste,114000.0,15000.0
VW Virtus,Volkswagen Virtus 1.6 Msi Comfortline,2026,San Miguel - Bs.As. G.B.A. Norte,1005.0,16901.408450704224
VW Virtus,Volkswagen Virtus 1.6 Msi Trendline,2019,Esteban Echeverría - Bs.As. G.B.A. Sur,123000.0,12676.05633802817
VW Virtus,Volkswagen Virtus 1.6 Msi Trendline,2025,Capital Federal - Capital Federal,840.0,21760.563380281692
VW Virtus,Volkswagen Virtus 1.6 Comfortline,2019,Vicente López - Bs.As. G.B.A. Norte,52000.0,16549.295774647886
VW Virtus,Volkswagen Virtus 1.4 Tsi Gts,2022,Capital Federal - Capital Federal,29000.0,22500.0
VW Virtus,Volkswagen Virtus 1.6 Msi Highline At,2019,Moreno - Bs.As. G.B.A. Oeste,94000.0,15422.535211267606
VW Virtus,Volkswagen Virtus 1.6 Msi Trendline,2021,Capital Federal - Capital Federal,35000.0,16050.0
VW Virtus,Volkswagen Virtus 1.4 Tsi Gts,2021,La Matanza - Bs.As. G.B.A. Oeste,45000.0,22887.323943661973
VW Virtus,Volkswagen Virtus 1.4 Tsi Gts,2021,La Matanza - Bs.As. G.B.A. Oeste,210000.0,20422.535211267605
VW Virtus,Volkswagen Virtus 1.6 Msi Trendline,2025,Tigre - Bs.As. G.B.A. Norte,0.0,22908.450704225354
VW Virtus,Volkswagen Virtus 1.6 Msi Comfortline,2024,Castelar - Bs.As. G.B.A. Oeste,54000.0,17605.6338028169
VW Virtus,Volkswagen Virtus 1.6 Msi Trendline,2022,Berazategui - Bs.As. G.B.A. Sur,33000.0,16830.985915492958
VW Virtus,Volkswagen Virtus 1.6 Msi,2025,La Matanza - Bs.As. G.B.A. Oeste,12000.0,22253.521126760563
VW Virtus,Volkswagen Virtus 1.6 Msi Trendline,2020,Capital Federal - Capital Federal,60000.0,14718.30985915493
VW Virtus,Volkswagen Virtus 1.6 Comfortline,2020,Tigre - Bs.As. G.B.A. Norte,120000.0,13300.0
VW Virtus,Volkswagen Virtus 1.6 Comfortline At,2021,La Matanza - Bs.As. G.B.A. Oeste,77000.0,14788.732394366198
VW Virtus,Volkswagen Virtus 1.6 Msi Trendline,2018,La Matanza - Bs.As. G.B.A. Oeste,85000.0,14084.507042253521
VW Virtus,Volkswagen Virtus Virtus 1.6 Msi Highline,2018,San Miguel - Bs.As. G.B.A. Norte,59400.0,15838.028169014084
VW Virtus,Volkswagen Virtus Virtus 1.6 Msi Highline,2018,San Miguel - Bs.As. G.B.A. Norte,59400.0,15838.028169014084
VW Virtus,Volkswagen Virtus 1.6 Comfortline At,2019,Quilmes - Bs.As. G.B.A. Sur,90000.0,15500.0
VW Virtus,Volkswagen Virtus 1.6 Comfortline,2018,Capital Federal - Capital Federal,220000.0,11830.985915492958
VW Virtus,Volkswagen Virtus 1.6 Msi Trendline,2020,San Fernando - Bs.As. G.B.A. Norte,31000.0,16197.18309859155
VW Virtus,Volkswagen Virtus 1.6 Msi,2024,Castelar - Bs.As. G.B.A. Oeste,53812.0,18309.859154929578
VW Virtus,Volkswagen Virtus 1.6 Msi Trendline,2020,Avellaneda - Bs.As. G.B.A. Sur,65000.0,14718.30985915493
VW Virtus,Volkswagen Virtus 1.6 Comfortline At,2021,San Isidro - Bs.As. G.B.A. Norte,70000.0,16000.0
VW Virtus,Volkswagen Virtus 1.6 Comfortline,2018,La Plata - Bs.As. G.B.A. Sur,95000.0,15500.0
VW Virtus,Volkswagen Virtus 1.6 Msi Highline,2019,La Plata - Bs.As. G.B.A. Sur,110000.0,15845.070422535211
VW Virtus,Volkswagen Virtus 1.0 Tsi Highline,2025,Moreno - Bs.As. G.B.A. Oeste,10000.0,25352.11267605634
VW Virtus,Volkswagen Virtus 1.6 Msi Highline,2018,Almirante Brown - Bs.As. G.B.A. Sur,170000.0,12676.05633802817
VW Virtus,Volkswagen Virtus 1.6 Msi Trendline,2021,Capital Federal - Capital Federal,103000.0,15492.957746478873
VW Virtus,Volkswagen Virtus 1.6 Comfortline At,2021,Pilar - Bs.As. G.B.A. Norte,164380.0,16760.563380281692
VW Virtus,Volkswagen Virtus 1.6 Msi Trendline,2022,La Matanza - Bs.As. G.B.A. Oeste,85000.0,16901.408450704224
VW Virtus,Volkswagen Virtus 1.6 Msi Trendline At L18,2020,La Plata - Buenos Aires Interior,105463.0,13197.18309859155
VW Virtus,Volkswagen Virtus 1.6 Comfortline At,2019,Capital Federal - Capital Federal,158000.0,14788.732394366198
VW Virtus,Volkswagen Virtus 1.6 Msi Trendline,2025,Tigre - Bs.As. G.B.A. Norte,0.0,24084.50704225352
VW Virtus,Volkswagen Virtus 1.6 Comfortline At,2022,Bahía Blanca - Buenos Aires Interior,60000.0,19000.0
VW Virtus,Volkswagen Virtus 1.6 Msi Highline At,2020,Lomas De Zamora - Bs.As. G.B.A. Sur,150000.0,14500.0
VW Virtus,Volkswagen Virtus 1.6 Msi Highline,2018,Capital Federal - Capital Federal,98500.0,14500.0
VW Virtus,Volkswagen Virtus 1.6 Msi Trendline,2018,Capital Federal - Capital Federal,40000.0,13500.0
VW Virtus,Volkswagen Virtus 1.4 Tsi Gts,2022,Pilar - Bs.As. G.B.A. Norte,85300.0,23000.0
VW Virtus,Volkswagen Virtus 1.6 Msi Highline,2019,Capital Federal - Capital Federal,72000.0,16000.0
VW Virtus,Volkswagen Virtus 1.6 Msi Highline,2018,Ituzaingó - Bs.As. G.B.A. Oeste,122000.0,17990.0
VW Virtus,Volkswagen Virtus 1.6 Msi Highline,2018,Avellaneda - Bs.As. G.B.A. Sur,40000.0,17605.6338028169
VW Virtus,Volkswagen Virtus Highline,2018,Vicente López - Bs.As. G.B.A. Norte,64953.0,16197.18309859155
VW Virtus,Volkswagen Virtus 1.6 Msi Highline,2019,Berazategui - Bs.As. G.B.A. Sur,94600.0,15492.957746478873
VW Virtus,Volkswagen Virtus 1.6 Msi Trendline,2018,Capital Federal - Capital Federal,90000.0,12500.0
VW Virtus,Volkswagen Virtus 1.4 Tsi Gts,2022,General San Martín - Bs.As. G.B.A. Norte,81000.0,21056.338028169015
VW Virtus,Volkswagen Virtus 1.6 Comfortline,2018,Quilmes - Bs.As. G.B.A. Sur,99000.0,13500.0
VW Virtus,Volkswagen Virtus 1.6 Msi Trendline,2018,General Las Heras - Buenos Aires Interior,80000.0,14084.507042253521
VW Virtus,Volkswagen Virtus 1.6 Comfortline,2021,Lomas De Zamora - Bs.As. G.B.A. Sur,100000.0,14788.732394366198
VW Virtus,Volkswagen Virtus 1.6 Msi Highline,2019,Almirante Brown - Bs.As. G.B.A. Sur,98700.0,13732.394366197183
VW Virtus,Volkswagen Virtus 1.6 Msi Trendline At,2018,Hurlingham - Bs.As. G.B.A. Oeste,104000.0,13732.394366197183
VW Virtus,Volkswagen Virtus 1.6 Comfortline At,2021,Lanús - Bs.As. G.B.A. Sur,60000.0,15800.0
VW Virtus,Volkswagen Virtus 1.6 Msi Highline,2019,Capital Federal - Capital Federal,48000.0,16549.295774647886
VW Virtus,Volkswagen Virtus 1.6 Msi Highline,2018,Avellaneda - Bs.As. G.B.A. Sur,40000.0,17605.6338028169
VW Virtus,Volkswagen Virtus 1.6 Msi Trendline,2018,La Matanza - Bs.As. G.B.A. Oeste,103000.0,12676.05633802817
VW Virtus,Volkswagen Virtus 1.6 Msi Trendline At,2020,Almirante Brown - Bs.As. G.B.A. Sur,92000.0,15500.0
VW Virtus,Volkswagen Virtus 1.6 Msi Trendline,2020,Capital Federal - Capital Federal,81000.0,15845.070422535211
VW Virtus,Volkswagen Virtus 1.6 Msi Trendline,2023,Merlo - Bs.As. G.B.A. Oeste,53000.0,18309.859154929578
VW Virtus,Volkswagen Virtus 1.6 Comfortline,2018,Capital Federal - Capital Federal,84000.0,14000.0
VW Virtus,Volkswagen Virtus 1.6 Comfortline At,2020,Del Viso - Bs.As. G.B.A. Norte,50000.0,15492.957746478873
VW Virtus,Volkswagen Virtus 1.0 Tsi Highline,2025,Lanús - Bs.As. G.B.A. Sur,11800.0,25400.0
VW Virtus,Volkswagen Virtus 1.6 Msi,2025,La Plata - Bs.As. G.B.A. Sur,56000.0,19718.309859154928
VW Virtus,Volkswagen Virtus 1.6 Msi Trendline,2025,San Isidro - Bs.As. G.B.A. Norte,9000.0,22500.0
VW Virtus,Volkswagen Virtus 1.6 Msi,2025,La Matanza - Bs.As. G.B.A. Oeste,15500.0,22000.0
VW Virtus,Volkswagen Virtus 1.6 Msi,2025,Avellaneda - Bs.As. G.B.A. Sur,35000.0,22535.211267605635
VW Virtus,Volkswagen Virtus 1.6 Comfortline,2019,San Isidro - Bs.As. G.B.A. Norte,50000.0,16126.760563380281
VW Virtus,Volkswagen Virtus 1.6 Comfortline At,2025,9 De Julio - Buenos Aires Interior,0.0,25352.11267605634
VW Virtus,Volkswagen Virtus 1.6 Comfortline,2018,Villa Carlos Paz - Córdoba,100000.0,14718.30985915493
VW Virtus,Volkswagen Virtus 1.4 Tsi Gts,2022,Córdoba - Córdoba,70000.0,24436.61971830986
VW Virtus,Volkswagen Virtus 1.6 Comfortline At,2021,Chascomús - Buenos Aires Interior,67000.0,16500.0
VW Virtus,Volkswagen Virtus 1.6 Msi Trendline,2019,Mar Del Plata - Bs.As. Costa Atlántica,97000.0,14500.0
VW Virtus,Volkswagen Virtus 1.4 Tsi Gts,2021,Santa Clara Del Mar - Bs.As. Costa Atlántica,94700.0,20500.0
VW Virtus,Volkswagen Virtus 1.6 Msi Trendline,2019,Rosario - Santa Fe,59223.0,13309.859154929578
VW Virtus,Volkswagen Virtus 1.6 Msi Trendline,2025,Rawson - Chubut,0.0,29507.042253521126
VW Virtus,Volkswagen Virtus 1.6 Msi Trendline L18,2020,Córdoba - Córdoba,142500.0,14964.788028169014
VW Virtus,Volkswagen Virtus 1.6 Msi Trendline,2023,Córdoba - Córdoba,0.0,32144.894366197183
VW Virtus,Volkswagen Virtus 1.4 Tsi Exclusive,2025,Godoy Cruz - Mendoza,17500.0,33098.59154929577
VW Virtus,Volkswagen Virtus 1.6 Msi Trendline,2018,Olavarría - Buenos Aires Interior,94361.0,15845.070422535211
VW Virtus,Volkswagen Virtus 1.6 Msi Highline At,2018,Mar De Ajo - Bs.As. Costa Atlántica,189000.0,15845.070422535211
VW Virtus,Volkswagen Virtus 1.6 Msi,2025,Tandil - Buenos Aires Interior,1000.0,25281.690140845072
VW Virtus,Volkswagen Virtus 1.6 Comfortline Msi At 110cv,2020,Villa María - Córdoba,98000.0,15845.070422535211
VW Virtus,Volkswagen Virtus 1.6 Msi Comfortline,2025,Corrientes - Corrientes,0.0,23936.61971830986
VW Virtus,Volkswagen Virtus Virtus 1.6 Msi Trendline,2020,Olavarría - Buenos Aires Interior,99000.0,16197.18309859155
VW Virtus,Volkswagen Virtus 1.6 Msi Trendline,2020,Roque Saenz Peña - Chaco,84000.0,15140.845070422536
VW Virtus,Volkswagen Virtus 1.6 Comfortline At,2021,Junín - Buenos Aires Interior,120000.0,14788.732394366198
VW Virtus,Volkswagen Virtus 1.6 Msi Trendline At,2018,Río Cuarto - Córdoba,92000.0,15140.845070422536
VW Virtus,Volkswagen Virtus 1.6 Msi Highline At,2021,Rosario - Santa Fe,60000.0,17605.6338028169
VW Virtus,Volkswagen Virtus 1.6 Msi Comfortline,2026,Mar Del Plata - Bs.As. Costa Atlántica,0.0,24577.464788732395
VW Virtus,Volkswagen Virtus 1.6 Msi Comfortline,2026,Tandil - Buenos Aires Interior,0.0,24577.464788732395
VW Virtus,Volkswagen Virtus 1.6 Msi Comfortline,2026,Balcarce - Buenos Aires Interior,0.0,24577.464788732395
VW Virtus,Volkswagen Virtus 1.6 Msi Comfortline,2026,Mar Del Plata - Bs.As. Costa Atlántica,0.0,24577.464788732395
VW Virtus,Volkswagen Virtus 1.6 Msi Highline At,2022,San Luis - San Luis,109000.0,19014.084507042255
VW Virtus,Volkswagen Virtus 1.4 Tsi Exclusive,2025,Biedma - Chubut,5000.0,33000.0
VW Virtus,Volkswagen Virtus 1.6 Comfortline At,2022,Villarino - Buenos Aires Interior,60000.0,19000.0
VW Virtus,Volkswagen Virtus 1.0 Tsi Trendline,2026,Santa Rosa - La Pampa,0.0,28098.591549295776
VW Virtus,Volkswagen Virtus 1.6 Msi Highline,2018,Córdoba - Córdoba,116000.0,15070.422535211268
VW Virtus,Volkswagen Virtus Comfortline 1.6 Msi 110cv,2019,Trenque Lauquen - Buenos Aires Interior,86182.0,13732.394366197183
VW Virtus,Volkswagen Virtus 1.6 Msi Trendline,2020,Oberá - Misiones,1162.0,20422.535211267605
VW Virtus,Volkswagen Virtus 1.6 Msi,2026,Córdoba - Córdoba,0.0,24577.464788732395
VW Virtus,Volkswagen Virtus 1.4 Tsi Exclusive,2024,San Francisco - Córdoba,7000.0,26408.450704225354
VW Virtus,Volkswagen Virtus 1.6 Comfortline At,2022,Villarino - Buenos Aires Interior,59000.0,19000.0
VW Virtus,Volkswagen Virtus 1.6 Comfortline,2018,Paraná - Entre Ríos,103012.0,13028.169014084508
VW Virtus,Volkswagen Virtus 1.6 Comfortline,2019,Pergamino - Buenos Aires Interior,160830.0,15000.0
VW Virtus,Volkswagen Virtus 1.6 Msi Highline At,2018,Tandil - Buenos Aires Interior,95700.0,16760.563380281692
VW Virtus,Volkswagen Virtus 1.0 Tsi Highline,2025,Tandil - Buenos Aires Interior,1000.0,28098.591549295776
VW Virtus,Volkswagen Virtus 1.0 Tsi Highline,2025,Necochea - Bs.As. Costa Atlántica,1000.0,28098.591549295776
VW Virtus,Volkswagen Virtus 1.6 Msi Trendline,2018,Bahía Blanca - Buenos Aires Interior,90000.0,14788.732394366198
VW Virtus,Volkswagen Virtus 1.6 Msi Trendline,2018,Rosario - Santa Fe,122000.0,12605.633802816901
VW Virtus,Volkswagen Virtus 1.6 Msi Trendline At,2018,Maipú - Mendoza,115586.0,14014.084507042253
VW Virtus,Volkswagen Virtus 1.4 Tsi Exclusive,2025,Biedma - Chubut,4800.0,31690.140845070422
VW Virtus,Volkswagen Virtus 1.0 Tsi Highline,2024,Biedma - Chubut,8900.0,26056.338028169015
VW Virtus,Volkswagen Virtus Gts 1.4t At,2021,Córdoba - Córdoba,45100.0,23098.591549295776
VW Virtus,Volkswagen Virtus 1.4 Tsi Gts,2021,Córdoba - Córdoba,92800.0,20915.49295774648
VW Virtus,Volkswagen Virtus 1.6 Comfortline At,2021,Paso De Los Libres - Corrientes,81240.0,15422.535211267606
VW Virtus,Volkswagen Virtus 1.0 170 Tsi Highline At6,2023,Córdoba - Córdoba,45000.0,24084.50704225352
VW Virtus,Volkswagen Virtus 1.6 Msi Highline At,2018,Federación - Entre Ríos,143000.0,14788.732394366198
VW Virtus,Volkswagen Virtus 1.0 Tsi Highline,2023,Oberá - Misiones,49560.0,24647.88732394366
VW Virtus,Volkswagen Virtus 1.0 Tsi Highline,2023,Mendoza - Mendoza,39766.0,25000.0
VW Virtus,Volkswagen Virtus 1.6 Comfortline,2019,San Nicolás - Buenos Aires Interior,88000.0,15845.070422535211
VW Virtus,Volkswagen Virtus 1.6 Msi Comfortline,2025,Las Flores - Buenos Aires Interior,11000.0,26408.450704225354
VW Voyage,Volkswagen Voyage 1.6 Comfortline Plus 101cv,2014,Florencio Varela - Bs.As. G.B.A. Sur,142000.0,9154.929577464789
VW Voyage,Volkswagen Voyage 1.6 Trendline 101cv,2017,Capital Federal - Capital Federal,210000.0,9295.774647887323
VW Voyage,Volkswagen Voyage 1.6 Comfortline 101cv,2010,Capital Federal - Capital Federal,152000.0,6000.0
VW Voyage,Volkswagen Voyage 1.6 Trenline 101cv,2016,San Isidro - Bs.As. G.B.A. Norte,82000.0,10563.38028169014
VW Voyage,Volkswagen Voyage 1.6 Conceptline,2010,Capital Federal - Capital Federal,280000.0,6338.028169014085
VW Voyage,Volkswagen Voyage 1.6 Comfortline 101cv Abcp Abs,2013,General San Martín - Bs.As. G.B.A. Norte,120000.0,7200.0
VW Voyage,Volkswagen Voyage 1.6 Trenline 101cv,2015,Capital Federal - Capital Federal,121000.0,9507.042253521127
VW Voyage,Volkswagen Voyage 1.6 Highline 101cv,2011,General San Martín - Bs.As. G.B.A. Norte,100000.0,8500.0
VW Voyage,Volkswagen Voyage 1.6 Advance,2009,Capital Federal - Capital Federal,219000.0,6021.12676056338
VW Voyage,Volkswagen Voyage 1.6 Comfortline Plus 2 101cv,2015,Capital Federal - Capital Federal,276000.0,6830.985915492958
VW Voyage,Volkswagen Voyage 1.6 Comfortline 101cv,2012,Capital Federal - Capital Federal,11000.0,10400.0
VW Voyage,Volkswagen Voyage 1.6 Trenline 101cv,2019,Capital Federal - Capital Federal,156000.0,10211.267605633802
VW Voyage,Volkswagen Voyage 1.6 Highline 101cv,2018,La Plata - Bs.As. G.B.A. Sur,230000.0,9859.154929577464
VW Voyage,Volkswagen Voyage 1.6 Trendline 101cv,2014,San Isidro - Bs.As. G.B.A. Norte,95000.0,8190.0
VW Voyage,Volkswagen Voyage 1.6 Trenline 101cv,2017,Capital Federal - Capital Federal,116000.0,6514.084507042254
VW Voyage,Volkswagen Voyage 1.6 I Motion. Sedan 4 Puertas,2011,Almirante Brown - Bs.As. G.B.A. Sur,110000.0,7746.478873239436
VW Voyage,Volkswagen Voyage 1.6 Comfortline Plus 101cv,2013,Moreno - Bs.As. G.B.A. Oeste,191000.0,7253.521126760564
VW Voyage,Volkswagen Voyage 1.6 Trenline 101cv,2017,Castelar - Bs.As. G.B.A. Oeste,81215.0,11119.718309859154
VW Voyage,Volkswagen Voyage 1.6 Msi,2017,Moreno - Bs.As. G.B.A. Oeste,260000.0,7394.366197183099
VW Voyage,Volkswagen Voyage 1.6 Trenline 101cv,2017,Capital Federal - Capital Federal,181000.0,8450.704225352112
VW Voyage,Volkswagen Voyage 1.6 101cv,2012,San Isidro - Bs.As. G.B.A. Norte,175000.0,6407.7464788732395
VW Voyage,Volkswagen Voyage 1.6 Comfortline Plus 101cv,2011,Capital Federal - Capital Federal,175000.0,6338.028169014085
VW Voyage,Volkswagen Voyage 1.6 Trenline 101cv,2019,Capital Federal - Capital Federal,70000.0,11619.718309859154
VW Voyage,Volkswagen Voyage 1.6 Comfortline Plus 101cv,2010,Moreno - Bs.As. G.B.A. Oeste,149019.0,7400.0
VW Voyage,Volkswagen Voyage 1.6 Trendline 101cv,2017,Capital Federal - Capital Federal,86600.0,10800.0
VW Voyage,Volkswagen Voyage 1.6 Comfortline 101cv,2009,General San Martín - Bs.As. G.B.A. Norte,140000.0,6700.0
VW Voyage,Volkswagen Voyage 1.6 Comfortline 101cv,2011,Ezeiza - Bs.As. G.B.A. Sur,226000.0,5985.915492957746
VW Voyage,Volkswagen Voyage 1.6 Comfortline 101cv,2011,Berazategui - Bs.As. G.B.A. Sur,80000.0,8900.0
VW Voyage,Volkswagen Voyage 1.6 Comfortline 101cv C/gnc,2011,Capital Federal - Capital Federal,135000.0,6338.028169014085
VW Voyage,Volkswagen Voyage 1.6 Serie 101cv,2012,Capital Federal - Capital Federal,193925.0,6338.028169014085
VW Voyage,Volkswagen Voyage 1.6 Comfortline 101cv,2012,Avellaneda - Bs.As. G.B.A. Sur,127000.0,7394.366197183099
VW Voyage,Volkswagen Voyage 1.6 Comfortline Plus 101cv,2011,San Miguel - Bs.As. G.B.A. Norte,278000.0,5774.647887323944
VW Voyage,Volkswagen Voyage 1.6 Comfortline Plus 101cv,2011,La Matanza - Bs.As. G.B.A. Oeste,240000.0,5633.802816901409
VW Voyage,Volkswagen Voyage 1.6 Comfortline Plus 101cv,2011,La Matanza - Bs.As. G.B.A. Oeste,240000.0,5633.802816901409
VW Voyage,Volkswagen Voyage 1.6 Trendline 101cv,2017,José C. Paz - Bs.As. G.B.A. Norte,170000.0,9366.197183098591
VW Voyage,Volkswagen Voyage 1.6 Trendline,2011,La Plata - Bs.As. G.B.A. Sur,145000.0,8000.0
VW Voyage,Volkswagen Voyage 1.6 Comfortline 101cv,2012,Capital Federal - Capital Federal,129000.0,7605.633802816901
VW Voyage,Volkswagen Voyage 1.6 Highline 101cv,2016,Capital Federal - Capital Federal,260000.0,6971.830985915493
VW Voyage,Volkswagen Voyage 1.6 Highline 101cv,2010,Lomas De Zamora - Bs.As. G.B.A. Sur,112000.0,8309.859154929578
VW Voyage,Volkswagen Voyage 1.6 Comfortline Imotion Plus,2011,General San Martín - Bs.As. G.B.A. Norte,155000.0,7612.6760563380285
VW Voyage,Volkswagen Voyage 1.6 Comfortline 101cv,2011,Berisso - Buenos Aires Interior,215000.0,6000.0
VW Voyage,Volkswagen Voyage 1.6 Comfortline 101cv,2011,Almirante Brown - Bs.As. G.B.A. Sur,125000.0,7676.056338028169
VW Voyage,Volkswagen Voyage 1.6 101cv,2013,Capital Federal - Capital Federal,230000.0,7394.366197183099
VW Voyage,Volkswagen Voyage 1.6 Comfortline 101cv,2013,Capital Federal - Capital Federal,120000.0,8500.0
VW Voyage,Volkswagen Voyage 1.6 Comfortline Plus 101cv,2011,Capital Federal - Capital Federal,158000.0,6901.408450704225
VW Voyage,Volkswagen Voyage 1.6 Comfortline 101cv,2009,San Miguel - Bs.As. G.B.A. Norte,152000.0,6901.408450704225
VW Voyage,Volkswagen Voyage 1.6 Comfortline 101cv,2011,Escobar - Bs.As. G.B.A. Norte,201000.0,7394.366197183099
VW Voyage,Volkswagen Voyage 1.6 Comfortline Plus 101cv,2012,Luján - Buenos Aires Interior,120000.0,7676.056338028169
VW Voyage,Volkswagen Voyage 1.6 Comfortline Plus 101cv,2013,Capital Federal - Capital Federal,90000.0,8873.239436619719
VW Voyage,Volkswagen Voyage 1.6 Highline 101cv,2015,Capital Federal - Capital Federal,140000.0,10999.0
VW Voyage,Volkswagen Voyage 1.6 Comfortline 101cv,2013,Castelar - Bs.As. G.B.A. Oeste,120000.0,9154.929577464789
VW Voyage,Volkswagen Voyage 1.6 Comfortline 101cv,2011,Capital Federal - Capital Federal,132000.0,7394.366197183099
VW Voyage,Volkswagen Voyage 1.6 Trenline 101cv,2016,La Matanza - Bs.As. G.B.A. Oeste,88000.0,10915.492957746479
VW Voyage,Volkswagen Voyage 1.6 101cv,2013,Quilmes - Bs.As. G.B.A. Sur,128548.0,8345.070422535211
VW Voyage,Volkswagen Voyage 1.6 101cv,2013,Escobar - Bs.As. G.B.A. Norte,244000.0,7746.478873239436
VW Voyage,Volkswagen Voyage 1.6 Comfortline 101cv,2011,Quilmes - Bs.As. G.B.A. Sur,221000.0,6690.140845070423
VW Voyage,Volkswagen Voyage 1.6 Comfortline Imotion Plus,2011,General San Martín - Bs.As. G.B.A. Norte,155000.0,7611.267605633803
VW Voyage,Volkswagen Voyage 1.6 Comfortline 101cv,2010,Morón - Bs.As. G.B.A. Oeste,240000.0,6690.140845070423
VW Voyage,Volkswagen Voyage 1.6 101cv,2012,General San Martín - Bs.As. G.B.A. Norte,230000.0,8802.81690140845
VW Voyage,Volkswagen Voyage 1.6 101cv,2012,La Plata - Bs.As. G.B.A. Sur,126500.0,8802.81690140845
VW Voyage,Volkswagen Voyage 1.6 Comfortline Plus 101cv,2013,Quilmes - Bs.As. G.B.A. Sur,170000.0,8802.81690140845
VW Voyage,Volkswagen Voyage 1.6 Comfortline 101cv,2015,Quilmes - Bs.As. G.B.A. Sur,90000.0,12000.0
VW Voyage,Volkswagen Voyage 1.6 Trenline 101cv,2018,Capital Federal - Capital Federal,50000.0,10422.535211267606
VW Voyage,Volkswagen Voyage 1.6 Trendline,2011,La Plata - Bs.As. G.B.A. Sur,206000.0,8900.0
VW Voyage,Volkswagen Voyage 1.6 Trenline 101cv,2015,Tigre - Bs.As. G.B.A. Norte,147000.0,8098.591549295775
VW Voyage,Volkswagen Voyage 1.6 Highline 101cv,2011,Capital Federal - Capital Federal,160000.0,7957.7464788732395
VW Voyage,Volkswagen Voyage 1.6 Highline 101cv,2012,Capital Federal - Capital Federal,96000.0,8450.0
VW Voyage,Volkswagen Voyage Trendline,2011,Caseros - Bs.As. G.B.A. Oeste,130000.0,7042.2535211267605
VW Voyage,Volkswagen Voyage 1.6 Comfortline Plus,2012,Capital Federal - Capital Federal,170000.0,6971.830985915493
VW Voyage,Volkswagen Voyage 1.6 Trenline 101cv,2017,Lomas De Zamora - Bs.As. G.B.A. Sur,168000.0,8098.591549295775
VW Voyage,Volkswagen Voyage 1.6 Comfortline 101cv,2015,Capital Federal - Capital Federal,190000.0,8098.591549295775
VW Voyage,Volkswagen Voyage 1.6 Trendline My17,2017,Capital Federal - Capital Federal,20000.0,11626.760563380281
VW Voyage,Volkswagen Voyage 1.6 Trendline 101cv,2017,Morón - Bs.As. G.B.A. Oeste,125000.0,11830.985915492958
VW Voyage,Volkswagen Voyage 1.6 Trendline 101cv,2017,San Fernando - Bs.As. G.B.A. Norte,146000.0,9859.154929577464
VW Voyage,Volkswagen Voyage 1.6 Trendline 101cv,2017,La Matanza - Bs.As. G.B.A. Oeste,210000.0,8802.81690140845
VW Voyage,Volkswagen Voyage 1.6 Trendline L17,2018,Capital Federal - Capital Federal,143913.0,10156.901408450703
VW Voyage,Volkswagen Voyage 1.6 Comfortline Plus 101cv,2010,Capital Federal - Capital Federal,159000.0,6971.830985915493
VW Voyage,Volkswagen Voyage 1.6 Comfortline Plus 101cv Ll,2012,Lomas De Zamora - Bs.As. G.B.A. Sur,180000.0,7323.943661971831
VW Voyage,Volkswagen Voyage 1.6 Comfortline Plus 101cv Ll,2012,Malvinas Argentinas - Bs.As. G.B.A. Norte,132000.0,8380.281690140846
VW Voyage,Volkswagen Voyage 1.6 Comfortline 101cv Abcp Abs,2014,La Plata - Bs.As. G.B.A. Sur,153000.0,8802.81690140845
VW Voyage,Volkswagen Voyage 1.6 101cv,2013,Castelar - Bs.As. G.B.A. Oeste,120000.0,9154.929577464789
VW Voyage,Volkswagen Voyage 1.6 Comfortline 101cv I-motion,2012,Ituzaingó - Bs.As. G.B.A. Oeste,109948.0,6478.87323943662
VW Voyage,Volkswagen Voyage 1.6 Trenline 101cv,2017,Tigre - Bs.As. G.B.A. Norte,218000.0,11619.718309859154
VW Voyage,Volkswagen Voyage 1.6 Trenline 101cv,2017,Capital Federal - Capital Federal,75000.0,10800.0
VW Voyage,Volkswagen Voyage 1.6 Comfortline 101cv,2014,La Plata - Bs.As. G.B.A. Sur,170000.0,9800.0
VW Voyage,Volkswagen Voyage 1.6 101cv,2014,General San Martín - Bs.As. G.B.A. Norte,116000.0,9500.0
VW Voyage,Volkswagen Voyage 1.6 Comfortline 101cv,2015,Tres De Febrero - Bs.As. G.B.A. Oeste,206000.0,10000.0
VW Voyage,Volkswagen Voyage 1.6 Comfortline 101cv,2009,Capital Federal - Capital Federal,200000.0,3626.760563380282
VW Voyage,Volkswagen Voyage 1.6 Comfortline Plus 101cv,2011,Capital Federal - Capital Federal,201000.0,6330.985915492958
VW Voyage,Volkswagen Voyage 1.6 Trenline 101cv,2018,La Matanza - Bs.As. G.B.A. Oeste,70000.0,12535.211267605633
VW Voyage,Volkswagen Voyage 1.6 Comfortline Plus 101cv,2014,San Isidro - Bs.As. G.B.A. Norte,165000.0,9718.30985915493
VW Voyage,Volkswagen Voyage 1.6 Comfortline 101cv,2015,Tres De Febrero - Bs.As. G.B.A. Oeste,167000.0,8000.0
VW Voyage,Volkswagen Voyage 1.6 Highline 101cv,2015,General San Martín - Bs.As. G.B.A. Norte,95900.0,11197.18309859155
VW Voyage,Volkswagen Voyage 1.6 Highline 101cv,2018,La Matanza - Bs.As. G.B.A. Oeste,83000.0,12700.0
VW Voyage,Volkswagen Voyage 1.6,2015,Capital Federal - Capital Federal,93000.0,8098.591549295775
VW Voyage,Volkswagen Voyage 1.6 Comfortline Plus I-motion Ab Ll,2013,Quilmes - Bs.As. G.B.A. Sur,95210.0,8400.0
VW Voyage,Volkswagen Voyage 1.6 Trendline 101cv,2016,Capital Federal - Capital Federal,82000.0,10500.0
VW Voyage,Volkswagen Voyage 1.6 101cv,2012,Tigre - Bs.As. G.B.A. Norte,180000.0,7394.366197183099
VW Voyage,Volkswagen Voyage 1.6 Trenline 101cv,2018,Capital Federal - Capital Federal,147885.0,10056.338028169013
VW Voyage,Volkswagen Voyage 1.6 Comfortline 101cv,2013,Quilmes - Bs.As. G.B.A. Sur,128500.0,8380.281690140846
VW Voyage,Volkswagen Voyage 1.6 Trendline 101cv,2016,General San Martín - Bs.As. G.B.A. Norte,90000.0,9788.732394366198
VW Voyage,Volkswagen Voyage 1.6 Trenline 101cv,2017,Capital Federal - Capital Federal,105000.0,9859.154929577464
VW Voyage,Volkswagen Voyage 1.6 Comfortline Plus I Motion,2014,Malvinas Argentinas - Bs.As. G.B.A. Norte,197303.0,7070.422535211268
VW Voyage,Volkswagen Voyage 1.6 Comfortline 101cv,2011,Esteban Echeverría - Bs.As. G.B.A. Sur,210000.0,6338.028169014085
VW Voyage,Volkswagen Voyage 1.6 Highline 101cv Ll+alt,2014,Castelar - Bs.As. G.B.A. Oeste,195000.0,6267.605633802817
VW Voyage,Volkswagen Voyage 1.6 Trenline 101cv,2014,Capital Federal - Capital Federal,163000.0,8802.81690140845
VW Voyage,Volkswagen Voyage 1.6 Trenline 101cv,2017,Capital Federal - Capital Federal,171000.0,8500.0
VW Voyage,Volkswagen Voyage 1.6 Trendline 101cv,2018,Avellaneda - Bs.As. G.B.A. Sur,89000.0,10492.957746478873
VW Voyage,Volkswagen Voyage 1.6 Highline 101cv,2018,Capital Federal - Capital Federal,215000.0,9507.042253521127
VW Voyage,Volkswagen Voyage 1.6 Format,2010,Hurlingham - Bs.As. G.B.A. Oeste,175000.0,7676.056338028169
VW Voyage,Volkswagen Voyage 1.6 101cv,2013,Escobar - Bs.As. G.B.A. Norte,203000.0,7746.478873239436
VW Voyage,Volkswagen Voyage 1.6 Comfortline 101cv,2014,Tres De Febrero - Bs.As. G.B.A. Oeste,178000.0,8450.704225352112
VW Voyage,Volkswagen Voyage 1.6 Comfortline 101cv Abcp Abs,2015,Quilmes - Bs.As. G.B.A. Sur,108000.0,9500.0
VW Voyage,Volkswagen Voyage 1.6 Trenline 101cv,2018,San Miguel - Bs.As. G.B.A. Norte,180000.0,9859.154929577464
VW Voyage,Volkswagen Voyage 1.6 Comfortline 101cv I-motion,2012,Capital Federal - Capital Federal,102000.0,8000.0
VW Voyage,Volkswagen Voyage 1.6 Comfortline 101cv,2014,San Fernando - Bs.As. G.B.A. Norte,215000.0,9154.929577464789
VW Voyage,Volkswagen Voyage 1.6 Comfortline 101cv Abcp Abs,2015,Avellaneda - Bs.As. G.B.A. Sur,204000.0,7746.478873239436
VW Voyage,Volkswagen Voyage 1.6 Trenline 101cv,2016,La Matanza - Bs.As. G.B.A. Oeste,84000.0,11408.450704225352
VW Voyage,Volkswagen Voyage 1.6 Trenline 101cv,2016,Tigre - Bs.As. G.B.A. Norte,110000.0,10211.267605633802
VW Voyage,Volkswagen Voyage 1.6 Highline 101cv,2014,Avellaneda - Bs.As. G.B.A. Sur,73000.0,9366.197183098591
VW Voyage,Volkswagen Voyage 1.6 Highline 101cv,2011,Tigre - Bs.As. G.B.A. Norte,190000.0,5985.915492957746
VW Voyage,Volkswagen Voyage 1.6 Comfortline 101cv,2013,Capital Federal - Capital Federal,230000.0,7746.478873239436
VW Voyage,Volkswagen Voyage 1.6 Comfortline 101cv,2015,Tigre - Bs.As. G.B.A. Norte,151000.0,8380.281690140846
VW Voyage,Volkswagen Voyage 1.6 Highline Imotion,2011,Castelar - Bs.As. G.B.A. Oeste,118000.0,7746.478873239436
VW Voyage,Volkswagen Voyage 1.6 Highline 101cv,2012,Capital Federal - Capital Federal,96000.0,8450.704225352112
VW Voyage,Volkswagen Voyage 1.6 101cv,2012,Tigre - Bs.As. G.B.A. Norte,265800.0,5999.0
VW Voyage,Volkswagen Voyage 1.6 Comfortline 101cv,2013,Escobar - Bs.As. G.B.A. Norte,239000.0,7394.366197183099
VW Voyage,Volkswagen Voyage 1.6 Comfortline 101cv,2013,Quilmes - Bs.As. G.B.A. Sur,130000.0,8380.281690140846
VW Voyage,Volkswagen Voyage 1.6 Comfortline 101cv,2013,Moreno - Bs.As. G.B.A. Oeste,129000.0,8239.43661971831
VW Voyage,Volkswagen Voyage 1.6 Trenline 101cv,2016,San Miguel - Bs.As. G.B.A. Norte,155000.0,10492.957746478873
VW Voyage,Volkswagen Voyage 1.6 Comfortline 101cv,2012,Avellaneda - Bs.As. G.B.A. Sur,115800.0,7179.577464788732
VW Voyage,Volkswagen Voyage 1.6 Trenline 101cv,2017,Capital Federal - Capital Federal,110000.0,9154.929577464789
VW Voyage,Volkswagen Voyage 1.6 Highline 101cv,2016,Pilar - Bs.As. G.B.A. Norte,132000.0,11500.0
VW Voyage,Volkswagen Voyage 1.6 Highline 101cv,2016,Pilar - Bs.As. G.B.A. Norte,150000.0,10492.957746478873
VW Voyage,Volkswagen Voyage 1.6 Comfortline 101cv,2015,Capital Federal - Capital Federal,47000.0,9084.507042253521
VW Voyage,Volkswagen Voyage 1.6 Comfortline 101cv,2012,La Plata - Bs.As. G.B.A. Sur,178000.0,6901.408450704225
VW Voyage,Volkswagen Voyage 1.6 Comfortline 101cv,2013,Avellaneda - Bs.As. G.B.A. Sur,110000.0,6338.028169014085
VW Voyage,Volkswagen Voyage 1.6 Trenline 101cv,2018,Lomas De Zamora - Bs.As. G.B.A. Sur,108000.0,10422.535211267606
VW Voyage,Volkswagen Voyage 1.6 Comfortline Plus 2 101cv I-motion,2014,Tres De Febrero - Bs.As. G.B.A. Oeste,100000.0,8450.0
VW Voyage,Volkswagen Voyage 1.6 Comfortline Plus 101cv,2014,Malvinas Argentinas - Bs.As. G.B.A. Norte,186000.0,6690.140845070423
VW Voyage,Volkswagen Voyage 1.6 Comfortline 101cv Abcp Abs,2014,Capital Federal - Capital Federal,140000.0,7394.366197183099
VW Voyage,Volkswagen Voyage 1.6 Conceptline,2013,Tigre - Bs.As. G.B.A. Norte,120000.0,7746.478169014084
VW Voyage,Volkswagen Voyage 1.6 Trenline 101cv,2016,Capital Federal - Capital Federal,82000.0,10500.0
VW Voyage,Volkswagen Voyage 1.6 Highline 101cv,2015,Capital Federal - Capital Federal,213000.0,8098.591549295775
VW Voyage,Volkswagen Voyage 1.6 Trenline 101cv,2018,Capital Federal - Capital Federal,50000.0,10550.0
VW Voyage,Volkswagen Voyage 1.6 Gp,2013,La Plata - Bs.As. G.B.A. Sur,232000.0,6690.140845070423
VW Voyage,Volkswagen Voyage 1.6 Highline 101cv,2013,Florencio Varela - Bs.As. G.B.A. Sur,280000.0,8802.81690140845
VW Voyage,Volkswagen Voyage 1.6 Highline Imotion,2011,Capital Federal - Capital Federal,144000.0,6690.140845070423
VW Voyage,Volkswagen Voyage 1.6 Advance,2010,Lomas De Zamora - Bs.As. G.B.A. Sur,175000.0,5985.915492957746
VW Voyage,Volkswagen Voyage 1.6 Comfortline 101cv Abcp Abs,2015,Tres De Febrero - Bs.As. G.B.A. Oeste,170000.0,8450.704225352112
VW Voyage,Volkswagen Voyage 1.6 Comfortline 101cv Abcp Abs,2015,Lomas De Zamora - Bs.As. G.B.A. Sur,180000.0,8450.704225352112
VW Voyage,Volkswagen Voyage 1.6 Advance,2009,Lomas De Zamora - Bs.As. G.B.A. Sur,250000.0,4084.507042253521
VW Voyage,Volkswagen Voyage 1.6 Comfortline Plus 101cv,2011,La Matanza - Bs.As. G.B.A. Oeste,250000.0,5633.802816901409
VW Voyage,Volkswagen Voyage 1.6 Trenline 101cv,2015,Quilmes - Bs.As. G.B.A. Sur,85000.0,11267.605633802817
VW Voyage,Volkswagen Voyage 1.6 Trenline 101cv,2016,General San Martín - Bs.As. G.B.A. Norte,82000.0,9718.30985915493
VW Voyage,Volkswagen Voyage 1.6 Trendline 101cv,2015,San Miguel - Bs.As. G.B.A. Norte,106557.0,9507.042253521127
VW Voyage,Volkswagen Voyage 1.6 Trendline 101cv,2015,Capital Federal - Capital Federal,100000.0,9859.154929577464
VW Voyage,Volkswagen Voyage 1.6 Highline 101cv,2013,Capital Federal - Capital Federal,170000.0,7850.0
VW Voyage,Volkswagen Voyage 1.6 Comfortline 101cv I-motion,2012,Luján - Buenos Aires Interior,188000.0,7112.6760563380285
VW Voyage,Volkswagen Voyage 1.6 Highline 101cv,2016,La Plata - Bs.As. G.B.A. Sur,139000.0,9500.0
VW Voyage,Volkswagen Voyage 1.6 Comfortline 101cv,2010,Avellaneda - Bs.As. G.B.A. Sur,190000.0,6478.87323943662
VW Voyage,Volkswagen Voyage 1.6 Comfortline Imotion Plus,2010,San Isidro - Bs.As. G.B.A. Norte,112000.0,7676.056338028169
VW Voyage,Volkswagen Voyage 1.6 Comfortline Plus 101cv,2013,Avellaneda - Bs.As. G.B.A. Sur,75000.0,9154.929577464789
VW Voyage,Volkswagen Voyage 1.6 Comfortline 101cv Abcp Abs,2013,Avellaneda - Bs.As. G.B.A. Sur,90000.0,9014.084507042253
VW Voyage,Volkswagen Voyage Gp,2013,Capital Federal - Capital Federal,220700.0,6800.0
VW Voyage,Volkswagen Voyage 1.6 Highline 101cv,2015,Capital Federal - Capital Federal,56500.0,11750.0
VW Voyage,Volkswagen Voyage 1.6 Trenline 101cv,2018,San Miguel - Bs.As. G.B.A. Norte,171000.0,11267.605633802817
VW Voyage,Volkswagen Voyage 1.6 Comfortline 101cv,2013,Ituzaingó - Bs.As. G.B.A. Oeste,147952.0,7200.0
VW Voyage,Volkswagen Voyage 1.6 Comfortline 101cv,2013,Capital Federal - Capital Federal,202000.0,7042.2535211267605
VW Voyage,Volkswagen Voyage 1.6 Comfortline 101cv,2012,Capital Federal - Capital Federal,65700.0,9295.774647887323
VW Voyage,Volkswagen Voyage 1.6 Trenline 101cv,2016,Avellaneda - Bs.As. G.B.A. Sur,93000.0,8450.704225352112
VW Voyage,Volkswagen Voyage 1.6 Comfortline 101cv Abcp Abs,2015,Campana - Buenos Aires Interior,160000.0,8450.704225352112
VW Voyage,Volkswagen Voyage 1.6 Comfortline 101cv,2015,Escobar - Bs.As. G.B.A. Norte,190000.0,9788.732394366198
VW Voyage,Volkswagen Voyage 1.6 Comfortline 101cv,2015,Tigre - Bs.As. G.B.A. Norte,157000.0,8450.704225352112
VW Voyage,Volkswagen Voyage 1.6 Comfortline 101cv,2010,Berisso - Buenos Aires Interior,200000.0,5985.915492957746
VW Voyage,Volkswagen Voyage 1.6 Highline Imotion,2011,Tigre - Bs.As. G.B.A. Norte,210000.0,7746.478873239436
VW Voyage,Volkswagen Voyage 1.6 Advance,2010,La Plata - Bs.As. G.B.A. Sur,223000.0,5633.802112676056
VW Voyage,Volkswagen Voyage 1.6 Comfortline 101cv,2013,Vicente López - Bs.As. G.B.A. Norte,201000.0,7183.098591549296
VW Voyage,Volkswagen Voyage 1.6 101cv,2012,Vicente López - Bs.As. G.B.A. Norte,161000.0,6690.140845070423
VW Voyage,Volkswagen Voyage 1.6 Comfortline Plus 101cv Ll,2013,Lanús - Bs.As. G.B.A. Sur,147000.0,4577.4647887323945
VW Voyage,Volkswagen Voyage 1.6 Highline 101cv,2012,Capital Federal - Capital Federal,178000.0,8400.0
VW Voyage,Volkswagen Voyage 1.6 Comfortline 101cv,2010,San Isidro - Bs.As. G.B.A. Norte,115000.0,9500.0
VW Voyage,Volkswagen Voyage 1.6 Comfortline 101cv,2011,General San Martín - Bs.As. G.B.A. Norte,130000.0,7746.478873239436
VW Voyage,Volkswagen Voyage 1.6 Comfortline 101cv,2011,Lanús - Bs.As. G.B.A. Sur,151000.0,8802.81690140845
VW Voyage,Volkswagen Voyage 1.6 Comfortline 101cv,2011,Capital Federal - Capital Federal,140000.0,7746.478873239436
VW Voyage,Volkswagen Voyage 1.6 Comfortline 101cv,2014,Capital Federal - Capital Federal,170000.0,7746.478873239436
VW Voyage,Volkswagen Voyage 1.6 Highline 101cv Ll+alt,2014,Tres De Febrero - Bs.As. G.B.A. Oeste,170000.0,9000.0
VW Voyage,Volkswagen Voyage 1.6 Comfortline Plus I-motion Ab+ll,2014,Avellaneda - Bs.As. G.B.A. Sur,108000.0,8802.81690140845
VW Voyage,Volkswagen Voyage 1.6 Highline 101cv,2009,Florencio Varela - Bs.As. G.B.A. Sur,146200.0,6690.140845070423
VW Voyage,Volkswagen Voyage 1.6 Comfortline 101cv,2012,Florencio Varela - Bs.As. G.B.A. Sur,169000.0,6267.605633802817
VW Voyage,Volkswagen Voyage 1.6 Serie 101cv,2011,Lanús - Bs.As. G.B.A. Sur,100000.0,7746.478873239436
VW Voyage,Volkswagen Voyage 1.6 Trendline 101cv,2015,Capital Federal - Capital Federal,77000.0,8802.816197183098
VW Voyage,Volkswagen Voyage 1.6 Comfortline Plus 101cv,2011,Capital Federal - Capital Federal,96000.0,8000.0
VW Voyage,Volkswagen Voyage 1.6 Comfortline Plus 101cv,2011,San Isidro - Bs.As. G.B.A. Norte,129000.0,8098.591549295775
VW Voyage,Volkswagen Voyage 1.6 Comfortline Plus 101cv Ab+ll+alt,2014,Caseros - Bs.As. G.B.A. Oeste,2149.0,15000.0
VW Voyage,Volkswagen Voyage 1.6 Trendline 101cv,2014,La Plata - Bs.As. G.B.A. Sur,180000.0,8450.704225352112
VW Voyage,Volkswagen Voyage 1.6 Gp L08,2017,La Plata - Buenos Aires Interior,92026.0,10781.69014084507
VW Voyage,Volkswagen Voyage 1.6 Comfortline Plus 101cv,2011,General San Martín - Bs.As. G.B.A. Norte,102000.0,8000.0
VW Voyage,Volkswagen Voyage 1.6 Comfortline Plus 2 101cv I-motion,2015,Capital Federal - Capital Federal,107000.0,9859.154929577464
VW Voyage,Volkswagen Voyage 1.6 Trenline 101cv,2017,Capital Federal - Capital Federal,195000.0,9600.0
VW Voyage,Volkswagen Voyage 1.6 Trenline 101cv,2017,Luján - Buenos Aires Interior,63000.0,9788.732394366198
VW Voyage,Volkswagen Voyage 1.6 Comfortline 101cv,2011,Moreno - Bs.As. G.B.A. Oeste,200000.0,3707.7464788732395
VW Voyage,Volkswagen Voyage 1.6 Comfortline Plus 101cv,2012,Esteban Echeverría - Bs.As. G.B.A. Sur,230000.0,5281.69014084507
VW Voyage,Volkswagen Voyage 1.6 Comfortline 101cv,2009,Capital Federal - Capital Federal,189000.0,4929.577464788732
VW Voyage,Volkswagen Voyage 1.6 Highline 101cv,2014,Zárate - Buenos Aires Interior,200000.0,8450.704225352112
VW Voyage,Volkswagen Voyage 1.6 Highline 101cv Ll+alt,2014,La Matanza - Bs.As. G.B.A. Oeste,118000.0,10600.0
VW Voyage,Volkswagen Voyage 1.6 Trendline 101cv,2016,San Fernando - Bs.As. G.B.A. Norte,128000.0,9084.507042253521
VW Voyage,Volkswagen Voyage 1.6 Trenline 101cv,2016,Avellaneda - Bs.As. G.B.A. Sur,93000.0,8661.971830985916
VW Voyage,Volkswagen Voyage 1.6 Trenline 101cv,2016,Capital Federal - Capital Federal,250000.0,8450.704225352112
VW Voyage,Volkswagen Voyage 1.6 Trenline 101cv,2016,Almirante Brown - Bs.As. G.B.A. Sur,95000.0,9859.154929577464
VW Voyage,Volkswagen Voyage 1.6 Highline Imotion,2010,Lomas De Zamora - Bs.As. G.B.A. Sur,136000.0,5985.915492957746
VW Voyage,Volkswagen Voyage 1.6 Highline 101cv,2009,Capital Federal - Capital Federal,40000.0,6197.183098591549
VW Voyage,Volkswagen Voyage 1.6 Comfortline 101cv Abcp Abs,2015,Quilmes - Bs.As. G.B.A. Sur,108000.0,9507.042253521127
VW Voyage,Volkswagen Voyage 1.6 Highline 101cv,2015,Capital Federal - Capital Federal,89000.0,10915.492957746479
VW Voyage,Volkswagen Voyage 1.6 Comfortline Plus 2 I-motion Ll,2013,Vicente López - Bs.As. G.B.A. Norte,47413.0,9348.30352112676
VW Voyage,Volkswagen Voyage 1.6 Comfortline 101cv Abcp Abs,2014,Mar Del Plata - Bs.As. Costa Atlántica,110000.0,9400.0
VW Voyage,Volkswagen Voyage 1.6 Trenline 101cv,2017,Mar Del Plata - Bs.As. Costa Atlántica,118000.0,10900.0
VW Voyage,Volkswagen Voyage 1.6 Comfortline 101cv,2013,Ayacucho - Buenos Aires Interior,151000.0,9507.042253521127
VW Voyage,Volkswagen Voyage 1.6 Comfortline 101cv,2015,Olavarría - Buenos Aires Interior,162000.0,10211.267605633802
VW Voyage,Volkswagen Voyage 1.6 Trendline 101cv,2018,Junín - Buenos Aires Interior,93300.0,10070.422535211268
VW Voyage,Volkswagen Voyage 1.6 Highline 101cv,2011,Junín - Buenos Aires Interior,225000.0,8327.464788732394
VW Voyage,Volkswagen Voyage 1.6 Comfortline 101cv,2015,Corrientes - Corrientes,175000.0,9436.61971830986
VW Voyage,Volkswagen Voyage 1.6 Highline Imotion,2010,Río Segundo - Córdoba,141000.0,8450.704225352112
VW Voyage,Volkswagen Voyage 1.6 Trenline 101cv,2017,Bragado - Buenos Aires Interior,139800.0,10915.492957746479
VW Voyage,Volkswagen Voyage 1.6 Trenline 101cv,2017,Córdoba - Córdoba,153500.0,12323.94366197183
VW Voyage,Volkswagen Voyage 1.6 Trendline 101cv,2016,Mar Del Plata - Bs.As. Costa Atlántica,108000.0,10800.0
VW Voyage,Volkswagen Voyage 1.6 Trendline 101cv,2018,Junín - Buenos Aires Interior,93352.0,11619.718309859154
Nissan Versa,Nissan Versa 1.6 Exclusive Cvt,2026,,0.0,28719.154929577464
Nissan Versa,Nissan Versa 1.6 Sense 118cv,2026,,0.0,23798.521126760563
Nissan Versa,Nissan Versa 1.6 Sense L21,2022,General San Martín - Bs.As. G.B.A. Norte,38961.0,16549.295774647886
Nissan Versa,Nissan Versa 1.6 Advance At,2026,Capital Federal - Capital Federal,0.0,25105.49295774648
Nissan Versa,Nissan Versa 1.6 Advance At,2026,Capital Federal - Capital Federal,0.0,25704.154929577464
Nissan Versa,Nissan Versa 1.6 Advance At,2026,Berazategui - Bs.As. G.B.A. Sur,0.0,25422.535211267605
Nissan Versa,Nissan Versa 1.6 Sr Cvt,2026,,0.0,28166.76056338028
Nissan Versa,Nissan Versa 1.6 Sr Cvt,2025,San Isidro - Bs.As. G.B.A. Norte,0.0,25985.915492957745
Nissan Versa,Nissan Versa 1.6 Advance At,2026,Capital Federal - Capital Federal,0.0,25105.49295774648
Nissan Versa,Nissan Versa 1.6 Exclusive At,2018,Capital Federal - Capital Federal,159000.0,11619.718309859154
Nissan Versa,Nissan Versa 1.6 Sense 118cv,2026,Capital Federal - Capital Federal,0.0,22464.788732394365
Nissan Versa,Nissan Versa 1.6 Sr Cvt,2026,Capital Federal - Capital Federal,0.0,26056.267605633802
Nissan Versa,Nissan Versa 1.6 Sr Cvt,2026,Capital Federal - Capital Federal,0.0,26456.338028169015
Nissan Versa,Nissan Versa 1.6 Sr Cvt,2026,Capital Federal - Capital Federal,0.0,26056.267605633802
Nissan Versa,Nissan Versa 1.6 Advance At,2025,Quilmes - Bs.As. G.B.A. Sur,0.0,27676.056338028167
Nissan Versa,Nissan Versa 1.6 Exclusive Cvt,2026,Capital Federal - Capital Federal,0.0,27457.74647887324
Nissan Versa,Nissan Versa 1.6 Advance,2026,,0.0,27630.0
Nissan Versa,Nissan Versa 1.6 Exclusive Cvt,2020,General San Martín - Bs.As. G.B.A. Norte,116000.0,16549.295774647886
Nissan Versa,Nissan Versa 1.6 Exclusive Cvt,2026,Capital Federal - Capital Federal,0.0,26760.49295774648
Nissan Versa,Nissan Versa 1.6 Exclusive Cvt,2026,Capital Federal - Capital Federal,0.0,26161.830985915494
Nissan Versa,Nissan Versa 1.6 Exclusive Cvt,2026,Capital Federal - Capital Federal,0.0,26760.49295774648
Nissan Versa,Nissan Versa 1.6 Sense At,2018,La Matanza - Bs.As. G.B.A. Oeste,71000.0,12000.0
Nissan Versa,Nissan Versa 1.6 Sense,2025,Quilmes - Bs.As. G.B.A. Sur,0.0,23798.591549295776
Nissan Versa,Nissan Versa 1.6 Advance Mt,2018,Capital Federal - Capital Federal,110000.0,11408.450704225352
Nissan Versa,Nissan Versa 1.6 Sr Cvt,2026,Capital Federal - Capital Federal,0.0,25809.718309859156
Nissan Versa,Nissan Versa 1.6 Sense Cvt,2022,Capital Federal - Capital Federal,83500.0,16126.760563380281
Nissan Versa,Nissan Versa 1.6 Sense,2018,Capital Federal - Capital Federal,81800.0,12887.323943661971
Nissan Versa,Nissan Versa 1.6 Advance At,2019,Avellaneda - Bs.As. G.B.A. Sur,65000.0,13028.169014084508
Nissan Versa,Nissan Versa 1.6 Advance At,2019,General San Martín - Bs.As. G.B.A. Norte,208000.0,11000.0
Nissan Versa,Nissan Versa 1.6 Advance Mt,2021,Capital Federal - Capital Federal,69300.0,16549.295774647886
Nissan Versa,Nissan Versa 1.6 Exclusive At,2021,Capital Federal - Capital Federal,65000.0,18000.0
Nissan Versa,Nissan Versa 1.6 Exclusive Cvt,2021,Capital Federal - Capital Federal,50000.0,17957.74647887324
Nissan Versa,Nissan Versa 1.6 Exclusive Cvt,2026,Mercedes - Buenos Aires Interior,0.0,24996.478873239437
Nissan Versa,Nissan Versa 1.6 Exclusive At,2019,Tigre - Bs.As. G.B.A. Norte,71000.0,13900.0
Nissan Versa,Nissan Versa 1.6 Sense 118cv,2026,Capital Federal - Capital Federal,0.0,22253.38028169014
Nissan Versa,Nissan Versa 1.6 Advance,2018,Capital Federal - Capital Federal,125000.0,10915.492957746479
Nissan Versa,Nissan Versa 1.6 Advance At,2019,Capital Federal - Capital Federal,115000.0,11197.18309859155
Nissan Versa,Nissan Versa 1.6 Sense Mt,2017,Capital Federal - Capital Federal,96000.0,10990.0
Nissan Versa,Nissan Versa 1.6 Sr Cvt,2026,Capital Federal - Capital Federal,0.0,25809.718309859156
Nissan Versa,Nissan Versa 1.6 Advance,2018,Capital Federal - Capital Federal,280000.0,8802.81690140845
Nissan Versa,Nissan Versa 1.6 Advance At,2022,San Isidro - Bs.As. G.B.A. Norte,69000.0,17250.0
Nissan Versa,Nissan Versa V Drive,2021,La Plata - Bs.As. G.B.A. Sur,106000.0,14436.61971830986
Nissan Versa,Nissan Versa 1.6 Advance,2014,Pilar - Bs.As. G.B.A. Norte,183000.0,8450.704225352112
Nissan Versa,Nissan Versa 1.6 Acenta Mt,2014,Morón - Bs.As. G.B.A. Oeste,130000.0,8380.281690140846
Nissan Versa,Nissan Versa 1.6 Exclusive Auto,2018,Capital Federal - Capital Federal,58804.0,12985.915492957747
Nissan Versa,Nissan Versa 1.6 Advance Mt,2021,Capital Federal - Capital Federal,69000.0,16901.408450704224
Nissan Versa,Nissan Versa 1.6 Advance Cvt,2023,Capital Federal - Capital Federal,26800.0,18500.0
Nissan Versa,Nissan Versa 1.6 Sense 118cv,2026,Capital Federal - Capital Federal,0.0,22253.38028169014
Nissan Versa,Nissan Versa 1.6 Advance At,2018,Lanús - Bs.As. G.B.A. Sur,75000.0,11971.830985915492
Nissan Versa,Nissan Versa 1.6 Advance Mt,2020,Capital Federal - Capital Federal,15000.0,15352.112676056338
Nissan Versa,Nissan Versa 1.6 Exclusive Cvt,2024,Capital Federal - Capital Federal,33515.0,22105.6338028169
Nissan Versa,Nissan Versa 1.6 Exclusive Cvt,2026,Capital Federal - Capital Federal,0.0,27507.74647887324
Nissan Versa,Nissan Versa 1.6 Advance At,2026,Luján - Buenos Aires Interior,0.0,23873.23943661972
Nissan Versa,Nissan Versa 1.6 Sense At,2019,Vicente López - Bs.As. G.B.A. Norte,149000.0,9200.0
Nissan Versa,Nissan Versa 1.6 Exclusive Cvt,2026,Capital Federal - Capital Federal,0.0,26690.140845070422
Nissan Versa,Nissan Versa 1.6 Sense 118cv,2026,Capital Federal - Capital Federal,0.0,22253.38028169014
Nissan Versa,Nissan Versa 1.6 Sense 118cv,2023,San Isidro - Bs.As. G.B.A. Norte,39050.0,17605.6338028169
Nissan Versa,Nissan Versa 1.6 Advance At,2017,Escobar - Bs.As. G.B.A. Norte,214000.0,11267.605633802817
Nissan Versa,Nissan Versa 1.6 Advance,2017,Mercedes - Buenos Aires Interior,101749.0,12535.211267605633
Nissan Versa,Nissan Versa 1.6 Advance Mt,2016,Escobar - Bs.As. G.B.A. Norte,207000.0,9507.042253521127
Nissan Versa,Nissan Versa 1.6 Advance Mt,2016,Escobar - Bs.As. G.B.A. Norte,187028.0,10563.38028169014
Nissan Versa,Nissan Versa 1.6 Sense,2021,Capital Federal - Capital Federal,50000.0,13964.788732394367
Nissan Versa,Nissan Versa 1.6 Sense At,2021,Vicente López - Bs.As. G.B.A. Norte,100000.0,14366.197183098591
Nissan Versa,Nissan Versa 1.6 Advance Cvt,2023,Malvinas Argentinas - Bs.As. G.B.A. Norte,56400.0,19859.154929577464
Nissan Versa,Nissan Versa 1.6 Sr Cvt,2026,Vicente López - Bs.As. G.B.A. Norte,0.0,26760.563380281692
Nissan Versa,Nissan Versa 1.6 Sense Cvt,2022,San Isidro - Bs.As. G.B.A. Norte,55000.0,17500.0
Nissan Versa,Nissan Versa 1.6 Exclusive Cvt,2026,Capital Federal - Capital Federal,0.0,26161.830985915494
Nissan Versa,Nissan Versa 1.6 Advance At,2017,Lanús - Bs.As. G.B.A. Sur,170000.0,10563.38028169014
Nissan Versa,Nissan Versa 1.6 Advance Mt,2017,San Isidro - Bs.As. G.B.A. Norte,106500.0,11800.0
Nissan Versa,Nissan Versa 1.6 Advance Mt,2016,Pilar - Bs.As. G.B.A. Norte,120000.0,11126.760563380281
Nissan Versa,Nissan Versa 1.6 Sense Mt,2019,Castelar - Bs.As. G.B.A. Oeste,70500.0,16056.338028169013
Nissan Versa,Nissan Versa 1.6 Advance At,2019,Capital Federal - Capital Federal,72000.0,13900.0
Nissan Versa,Nissan Versa 1.6 Advance Mt,2021,Capital Federal - Capital Federal,69300.0,16901.408450704224
Nissan Versa,Nissan Versa 1.6 Advance At,2021,Hurlingham - Bs.As. G.B.A. Oeste,80000.0,13873.239436619719
Nissan Versa,Nissan Versa V Drive Plus At,2021,Capital Federal - Capital Federal,160000.0,11619.718309859154
Nissan Versa,Nissan Versa 1.6 Advance Mt,2019,San Isidro - Bs.As. G.B.A. Norte,118000.0,12500.0
Nissan Versa,Nissan Versa 1.6 Exclusive Cvt,2021,Capital Federal - Capital Federal,61000.0,17300.0
Nissan Versa,Nissan Versa 1.6 Sense Mt,2017,General San Martín - Bs.As. G.B.A. Norte,131500.0,10915.492957746479
Nissan Versa,Nissan Versa 1.6 Sense,2025,Capital Federal - Capital Federal,13800.0,19366.197183098593
Nissan Versa,Nissan Versa 1.6 Exclusive At,2017,Capital Federal - Capital Federal,90000.0,11901.408450704226
Nissan Versa,Nissan Versa 1.6 Sense Mt,2019,Capital Federal - Capital Federal,92000.0,11056.338028169013
Nissan Versa,Nissan Versa 1.6 Sense Cvt,2021,Quilmes - Bs.As. G.B.A. Sur,63000.0,16500.0
Nissan Versa,Nissan Versa 1.6 Sense Mt,2019,Capital Federal - Capital Federal,98000.0,10035.211267605633
Nissan Versa,Nissan Versa 1.6 Sense Mt,2014,Capital Federal - Capital Federal,112000.0,9788.732394366198
Nissan Versa,Nissan Versa 1.6 Sense Cvt,2021,Capital Federal - Capital Federal,97000.0,14000.0
Nissan Versa,Nissan Versa 1.6 Advance At,2022,Capital Federal - Capital Federal,50000.0,17500.0
Nissan Versa,Nissan Versa 1.6 Sense Mt,2015,Lobos - Buenos Aires Interior,142301.0,9718.30985915493
Nissan Versa,Nissan Versa 1.6 Sense,2018,Capital Federal - Capital Federal,62000.0,12900.0
Nissan Versa,Nissan Versa 1.6 Sense At,2019,Tres De Febrero - Bs.As. G.B.A. Oeste,83000.0,11971.830985915492
Nissan Versa,Nissan Versa 1.6 Sense Cvt,2022,San Isidro - Bs.As. G.B.A. Norte,83541.0,17253.521126760563
Nissan Versa,Nissan Versa 1.6 Visia Mt,2014,San Isidro - Bs.As. G.B.A. Norte,138000.0,9500.0
Nissan Versa,Nissan Versa 1.6 Sense Cvt,2022,San Isidro - Bs.As. G.B.A. Norte,120000.0,13900.0
Nissan Versa,Nissan Versa 1.6 Advance Mt,2015,Capital Federal - Capital Federal,126485.0,9507.042253521127
Nissan Versa,Nissan Versa 1.6 Advance At,2018,Berazategui - Bs.As. G.B.A. Sur,164000.0,11000.0
Nissan Versa,Nissan Versa 1.6 Advance At,2015,Tigre - Bs.As. G.B.A. Norte,246000.0,8000.0
Nissan Versa,Nissan Versa 1.6 Exclusive Cvt,2020,Capital Federal - Capital Federal,91664.0,14401.408450704226
Nissan Versa,Nissan Versa 1.6 Advance At,2017,San Isidro - Bs.As. G.B.A. Norte,70000.0,12500.0
Nissan Versa,Nissan Versa 1.6 Sr Cvt,2026,Capital Federal - Capital Federal,0.0,26964.788732394365
Nissan Versa,Nissan Versa 1.6 Advance At,2020,Vicente López - Bs.As. G.B.A. Norte,60000.0,14800.0
Nissan Versa,Nissan Versa 1.6 Advance At,2020,San Isidro - Bs.As. G.B.A. Norte,93000.0,13309.859154929578
Nissan Versa,Nissan Versa 1.6 Exclusive At,2020,Escobar - Bs.As. G.B.A. Norte,116182.0,18900.0
Nissan Versa,Nissan Versa 1.6 Exclusive At,2020,La Plata - Bs.As. G.B.A. Sur,10000.0,17535.211267605635
Nissan Versa,Nissan Versa 1.6 Exclusive Cvt,2022,Capital Federal - Capital Federal,77800.0,19366.197183098593
Nissan Versa,Nissan Versa 1.6 Sense Mt,2022,La Plata - Bs.As. G.B.A. Sur,100000.0,14500.0
Nissan Versa,Nissan Versa 1.6 Sense Mt,2021,Pilar - Bs.As. G.B.A. Norte,109000.0,16197.18309859155
Nissan Versa,Nissan Versa 1.6 Sense Mt,2021,Capital Federal - Capital Federal,68000.0,16197.18309859155
Nissan Versa,Nissan Versa 1.6 Advance Mt,2020,Morón - Bs.As. G.B.A. Oeste,155300.0,11901.408450704226
Nissan Versa,Nissan Versa 1.6 Sense Mt,2015,Escobar - Bs.As. G.B.A. Norte,246000.0,10211.267605633802
Nissan Versa,Nissan Versa 1.6 Sense Cvt,2021,Caseros - Bs.As. G.B.A. Oeste,110000.0,14788.732394366198
Nissan Versa,Nissan Versa 1.6 Sr Cvt,2026,Capital Federal - Capital Federal,0.0,25985.915492957745
Nissan Versa,Nissan Versa 1.6 Sense Mt,2017,Mercedes - Buenos Aires Interior,89000.0,10845.070422535211
Nissan Versa,Nissan Versa 1.6 Sense,2017,Pilar - Bs.As. G.B.A. Norte,130000.0,10211.267605633802
Nissan Versa,Nissan Versa 1.6 Advance Mt,2020,Mercedes - Buenos Aires Interior,159000.0,11267.605633802817
Nissan Versa,Nissan Versa 1.6 Advance Mt,2018,Capital Federal - Capital Federal,75000.0,12323.94366197183
Nissan Versa,Nissan Versa 1.6 Advance Mt,2020,Capital Federal - Capital Federal,15000.0,15550.0
Nissan Versa,Nissan Versa 1.6 Advance Mt,2020,La Plata - Bs.As. G.B.A. Sur,48330.0,14929.577464788732
Nissan Versa,Nissan Versa 1.6 Advance At,2019,La Plata - Bs.As. G.B.A. Sur,106000.0,13028.169014084508
Nissan Versa,Nissan Versa 1.6 Advance At,2018,San Miguel - Bs.As. G.B.A. Norte,129000.0,13800.0
Nissan Versa,Nissan Versa 1.6 Sense Mt,2018,Capital Federal - Capital Federal,179000.0,9507.042253521127
Nissan Versa,Nissan Versa 1.6 Sense Mt,2022,Capital Federal - Capital Federal,41000.0,17464.788732394365
Nissan Versa,Nissan Versa Advance Mt Pure Drive F2,2018,Avellaneda - Bs.As. G.B.A. Sur,131000.0,8802.81690140845
Nissan Versa,Nissan Versa 1.6 Exclusive Cvt,2023,Capital Federal - Capital Federal,16000.0,23990.0
Nissan Versa,Nissan Versa 1.6 Advance Mt,2020,Capital Federal - Capital Federal,85000.0,11971.830985915492
Nissan Versa,Nissan Versa 1.6 Acenta Mt,2013,Capital Federal - Capital Federal,110000.0,8200.0
Nissan Versa,Nissan Versa 1.6 Sense,2019,Pilar - Buenos Aires Interior,99000.0,11478.87323943662
Nissan Versa,Nissan Versa 1.6 Sense Mt,2022,Capital Federal - Capital Federal,158000.0,12605.633802816901
Nissan Versa,Nissan Versa 1.6 Advance Mt,2017,Escobar - Bs.As. G.B.A. Norte,180000.0,9400.0
Nissan Versa,Nissan Versa 1.6 Exclusive Cvt,2023,San Isidro - Bs.As. G.B.A. Norte,30000.0,20352.11267605634
Nissan Versa,Nissan Versa 1.6 Sense Mt,2021,Ituzaingó - Bs.As. G.B.A. Oeste,77398.0,15140.845070422536
Nissan Versa,Nissan Versa 1.6 Advance Mt,2019,San Isidro - Bs.As. G.B.A. Norte,98000.0,11197.18309859155
Nissan Versa,Nissan Versa 1.6 Visia Mt,2014,Vicente López - Bs.As. G.B.A. Norte,103120.0,8591.549295774648
Nissan Versa,Nissan Versa 1.6 Advance At,2021,Vicente López - Bs.As. G.B.A. Norte,49000.0,16999.0
Nissan Versa,Nissan Versa 1.6 Sense,2017,Capital Federal - Capital Federal,101877.0,9197.18309859155
Nissan Versa,Nissan Versa 1.6 Sense Mt,2017,Capital Federal - Capital Federal,80000.0,10915.492957746479
Nissan Versa,Nissan Versa 1.6 Advance At,2022,Cañuelas - Buenos Aires Interior,32000.0,19366.19647887324
Nissan Versa,Nissan Versa 1.6 Sense At,2018,Capital Federal - Capital Federal,80000.0,11901.408450704226
Nissan Versa,Nissan Versa 1.6 Exclusive At,2019,Capital Federal - Capital Federal,84000.0,13309.859154929578
Nissan Versa,Nissan Versa V Drive Plus,2021,Moreno - Bs.As. G.B.A. Oeste,122000.0,13450.704225352112
Nissan Versa,Nissan Versa 1.6 Advance Cvt,2024,Malvinas Argentinas - Bs.As. G.B.A. Norte,56500.0,22605.6338028169
Nissan Versa,Nissan Versa 1.6 Sense At,2021,Capital Federal - Capital Federal,43000.0,14980.0
Nissan Versa,Nissan Versa 1.6 Sense At,2022,Hurlingham - Bs.As. G.B.A. Oeste,62000.0,15900.0
Nissan Versa,Nissan Versa 1.6 Advance At,2018,Capital Federal - Capital Federal,65000.0,11971.830985915492
Nissan Versa,Nissan Versa 1.6 Exclusive At,2022,Capital Federal - Capital Federal,72072.0,19366.197183098593
Nissan Versa,Nissan Versa 1.6 Advance At,2020,Capital Federal - Capital Federal,105000.0,11267.605633802817
Nissan Versa,Nissan Versa 1.6 Sense,2018,San Isidro - Bs.As. G.B.A. Norte,146000.0,9507.042253521127
Nissan Versa,Nissan Versa 1.6 Advance At,2014,Capital Federal - Capital Federal,80000.0,9859.154929577464
Nissan Versa,Nissan Versa 1.6 Exclusive Cvt,2026,Pilar - Bs.As. G.B.A. Norte,0.0,25345.070422535213
Nissan Versa,Nissan Versa 1.6 Sense At Cvt,2019,Quilmes - Bs.As. G.B.A. Sur,97689.0,11901.408450704226
Nissan Versa,Nissan Versa 1.6 Advance Cvt,2024,Malvinas Argentinas - Bs.As. G.B.A. Norte,55700.0,20915.49295774648
Nissan Versa,Nissan Versa 1.6 Advance Mt,2023,Capital Federal - Capital Federal,103000.0,13380.281690140846
Nissan Versa,Nissan Versa 1.6 Advance At,2021,Merlo - Bs.As. G.B.A. Oeste,65000.0,14788.732394366198
Nissan Versa,Nissan Versa 1.6 Acenta Mt,2013,Capital Federal - Capital Federal,110000.0,8098.591549295775
Nissan Versa,Nissan Versa 1.6 Advance Mt,2021,La Matanza - Bs.As. G.B.A. Oeste,140000.0,13200.0
Nissan Versa,Nissan Versa 1.6 Exclusive Cvt,2022,Capital Federal - Capital Federal,95000.0,16830.985915492958
Nissan Versa,Nissan Versa 1.6 Advance Mt,2017,Quilmes - Bs.As. G.B.A. Sur,96000.0,10563.38028169014
Nissan Versa,Nissan Versa 1.6 Exclusive Cvt,2021,Capital Federal - Capital Federal,27000.0,21400.0
Nissan Versa,Nissan Versa 1.6 Exclusive Cvt,2026,Pilar - Bs.As. G.B.A. Norte,0.0,25211.267605633802
Nissan Versa,Nissan Versa 1.6 Advance Mt,2019,Escobar - Bs.As. G.B.A. Norte,76965.0,10915.492957746479
Nissan Versa,Nissan Versa V-drive Mt,2021,Capital Federal - Capital Federal,195000.0,13309.859154929578
Nissan Versa,Nissan Versa 1.6 Sense Cvt,2022,La Plata - Bs.As. G.B.A. Sur,60000.0,16500.0
Nissan Versa,Nissan Versa 1.6 Acenta Mt,2013,Quilmes - Bs.As. G.B.A. Sur,105000.0,9014.084507042253
Nissan Versa,Nissan Versa 1.6 Exclusive At,2018,Tigre - Bs.As. G.B.A. Norte,145000.0,11408.450704225352
Nissan Versa,Nissan Versa 1.6 Sense,2018,Capital Federal - Capital Federal,172000.0,10000.0
Nissan Versa,Nissan Versa 1.6 Advance Cvt,2024,General San Martín - Bs.As. G.B.A. Norte,50600.0,22394.3661971831
Nissan Versa,Nissan Versa 1.6 Sense At Pure Dive,2018,Capital Federal - Capital Federal,172000.0,10563.38028169014
Nissan Versa,Nissan Versa 1.6 Advance Mt,2016,Vicente López - Bs.As. G.B.A. Norte,52000.0,13000.0
Nissan Versa,Nissan Versa 1.6 Exclusive Cvt,2021,Capital Federal - Capital Federal,38450.0,18309.859154929578
Nissan Versa,Nissan Versa 1.6 Sense,2018,San Isidro - Bs.As. G.B.A. Norte,170000.0,10000.0
Nissan Versa,Nissan Versa 1.6 Advance Mt,2016,Vicente López - Bs.As. G.B.A. Norte,52000.0,13000.0
Nissan Versa,Nissan Versa 1.6 Sense At,2019,General San Martín - Bs.As. G.B.A. Norte,81000.0,11619.718309859154
Nissan Versa,Nissan Versa 1.6 Advance Mt,2020,Vicente López - Bs.As. G.B.A. Norte,78000.0,12605.633802816901
Nissan Versa,Nissan Versa 1.6 Advance Mt,2017,Capital Federal - Capital Federal,124500.0,9788.732394366198
Nissan Versa,Nissan Versa 1.6 Sense,2013,Ituzaingó - Bs.As. G.B.A. Oeste,196000.0,8200.0
Nissan Versa,Nissan Versa 1.6 Sense Mt,2017,Esteban Echeverría - Bs.As. G.B.A. Sur,133000.0,10140.845070422536
Nissan Versa,Nissan Versa 1.6 Advance Mt,2018,Lanús - Bs.As. G.B.A. Sur,93000.0,12676.05633802817
Nissan Versa,Nissan Versa 1.6 Sense Mt,2017,Capital Federal - Capital Federal,90000.0,10556.338028169013
Nissan Versa,Nissan Versa 1.6 Acenta Mt,2014,Tigre - Bs.As. G.B.A. Norte,140000.0,8098.591549295775
Nissan Versa,Nissan Versa 1.6 Advance At,2017,Capital Federal - Capital Federal,197000.0,9859.154929577464
Nissan Versa,Nissan Versa 1.6 Sense At,2019,Vicente López - Bs.As. G.B.A. Norte,128000.0,11267.605633802817
Nissan Versa,Nissan Versa 1.6 Exclusive Cvt,2026,San Isidro - Bs.As. G.B.A. Norte,0.0,26690.140845070422
Nissan Versa,Nissan Versa 1.6 Sense Cvt,2022,Capital Federal - Capital Federal,79000.0,16126.760563380281
Nissan Versa,Nissan Versa 1.6 V-drive Plus Automático,2021,Florencio Varela - Bs.As. G.B.A. Sur,64500.0,13732.394366197183
Nissan Versa,Nissan Versa 1.6 Sense Mt,2017,Escobar - Bs.As. G.B.A. Norte,201662.0,8000.0
Nissan Versa,Nissan Versa 1.6 Advance Mt,2017,La Matanza - Bs.As. G.B.A. Oeste,132000.0,10422.535211267606
Nissan Versa,Nissan Versa 1.6 Exclusive Cvt L21,2021,Malvinas Argentinas - Bs.As. G.B.A. Norte,73473.0,18732.394366197183
Nissan Versa,Nissan Versa 1.6 Sense,2019,Pilar - Bs.As. G.B.A. Norte,99000.0,11690.140845070422
Nissan Versa,Nissan Versa 1.6 Sense Mt,2019,Capital Federal - Capital Federal,144500.0,10500.0
Nissan Versa,Nissan Versa 1.6 Advance At,2018,Capital Federal - Capital Federal,193000.0,8450.704225352112
Nissan Versa,Nissan Versa 1.6 Sense Cvt,2022,Tigre - Bs.As. G.B.A. Norte,100000.0,13028.169014084508
Nissan Versa,Nissan Versa 1.6 Advance Mt,2020,La Matanza - Bs.As. G.B.A. Oeste,170000.0,9859.154929577464
Nissan Versa,Nissan Versa 1.6 V-drive Plus At L20,2021,Malvinas Argentinas - Bs.As. G.B.A. Norte,82000.0,15492.957746478873
Nissan Versa,Nissan Versa 1.6 Sense 118cv,2021,Capital Federal - Capital Federal,120000.0,14014.084507042253
Nissan Versa,Nissan Versa 1.6 Advance Mt,2021,Capital Federal - Capital Federal,84000.0,16901.408450704224
Nissan Versa,Nissan Versa 1.6 Sense Mt,2021,Capital Federal - Capital Federal,68000.0,16197.18309859155
Nissan Versa,Nissan Versa 1.6 Exclusive At,2015,Berazategui - Bs.As. G.B.A. Sur,223500.0,9084.507042253521
Nissan Versa,Nissan Versa 1.6 Sense Cvt,2022,Castelar - Bs.As. G.B.A. Oeste,59900.0,17816.901408450703
Nissan Versa,Nissan Versa 1.6 Sense,2021,Merlo - Bs.As. G.B.A. Oeste,77000.0,14788.732394366198
Nissan Versa,Nissan Versa 1.6 Advance Mt,2014,Capital Federal - Capital Federal,129200.0,8450.704225352112
Nissan Versa,Nissan Versa 1.6 Sense Mt,2019,Capital Federal - Capital Federal,220000.0,9014.084507042253
Nissan Versa,Nissan Versa 1.6 Sense At,2021,Lomas De Zamora - Bs.As. G.B.A. Sur,85000.0,15422.535211267606
Nissan Versa,Nissan Versa 1.6 Sense Mt,2015,Almirante Brown - Bs.As. G.B.A. Sur,103000.0,9800.0
Nissan Versa,Nissan Versa 1.6 Exclusive At,2020,Capital Federal - Capital Federal,33636.0,19000.0
Nissan Versa,Nissan Versa 1.6 Acenta At,2013,Capital Federal - Capital Federal,149000.0,7500.0
Nissan Versa,Nissan Versa 1.6 Sense Mt,2017,Lomas De Zamora - Bs.As. G.B.A. Sur,37000.0,11830.985915492958
Nissan Versa,Nissan Versa 1.6 Exclusive At,2021,Vicente López - Bs.As. G.B.A. Norte,68000.0,18990.0
Nissan Versa,Nissan Versa 1.6 Acenta Mt,2013,Capital Federal - Capital Federal,184000.0,7746.478873239436
Nissan Versa,Nissan Versa 1.6 Sense At,2018,Merlo - Bs.As. G.B.A. Oeste,46400.0,13028.169014084508
Nissan Versa,Nissan Versa 1.6 Sense At,2022,Merlo - Bs.As. G.B.A. Oeste,42000.0,16000.0
Nissan Versa,Nissan Versa 1.6 Exclusive,2021,Lanús - Bs.As. G.B.A. Sur,102000.0,14500.0
Nissan Versa,Nissan Versa 1.6 Advance Mt,2015,Lomas De Zamora - Bs.As. G.B.A. Sur,131000.0,10300.0
Nissan Versa,Nissan Versa 1.6 Sense Mt,2021,Avellaneda - Bs.As. G.B.A. Sur,105000.0,13732.394366197183
Nissan Versa,Nissan Versa 1.6 Sense,2025,Capital Federal - Capital Federal,590.0,22534.50704225352
Nissan Versa,Nissan Versa 1.6 Advance Mt,2020,Capital Federal - Capital Federal,105000.0,13028.169014084508
Nissan Versa,Nissan Versa 1.6 Advance,2020,Capital Federal - Capital Federal,195000.0,18000.0
Nissan Versa,Nissan Versa 1.6 Advance Mt,2021,Lomas De Zamora - Bs.As. G.B.A. Sur,128000.0,15492.957746478873
Nissan Versa,Nissan Versa 1.6 Exclusive Cvt,2021,Ituzaingó - Bs.As. G.B.A. Oeste,30950.0,19366.197183098593
Nissan Versa,Nissan Versa 1.6 Advance Mt,2017,Avellaneda - Bs.As. G.B.A. Sur,123000.0,11267.605633802817
Nissan Versa,Nissan Versa 1.6 Advance At,2021,Tres De Febrero - Bs.As. G.B.A. Oeste,68000.0,15704.225352112677
Nissan Versa,Nissan Versa 1.6 Exclusive At,2015,Capital Federal - Capital Federal,125000.0,10750.0
Nissan Versa,Nissan Versa 1.6 Visia Mt,2013,Capital Federal - Capital Federal,168000.0,6338.028169014085
Nissan Versa,Nissan Versa 1.6 Sr Cvt,2024,San Isidro - Bs.As. G.B.A. Norte,28500.0,22464.788732394365
Nissan Versa,Nissan Versa 1.6 Sense Mt,2023,Tigre - Bs.As. G.B.A. Norte,25100.0,19900.0
Nissan Versa,Nissan Versa 1.6 Advance Mt,2019,Moreno - Bs.As. G.B.A. Oeste,110000.0,11619.718309859154
Nissan Versa,Nissan Versa 1.6 Exclusive At,2021,Capital Federal - Capital Federal,40000.0,17900.0
Nissan Versa,Nissan Versa 1.6 Exclusive At,2020,Morón - Bs.As. G.B.A. Oeste,15000.0,19000.0
Nissan Versa,Nissan Versa 1.6 Advance At,2026,Pergamino - Buenos Aires Interior,0.0,25704.154929577464
Nissan Versa,Nissan Versa 1.6 Sr Cvt,2026,Neuquén - Neuquén,0.0,25809.718309859156
Nissan Versa,Nissan Versa 1.6 Sense Mt,2023,Rosario - Santa Fe,0.0,19366.197183098593
Nissan Versa,Nissan Versa 1.6 Advance At,2019,Junín - Buenos Aires Interior,161000.0,10915.492957746479
Nissan Versa,Nissan Versa 1.6 Exclusive At,2023,Rosario - Santa Fe,0.0,25704.225352112677
Nissan Versa,Nissan Versa 1.6 Exclusive Cvt,2026,Bariloche - Río Negro,0.0,26760.49295774648
Nissan Versa,Nissan Versa 1.6 Exclusive At,2023,Villa María - Córdoba,0.0,25912.676056338027
Nissan Versa,Nissan Versa 1.6 Sense,2025,San Francisco - Córdoba,0.0,23798.521126760563
Nissan Versa,Nissan Versa 1.6 Exclusive Cvt,2022,Córdoba - Córdoba,80740.0,18661.971830985916
Nissan Versa,Nissan Versa 1.6 Sense,2025,San Francisco - Córdoba,0.0,23562.88732394366
Nissan Versa,Nissan Versa 1.6 Advance At,2025,Córdoba - Córdoba,0.0,25032.780281690142
Nissan Versa,Nissan Versa 1.6 Advance Cvt,2026,Córdoba - Córdoba,0.0,25976.76056338028
Nissan Versa,Nissan Versa 1.6 Exclusive Cvt,2025,San Francisco - Córdoba,0.0,26811.267605633802
Fiat Siena,Fiat Siena 1.6 El 16v,2016,Escobar - Bs.As. G.B.A. Norte,217000.0,8500.0
Fiat Siena,Fiat Siena 1.4 El My 2015,2015,Berazategui - Bs.As. G.B.A. Sur,130000.0,8700.0
Fiat Siena,Fiat Siena 1.4 El,2013,Avellaneda - Bs.As. G.B.A. Sur,180000.0,6267.605633802817
Fiat Siena,Fiat Siena 1.6 El 16v Pack Confort,2015,Capital Federal - Capital Federal,110000.0,10204.154929577464
Fiat Siena,Fiat Siena 1.4 El Pack Seguridad,2014,La Matanza - Bs.As. G.B.A. Oeste,101000.0,8450.704225352112
Fiat Siena,Fiat Siena 1.4 El 85cv,2018,Vicente López - Bs.As. G.B.A. Norte,68000.0,11000.0
Fiat Siena,Fiat Siena 1.8 Hlx Active,2007,Capital Federal - Capital Federal,180000.0,5500.0
Fiat Siena,Fiat Siena 1.4 El Pack Seguridad,2014,Hurlingham - Bs.As. G.B.A. Oeste,129000.0,7746.478873239436
Fiat Siena,Fiat Siena 1.4 Fire Way,2013,Lomas De Zamora - Bs.As. G.B.A. Sur,51400.0,8802.81690140845
Fiat Siena,Fiat Siena 1.4 El 85cv C/gnc,2017,Lanús - Bs.As. G.B.A. Sur,283400.0,6683.098591549296
Fiat Siena,Fiat Siena 1.4 El Pack Attractive,2015,Capital Federal - Capital Federal,90000.0,9507.042253521127
Fiat Siena,Fiat Siena 1.4 El My 2015,2015,Capital Federal - Capital Federal,84000.0,9500.0
Fiat Siena,Fiat Siena 1.4 Fire Da,2008,Capital Federal - Capital Federal,270000.0,5140.845070422535
Fiat Siena,Fiat Siena 1.6 El 16v,2015,Capital Federal - Capital Federal,115000.0,10204.154929577464
Fiat Siena,Fiat Siena 1.4 El 85cv,2018,Capital Federal - Capital Federal,116000.0,8795.774647887323
Fiat Siena,Fiat Siena 1.6 El Aa,1998,San Miguel - Bs.As. G.B.A. Norte,140000.0,5985.915492957746
Fiat Siena,Fiat Siena 1.4 El 8v,2014,Capital Federal - Capital Federal,220000.0,7042.2535211267605
Fiat Siena,Fiat Siena 1.6 El 16v Pack Confort,2015,Capital Federal - Capital Federal,113700.0,7957.7464788732395
Fiat Siena,Fiat Siena F4 El 1.4 8v,2013,Quilmes - Bs.As. G.B.A. Sur,174000.0,7387.3239436619715
Fiat Siena,Fiat Siena 1.4 El 85cv,2017,Capital Federal - Capital Federal,129000.0,9788.732394366198
Fiat Siena,Fiat Siena 1.4 El My 2015,2015,Capital Federal - Capital Federal,63000.0,9761.224647887324
Fiat Siena,Fiat Siena 1.4 El Pack Attractive,2016,La Plata - Buenos Aires Interior,150000.0,8098.591549295775
Fiat Siena,Fiat Siena 1.6 El 16v,2016,Berazategui - Bs.As. G.B.A. Sur,140000.0,9507.041549295775
Fiat Siena,Fiat Siena Elx 4p 1.4 Rstiii,2010,Morón - Bs.As. G.B.A. Oeste,180000.0,5774.647887323944
Fiat Siena,Fiat Siena 1.4 El 85cv,2017,San Miguel - Bs.As. G.B.A. Norte,45000.0,10246.478873239437
Fiat Siena,Fiat Siena 1.4 El 85cv,2017,Capital Federal - Capital Federal,198000.0,6578.540845070423
Fiat Siena,Fiat Siena 1.4 El Pack Seguridad,2013,La Matanza - Bs.As. G.B.A. Oeste,125000.0,6690.140845070423
Fiat Siena,Fiat Siena 1.7 Elx Turbo Diesel,2007,Almirante Brown - Bs.As. G.B.A. Sur,234704.0,4084.507042253521
Fiat Siena,Fiat Siena 1.4 El Pack Attractive,2017,Avellaneda - Bs.As. G.B.A. Sur,103000.0,9154.929577464789
Fiat Siena,Fiat Siena 1.4 El Pack Attractive,2013,La Matanza - Bs.As. G.B.A. Oeste,125000.0,6690.140845070423
Fiat Siena,Fiat Siena 1.8 Hlx,2007,Capital Federal - Capital Federal,160000.0,6267.605633802817
Fiat Siena,Fiat Siena 1.4 El 85cv,2017,La Matanza - Bs.As. G.B.A. Oeste,250000.0,8443.661971830987
Fiat Siena,Fiat Siena 1.4 El 85cv,2017,General San Martín - Bs.As. G.B.A. Norte,89000.0,9084.507042253521
Fiat Siena,Fiat Siena 1.4 El Pack Attractive + Seguridad,2013,Capital Federal - Capital Federal,160000.0,6126.760563380281
Fiat Siena,Fiat Siena 1.4 El My 2015,2015,Capital Federal - Capital Federal,90000.0,9507.042253521127
Fiat Siena,Fiat Siena Fire 4p 1.4mpi 8v Hp Bz,2010,Hurlingham - Bs.As. G.B.A. Oeste,200000.0,6338.028169014085
Fiat Siena,Fiat Siena 1.4 El 85cv,2017,Florencio Varela - Bs.As. G.B.A. Sur,100000.0,10915.492957746479
Fiat Siena,Fiat Siena 1.4 El 85cv,2017,Quilmes - Bs.As. G.B.A. Sur,95000.0,10492.957746478873
Fiat Siena,Fiat Siena 1.4 Fire,2012,Quilmes - Bs.As. G.B.A. Sur,160000.0,7253.521126760564
Fiat Siena,Fiat Siena 1.4 El My 2015,2015,Ituzaingó - Bs.As. G.B.A. Oeste,158300.0,8873.239436619719
Fiat Siena,Fiat Siena 1.4 El Pack Attractive My 2015,2014,La Matanza - Bs.As. G.B.A. Oeste,111000.0,9000.0
Fiat Siena,Fiat Siena Sedan Elx 1.4. 8v,2008,Capital Federal - Capital Federal,107000.0,5985.915492957746
Fiat Siena,Fiat Siena 1.6 El 16v Pack Confort,2015,Capital Federal - Capital Federal,113700.0,7957.7464788732395
Fiat Siena,Fiat Siena 1.6 El 16v Pack Confort,2015,Capital Federal - Capital Federal,167000.0,9147.887323943662
Fiat Siena,Fiat Siena 1.4 El Pack Attractive My 2015,2015,General San Martín - Bs.As. G.B.A. Norte,145000.0,6900.0
Fiat Siena,Fiat Siena 1.4 El Pack Seguridad,2014,Capital Federal - Capital Federal,137000.0,8098.591549295775
Fiat Siena,Fiat Siena 1.4 El My 2015,2015,Capital Federal - Capital Federal,163200.0,8900.0
Fiat Siena,Fiat Siena 1.4 El Pack Attractive,2013,Ituzaingó - Bs.As. G.B.A. Oeste,166000.0,6830.985915492958
Fiat Siena,Fiat Siena 1.8 Hlx,2005,San Miguel - Bs.As. G.B.A. Norte,188000.0,6690.140845070423
Fiat Siena,Fiat Siena 1.4 El 85cv,2017,Florencio Varela - Bs.As. G.B.A. Sur,160000.0,11500.0
Fiat Siena,Fiat Siena 1.6 El 16v,2015,Capital Federal - Capital Federal,121000.0,9154.929577464789
Fiat Siena,Fiat Siena 1.6 El 16v Pack Confort,2015,Lanús - Bs.As. G.B.A. Sur,120000.0,7394.366197183099
Fiat Siena,Fiat Siena 1.4 El Pack Attractive,2013,Lanús - Bs.As. G.B.A. Sur,150000.0,6971.830985915493
Fiat Siena,Fiat Siena 1.4 El Pack Seguridad,2013,Berazategui - Bs.As. G.B.A. Sur,120000.0,6830.985915492958
Fiat Siena,Fiat Siena 1.4 Fire Way,2010,Almirante Brown - Bs.As. G.B.A. Sur,270000.0,4577.4647887323945
Fiat Siena,Fiat Siena 1.4 El Pack Attractive,2016,La Matanza - Bs.As. G.B.A. Oeste,105000.0,8802.81690140845
Fiat Siena,Fiat Siena 1.6 El 16v Pack Confort,2018,Almirante Brown - Bs.As. G.B.A. Sur,56000.0,11600.0
Fiat Siena,Fiat Siena 1.4 Attractive C/alarma Rstii,2011,General San Martín - Bs.As. G.B.A. Norte,230000.0,6549.295774647887
Fiat Siena,Fiat Siena 1.4 El Pack Attractive,2016,Capital Federal - Capital Federal,190000.0,6338.028169014085
Fiat Siena,Fiat Siena 1.4 Fire Elx,2007,Capital Federal - Capital Federal,200000.0,3661.9718309859154
Fiat Siena,Fiat Siena 1.8 Hlx Active Alarma,2008,Merlo - Bs.As. G.B.A. Oeste,148000.0,5985.915492957746
Fiat Siena,Fiat Siena 1.4 El Pack Seguridad,2014,General San Martín - Bs.As. G.B.A. Norte,95000.0,9507.042253521127
Fiat Siena,Fiat Siena 1 4 El,2017,Avellaneda - Bs.As. G.B.A. Sur,102000.0,7042.2535211267605
Fiat Siena,Fiat Siena 1.4 El Pack Attractive,2013,La Plata - Bs.As. G.B.A. Sur,114000.0,8380.281690140846
Fiat Siena,Fiat Siena 1.4 El Pack Attractive,2013,Ituzaingó - Bs.As. G.B.A. Oeste,180000.0,7605.633802816901
Fiat Siena,Fiat Siena 1.4 El Pack Attractive,2016,Capital Federal - Capital Federal,150000.0,8802.81690140845
Fiat Siena,Fiat Siena 1.4 El Pack Attractive,2016,Capital Federal - Capital Federal,130000.0,8450.704225352112
Fiat Siena,Fiat Siena F4 El 1.4 8v,2013,Lanús - Bs.As. G.B.A. Sur,188600.0,6690.140845070423
Fiat Siena,Fiat Siena 1.4 Fire Way,2012,Esteban Echeverría - Bs.As. G.B.A. Sur,167000.0,7042.2535211267605
Fiat Siena,Fiat Siena 1.6 El,1997,La Matanza - Bs.As. G.B.A. Oeste,200000.0,2535.211267605634
Fiat Siena,Fiat Siena 1.6 El 16v,2017,Lomas De Zamora - Bs.As. G.B.A. Sur,83000.0,10800.0
Fiat Siena,Fiat Siena 1.4 Fire Da,2013,Capital Federal - Capital Federal,180000.0,4577.4647887323945
Fiat Siena,Fiat Siena 1.4 El 8v,2015,Capital Federal - Capital Federal,182000.0,6549.295774647887
Fiat Siena,Fiat Siena 1.4 El Pack Attractive,2013,Ituzaingó - Bs.As. G.B.A. Oeste,180000.0,7605.633802816901
Fiat Siena,Fiat Siena 1.6 El 16v,2014,Morón - Bs.As. G.B.A. Oeste,120000.0,8450.704225352112
Fiat Siena,Fiat Siena 1.6 16v El,2015,Malvinas Argentinas - Bs.As. G.B.A. Norte,158493.0,6535.211267605634
Fiat Siena,Fiat Siena 1.4 El Pack Attractive,2013,Capital Federal - Capital Federal,90000.0,7676.056338028169
Fiat Siena,Fiat Siena 1.4 El Pack Attractive,2012,Tres De Febrero - Bs.As. G.B.A. Oeste,145000.0,6478.87323943662
Fiat Siena,Fiat Siena 1.7 Elx Turbo Diesel,2006,Capital Federal - Capital Federal,134000.0,5563.380281690141
Fiat Siena,Fiat Siena 1.4 El Pack Attractive,2017,Avellaneda - Bs.As. G.B.A. Sur,98000.0,8098.591549295775
Fiat Siena,Fiat Siena Elx 4p 1.4rstiii Bz,2010,Escobar - Bs.As. G.B.A. Norte,240000.0,5985.915492957746
Fiat Siena,Fiat Siena 1.4 Fire Da,2014,Malvinas Argentinas - Bs.As. G.B.A. Norte,175000.0,5985.915492957746
Fiat Siena,Fiat Siena 1.6 Essence,2012,Pilar - Bs.As. G.B.A. Norte,140000.0,7676.056338028169
Fiat Siena,Fiat Siena 1.7 Sd,1999,Capital Federal - Capital Federal,214299.0,3873.239436619718
Fiat Siena,Fiat Siena 1.4 Attractive C/alarma Rstii,2012,La Plata - Bs.As. G.B.A. Sur,200000.0,6267.605633802817
Fiat Siena,Fiat Siena 1.4 El My 2015,2015,Escobar - Bs.As. G.B.A. Norte,163867.0,8802.81690140845
Fiat Siena,Fiat Siena 1.4 El Pack Attractive,2016,La Plata - Bs.As. G.B.A. Sur,189000.0,8450.704225352112
Fiat Siena,Fiat Siena 1.4 El Pack Attractive,2016,San Isidro - Bs.As. G.B.A. Norte,124500.0,8802.81690140845
Fiat Siena,Fiat Siena 1.4 El Pack Attractive,2016,Almirante Brown - Bs.As. G.B.A. Sur,210000.0,7739.43661971831
Fiat Siena,Fiat Siena 1.4 El Pack Attractive,2016,Lomas De Zamora - Bs.As. G.B.A. Sur,188000.0,9366.197183098591
Fiat Siena,Fiat Siena 1.4 El Pack Attractive,2016,Quilmes - Bs.As. G.B.A. Sur,160000.0,8450.704225352112
Fiat Siena,Fiat Siena 1.4 El Pack Attractive,2016,San Miguel - Bs.As. G.B.A. Norte,132000.0,9507.042253521127
Fiat Siena,Fiat Siena 1.4 Mpi 8v Bz 4p,2014,Capital Federal - Capital Federal,116094.0,7100.0
Fiat Siena,Fiat Siena 1.4 El Pack Attractive,2016,General San Martín - Bs.As. G.B.A. Norte,145000.0,8802.81690140845
Fiat Siena,Fiat Siena 1.4 El 85cv,2018,Lomas De Zamora - Bs.As. G.B.A. Sur,117000.0,10915.492957746479
Fiat Siena,Fiat Siena 1.4 El Pack Attractive,2015,Capital Federal - Capital Federal,90400.0,9366.197183098591
Fiat Siena,Fiat Siena 1.4 El Pack Attractive 115 Hp,2016,Lanús - Bs.As. G.B.A. Sur,110000.0,9366.197183098591
Fiat Siena,Fiat Siena 1.4 Fire Da,2009,Merlo - Bs.As. G.B.A. Oeste,137000.0,5492.957746478874
Fiat Siena,Fiat Siena 1.6 El 16v,2015,Capital Federal - Capital Federal,96000.0,8309.859154929578
Fiat Siena,Fiat Siena 1.4 El Pack Attractive + Seguridad,2012,Capital Federal - Capital Federal,210000.0,6056.338028169014
Fiat Siena,Fiat Siena 1.4 Fire,2007,Ituzaingó - Bs.As. G.B.A. Oeste,230000.0,5985.915492957746
Fiat Siena,Fiat Siena 1.4 El Pack Attractive 115 Hp,2016,Lanús - Bs.As. G.B.A. Sur,125000.0,9140.845070422536
Fiat Siena,Fiat Siena 1.4 El Pack Seguridad,2014,Lanús - Bs.As. G.B.A. Sur,90000.0,8802.81690140845
Fiat Siena,Fiat Siena 1.4 Fire Da,2014,Merlo - Bs.As. G.B.A. Oeste,150000.0,7394.366197183099
Fiat Siena,Fiat Siena 1.4 El 85cv,2018,Capital Federal - Capital Federal,85000.0,8450.704225352112
Fiat Siena,Fiat Siena 1.4 El 85cv,2017,La Matanza - Bs.As. G.B.A. Oeste,140000.0,9647.887323943662
Fiat Siena,Fiat Siena 1.4 Elx Fire,2007,Hurlingham - Bs.As. G.B.A. Oeste,190000.0,5985.915492957746
Fiat Siena,Fiat Siena 1.6 El 16v,2015,Capital Federal - Capital Federal,96000.0,8450.0
Fiat Siena,Fiat Siena 1.4 El Pack Seguridad,2014,Merlo - Bs.As. G.B.A. Oeste,200000.0,5633.802112676056
Fiat Siena,Fiat Siena El 1.4,2016,Lomas De Zamora - Bs.As. G.B.A. Sur,223000.0,7035.211267605634
Fiat Siena,Fiat Siena 1.4 El My 2015,2015,Brandsen - Buenos Aires Interior,126000.0,6830.985915492958
Fiat Siena,Fiat Siena 1.4 El Pack Seg. + Attractive,2014,Capital Federal - Capital Federal,137000.0,8309.859154929578
Fiat Siena,Fiat Siena 1.4 El My 2015,2015,La Plata - Bs.As. G.B.A. Sur,138000.0,8802.81690140845
Fiat Siena,Fiat Siena 1.4 El Pack Attractive,2016,Capital Federal - Capital Federal,151700.0,8800.0
Fiat Siena,Fiat Siena El 1.4,2016,Quilmes - Bs.As. G.B.A. Sur,150000.0,8098.591549295775
Fiat Siena,Fiat Siena 1.8 2008 Hlx Emotion,2009,Pilar - Bs.As. G.B.A. Norte,140000.0,5985.915492957746
Fiat Siena,Fiat Siena 1.4 El 85cv C/gnc,2017,La Matanza - Bs.As. G.B.A. Oeste,148000.0,8380.281690140846
Fiat Siena,Fiat Siena Fire 1.4 Mpi 8v A/a,2011,Del Viso - Bs.As. G.B.A. Norte,190000.0,6267.605633802817
Fiat Siena,Fiat Siena 1.7 Elx Pack Elect.,2005,General San Martín - Bs.As. G.B.A. Norte,78000.0,6800.0
Fiat Siena,Fiat Siena Fire,2016,Quilmes - Bs.As. G.B.A. Sur,192000.0,6690.140845070423
Fiat Siena,Fiat Siena (f4) El 1.4 8v,2015,Florencio Varela - Bs.As. G.B.A. Sur,109000.0,8450.704225352112
Fiat Siena,Fiat Siena 1.4 Fire Way Aa+da+pack,2014,Florencio Varela - Bs.As. G.B.A. Sur,128000.0,7746.478873239436
Fiat Siena,Fiat Siena 1.4 El Pack Attractive,2016,Malvinas Argentinas - Bs.As. G.B.A. Norte,158000.0,8802.81690140845
Fiat Siena,Fiat Siena Fire 1.4 4p Mpi 8v F2c,2012,Capital Federal - Capital Federal,91000.0,5492.957746478874
Fiat Siena,Fiat Siena 1.4 Fire Da,2012,Lomas De Zamora - Bs.As. G.B.A. Sur,162000.0,7394.366197183099
Fiat Siena,Fiat Siena 1.4 El Pack Seguridad,2014,Capital Federal - Capital Federal,170000.0,6690.140845070423
Fiat Siena,Fiat Siena 1.4 El Pack Seguridad,2014,Capital Federal - Capital Federal,200000.0,5915.492957746479
Fiat Siena,Fiat Siena 1.7 Elx Turbo Diesel,2008,La Matanza - Bs.As. G.B.A. Oeste,250000.0,4014.0140845070423
Fiat Siena,Fiat Siena 1.6 El 16v,2016,La Matanza - Bs.As. G.B.A. Oeste,170000.0,9154.929577464789
Fiat Siena,Fiat Siena 1.4 Attractive C/alarma Rstii,2011,Castelar - Bs.As. G.B.A. Oeste,123000.0,5492.957746478874
Fiat Siena,Fiat Siena 1.6 El 16v,2016,Avellaneda - Bs.As. G.B.A. Sur,85000.0,8098.591549295775
Fiat Siena,Fiat Siena 1.4 El Pack Attractive 115 Hp,2016,General San Martín - Bs.As. G.B.A. Norte,105000.0,8943.661971830987
Fiat Siena,Fiat Siena 1.4 Fire Da,2012,Capital Federal - Capital Federal,95000.0,7394.366197183099
Fiat Siena,Fiat Siena 1.4 El Pack Attractive,2016,Lomas De Zamora - Bs.As. G.B.A. Sur,93000.0,8802.81690140845
Fiat Siena,Fiat Siena 1.4 El Pack Seguridad,2014,Capital Federal - Capital Federal,138000.0,5908.450704225352
Fiat Siena,Fiat Siena 1.4 El My 2015,2014,Vicente López - Bs.As. G.B.A. Norte,212000.0,6690.140845070423
Fiat Siena,Fiat Siena 1.6 El Aa,1999,Capital Federal - Capital Federal,60182.0,5563.380281690141
Fiat Siena,Fiat Siena 1.4 Fire Elx Active Rstii,2010,Lanús - Bs.As. G.B.A. Sur,115000.0,7746.478873239436
Fiat Siena,Fiat Siena 1.6 El 16v Pack Confort,2014,Capital Federal - Capital Federal,145000.0,8098.591549295775
Fiat Siena,Fiat Siena 1.4 El 85cv,2017,Florencio Varela - Bs.As. G.B.A. Sur,90000.0,10211.267605633802
Fiat Siena,Fiat Siena 1.4 El,2017,Malvinas Argentinas - Bs.As. G.B.A. Norte,61653.0,9373.239436619719
Fiat Siena,Fiat Siena 1.4 Fire Da,2012,Lanús - Bs.As. G.B.A. Sur,140500.0,7676.056338028169
Fiat Siena,Fiat Siena 1.4 Fire Da,2011,Lomas De Zamora - Bs.As. G.B.A. Sur,116000.0,5985.915492957746
Fiat Siena,Fiat Siena (f4) 1.4 8v,2016,Lomas De Zamora - Bs.As. G.B.A. Sur,78000.0,10000.0
Fiat Siena,Fiat Siena 1.4 Fire Da,2014,Marcos Paz - Buenos Aires Interior,136000.0,7746.478873239436
Fiat Siena,Fiat Siena El 1.4 Fire,2014,Capital Federal - Capital Federal,221000.0,6267.605633802817
Fiat Siena,Fiat Siena 1.4 El 85cv,2018,Lanús - Bs.As. G.B.A. Sur,80000.0,9507.042253521127
Fiat Siena,Fiat Siena 1.4 Fire Da,2013,La Matanza - Bs.As. G.B.A. Oeste,131128.0,8661.971830985916
Fiat Siena,Fiat Siena 1.4 Fire Da,2012,Tres De Febrero - Bs.As. G.B.A. Oeste,279000.0,5985.915492957746
Fiat Siena,Fiat Siena 1.7 Elx Turbo Diesel,2008,Capital Federal - Capital Federal,230000.0,4929.577464788732
Fiat Siena,Fiat Siena 1.4 El My 2015,2015,Capital Federal - Capital Federal,100000.0,8911.971830985916
Fiat Siena,Fiat Siena 1.4 El 85cv,2017,La Plata - Bs.As. G.B.A. Sur,55000.0,11267.605633802817
Fiat Siena,Fiat Siena 1.6 El 16v Pack Confort,2017,San Fernando - Bs.As. G.B.A. Norte,70000.0,10211.267605633802
Fiat Siena,Fiat Siena 1.4 El Pack Attractive,2016,Almirante Brown - Bs.As. G.B.A. Sur,115000.0,8802.81690140845
Fiat Siena,Fiat Siena 1.4 El Pack Seg. + Attractive,2014,Capital Federal - Capital Federal,50000.0,8873.239436619719
Fiat Siena,Fiat Siena 1.4 El My 2015,2015,Tres De Febrero - Bs.As. G.B.A. Oeste,165000.0,8943.661971830987
Fiat Siena,Fiat Siena 1.4 El Pack Seguridad,2014,Capital Federal - Capital Federal,126000.0,6338.028169014085
Fiat Siena,Fiat Siena 1.4,2009,Lanús - Bs.As. G.B.A. Sur,154000.0,6300.0
Fiat Siena,Fiat Siena 1.4 El My 2015,2014,Berazategui - Bs.As. G.B.A. Sur,118000.0,8450.704225352112
Fiat Siena,Fiat Siena Mpi 1.4 8v,2013,La Plata - Bs.As. G.B.A. Sur,155000.0,5774.647887323944
Fiat Siena,Fiat Siena 1.8 2008 Hlx Emotion,2009,Lanús - Bs.As. G.B.A. Sur,119000.0,6330.985915492958
Fiat Siena,Fiat Siena 1.6 Essence,2011,Berazategui - Bs.As. G.B.A. Sur,148500.0,6126.760563380281
Fiat Siena,Fiat Siena 1.4 Fire Way,2013,Capital Federal - Capital Federal,270000.0,5492.957746478874
Fiat Siena,Fiat Siena 1.4 Attractive,2012,General San Martín - Bs.As. G.B.A. Norte,111111.0,4929.577464788732
Fiat Siena,Fiat Siena 1.4 El Pack Attractive,2015,Capital Federal - Capital Federal,90500.0,9507.042253521127
Fiat Siena,Fiat Siena 1.4 Fire Da,2012,La Matanza - Bs.As. G.B.A. Oeste,128200.0,6901.408450704225
Fiat Siena,Fiat Siena 1.4 El Pack Attractive My 2015,2014,La Matanza - Bs.As. G.B.A. Oeste,101000.0,8450.704225352112
Fiat Siena,Fiat Siena 1.4 El Pack Seg. + Attractive,2014,La Matanza - Bs.As. G.B.A. Oeste,101000.0,8450.704225352112
Fiat Siena,Fiat Siena 1.4 El My 2015,2015,Tres De Febrero - Bs.As. G.B.A. Oeste,182000.0,6690.140845070423
Fiat Siena,Fiat Siena 1.4 Fire Da,2012,La Plata - Bs.As. G.B.A. Sur,211000.0,5633.802816901409
Fiat Siena,Fiat Siena 1.4 El 85cv,2017,La Matanza - Bs.As. G.B.A. Oeste,72000.0,9366.197183098591
Fiat Siena,Fiat Siena 1.4 El 85cv,2017,La Matanza - Bs.As. G.B.A. Oeste,130000.0,9859.154929577464
Fiat Siena,Fiat Siena F.4 El 1.4 8v,2014,Lanús - Bs.As. G.B.A. Sur,132000.0,7042.2535211267605
Fiat Siena,Fiat Siena 1.4 El 85cv C/gnc,2017,General Rodríguez - Bs.As. G.B.A. Oeste,185000.0,9507.042253521127
Fiat Siena,Fiat Siena 1.4 Fire,2011,General San Martín - Bs.As. G.B.A. Norte,226669.0,5281.69014084507
Fiat Siena,Fiat Siena Ex Fire,2004,Capital Federal - Capital Federal,160000.0,4718.30985915493
Fiat Siena,Fiat Siena 1.4 Fire,2011,Capital Federal - Capital Federal,74000.0,7394.366197183099
Fiat Siena,Fiat Siena 1.4 Attractive C/alarma Rstii,2011,Tres De Febrero - Bs.As. G.B.A. Oeste,164700.0,7183.098591549296
Fiat Siena,Fiat Siena 1.4 Fire Aa Gnc,2007,Caseros - Bs.As. G.B.A. Oeste,111111.0,5845.070422535211
Fiat Siena,Fiat Siena 1.6 Essence,2011,Caseros - Bs.As. G.B.A. Oeste,250000.0,6549.295774647887
Fiat Siena,Fiat Siena 1.4 Attractive C/alarma Rstii,2011,Capital Federal - Capital Federal,200000.0,4718.30985915493
Fiat Siena,Fiat Siena 1.3 Fire Gnc,2005,Capital Federal - Capital Federal,222000.0,5281.69014084507
Fiat Siena,Fiat Siena 1.4 Fire Da,2012,La Plata - Bs.As. G.B.A. Sur,63640.0,7746.478873239436
Fiat Siena,Fiat Siena 1.4 El 85cv C/gnc,2017,La Matanza - Bs.As. G.B.A. Oeste,138000.0,8098.591549295775
Fiat Siena,Fiat Siena 1.6 El 16v,2017,Capital Federal - Capital Federal,91000.0,8450.704225352112
Fiat Siena,Fiat Siena Fire 1.4 Mpi 8v,2010,Capital Federal - Capital Federal,260000.0,4507.042253521126
Fiat Siena,Fiat Siena 1.4 El Pack Attractive,2016,La Matanza - Bs.As. G.B.A. Oeste,245000.0,7042.254225352112
Fiat Siena,Fiat Siena 1.6 El 16v Pack Confort,2016,General San Martín - Bs.As. G.B.A. Norte,159000.0,9154.929577464789
Fiat Siena,Fiat Siena 1.4 Fire Da,2012,José C. Paz - Bs.As. G.B.A. Norte,138000.0,6338.028169014085
Fiat Siena,Fiat Siena 1.4 El 85cv,2018,Capital Federal - Capital Federal,68000.0,11619.718309859154
Fiat Siena,Fiat Siena 1.4 Fire Way Aa+da+pack,2014,Capital Federal - Capital Federal,145000.0,7183.098591549296
Fiat Siena,Fiat Siena 1.4 El Pack Attractive,2016,Capital Federal - Capital Federal,279000.0,4922.5352112676055
Fiat Siena,Fiat Siena 1.3 Fire Class,2003,San Miguel - Bs.As. G.B.A. Norte,149000.0,5633.802816901409
Fiat Siena,Fiat Siena 1.4 El Pack Seg. + Attractive,2014,Tres De Febrero - Bs.As. G.B.A. Oeste,161700.0,7605.633802816901
Fiat Siena,Fiat Siena 1.4 El Pack Attractive,2015,Capital Federal - Capital Federal,85500.0,9014.084507042253
Fiat Siena,Fiat Siena 1.4 Fire,2007,Capital Federal - Capital Federal,124000.0,6000.0
Fiat Siena,"Fiat Siena F4-el-1,4 8v",2013,Hurlingham - Bs.As. G.B.A. Oeste,274000.0,4577.4647887323945
Fiat Siena,Fiat Siena 1.4 El Pack Attractive My 2015,2015,General San Martín - Bs.As. G.B.A. Norte,165000.0,8450.704225352112
Fiat Siena,Fiat Siena 1.4 Fire Da,2013,Capital Federal - Capital Federal,225000.0,7394.366197183099
Fiat Siena,Fiat Siena 1.4 Fire Da,2013,La Matanza - Bs.As. G.B.A. Oeste,130000.0,12300.0
Fiat Siena,Fiat Siena 1.4 Fire Da,2013,Brandsen - Buenos Aires Interior,230000.0,7746.478873239436
Fiat Siena,Fiat Siena 1.4 Fire Da,2014,Capital Federal - Capital Federal,234000.0,5281.69014084507
Fiat Siena,Fiat Siena 1.6 Essence,2011,La Matanza - Bs.As. G.B.A. Oeste,148000.0,7957.7464788732395
Fiat Siena,Fiat Siena El,2013,Malvinas Argentinas - Bs.As. G.B.A. Norte,250000.0,3873.239436619718
Fiat Siena,Fiat Siena 1.4 Fire Way,2008,Morón - Bs.As. G.B.A. Oeste,136000.0,4577.4647887323945
Fiat Siena,Fiat Siena 1.4 El Pack Attractive,2016,Esteban Echeverría - Bs.As. G.B.A. Sur,154000.0,8802.81690140845
Fiat Siena,Fiat Siena 1.4 Fire Way,2013,Morón - Bs.As. G.B.A. Oeste,147000.0,6197.183098591549
Fiat Siena,Fiat Siena (f4) El 1.4 8v,2014,Capital Federal - Capital Federal,130000.0,7796.0
Fiat Siena,Fiat Siena 1.4 Fire Da,2012,Vicente López - Bs.As. G.B.A. Norte,112000.0,8169.014084507042
Fiat Siena,Fiat Siena El 1.4 Fire,2012,Ezeiza - Bs.As. G.B.A. Sur,159000.0,7394.366197183099
Fiat Siena,Fiat Siena 1.4 El Pack Attractive,2012,Florencio Varela - Bs.As. G.B.A. Sur,160000.0,9200.0
Fiat Siena,Fiat Siena 1.4 Fire Da,2013,Moreno - Bs.As. G.B.A. Oeste,255000.0,5985.915492957746
Fiat Siena,Fiat Siena El (f4) 1.4 8v,2013,Merlo - Bs.As. G.B.A. Oeste,146000.0,5985.915492957746
Fiat Siena,Fiat Siena 1.4 Attractive C/alarma Rstii,2011,General San Martín - Bs.As. G.B.A. Norte,288000.0,5281.69014084507
Fiat Siena,Fiat Siena Atracctive,2011,Morón - Bs.As. G.B.A. Oeste,200000.0,5633.802816901409
Fiat Siena,Fiat Siena 1.4 El 85cv,2017,La Matanza - Bs.As. G.B.A. Oeste,250000.0,6338.028169014085
Fiat Siena,Fiat Siena 1.4 2008 Fire Elx,2008,La Matanza - Bs.As. G.B.A. Oeste,274000.0,4225.352112676056
Fiat Siena,Fiat Siena 1.4 El Pack Attractive,2013,Ituzaingó - Bs.As. G.B.A. Oeste,220000.0,5809.859154929577
Fiat Siena,Fiat Siena 1.4 Fire Elx Active Rstii,2010,General Rodríguez - Bs.As. G.B.A. Oeste,250000.0,6690.140845070423
Fiat Siena,Fiat Siena 1.3 Fire Gnc,2004,Morón - Bs.As. G.B.A. Oeste,200000.0,5070.422535211268
Fiat Siena,Fiat Siena 1.4 El Pack Attractive,2016,Morón - Bs.As. G.B.A. Oeste,110000.0,9600.0
VW Polo,Volkswagen Polo 1.6 Comfortline,2018,Morón - Bs.As. G.B.A. Oeste,90383.0,14084.50633802817
VW Polo,Volkswagen Polo 1.6 Msi Track,2025,Pilar - Bs.As. G.B.A. Norte,0.0,15716.429577464789
VW Polo,Volkswagen Polo 1.0 Tsi 170 Highline At,2023,Capital Federal - Capital Federal,27300.0,21478.87323943662
VW Polo,Volkswagen Polo 1.6 Msi Track,2026,Pilar - Bs.As. G.B.A. Norte,0.0,19359.154929577464
VW Polo,Volkswagen Polo 1.6 Msi Track,2026,San Isidro - Bs.As. G.B.A. Norte,0.0,17746.478873239437
VW Polo,Volkswagen Polo 1.6 Msi Track,2026,Capital Federal - Capital Federal,0.0,17253.521126760563
VW Polo,Volkswagen Polo 1.6 Msi Track,2026,Capital Federal - Capital Federal,0.0,17957.74647887324
VW Polo,Volkswagen Polo 1.6 Msi Track,2026,Vicente López - Bs.As. G.B.A. Norte,0.0,17957.74647887324
VW Polo,Volkswagen Polo 1.6 Msi Track,2025,General San Martín - Bs.As. G.B.A. Norte,0.0,17957.042253521126
VW Polo,Volkswagen Polo 1.6 Comfortline,2024,San Isidro - Bs.As. G.B.A. Norte,0.0,8309.859154929578
VW Polo,Volkswagen Polo 1.6 Msi Track,2026,Capital Federal - Capital Federal,0.0,17253.521126760563
VW Polo,Volkswagen Polo 1.6 Msi Track,2026,Capital Federal - Capital Federal,0.0,18450.704225352114
VW Polo,Volkswagen Polo 1.6 Msi Track,2026,Berazategui - Bs.As. G.B.A. Sur,0.0,18309.852112676057
VW Polo,Volkswagen Polo 1.6 Msi Track,2026,San Isidro - Bs.As. G.B.A. Norte,0.0,17535.281690140844
VW Polo,Volkswagen Polo 1.6 Msi Track,2026,Capital Federal - Capital Federal,0.0,17253.521126760563
VW Polo,Volkswagen Polo 1.6 Msi Track,2026,Beccar - Bs.As. G.B.A. Norte,0.0,17535.211267605635
VW Polo,Volkswagen Polo 1.6 Msi Track,2026,Quilmes - Bs.As. G.B.A. Sur,0.0,18309.859154929578
VW Polo,Volkswagen Polo 1.6 Msi Track,2026,San Isidro - Bs.As. G.B.A. Norte,0.0,17323.943661971833
VW Polo,Volkswagen Polo 1.6 Msi Track,2026,General San Martín - Bs.As. G.B.A. Norte,0.0,17957.11267605634
VW Polo,Volkswagen Polo 1.6 Msi Track,2026,Vicente López - Bs.As. G.B.A. Norte,0.0,18309.859154929578
VW Polo,Volkswagen Polo 1.0 Tsi 170 Highline At,2026,Capital Federal - Capital Federal,0.0,20003.521126760563
VW Polo,Volkswagen Polo 1.6 Msi Track,2026,Ezeiza - Bs.As. G.B.A. Sur,0.0,18309.859154929578
VW Polo,Volkswagen Polo 1.0 Tsi 170 Comfortline At,2026,San Isidro - Bs.As. G.B.A. Norte,0.0,20063.38028169014
VW Polo,Volkswagen Polo 1.6 Msi Track,2025,Capital Federal - Capital Federal,2500.0,17535.211267605635
VW Polo,Volkswagen Polo 1.6 Msi Track,2026,Malvinas Argentinas - Bs.As. G.B.A. Norte,0.0,19929.577464788734
VW Polo,Volkswagen Polo 1.0 Tsi 170 Highline At,2026,Escobar - Bs.As. G.B.A. Norte,0.0,22183.098591549297
VW Polo,Volkswagen Polo 1.6 Msi Track,2025,Capital Federal - Capital Federal,0.0,18169.014084507042
VW Polo,Volkswagen Polo 1.6 Msi Track,2026,Pilar - Bs.As. G.B.A. Norte,0.0,19359.154929577464
VW Polo,Volkswagen Polo 1.6 Msi Track,2026,Capital Federal - Capital Federal,0.0,18519.717605633803
VW Polo,Volkswagen Polo 1.4 Tsi 250 Gts,2024,Malvinas Argentinas - Bs.As. G.B.A. Norte,17500.0,33098.59154929577
VW Polo,Volkswagen Polo 1.0 Tsi 170 Comfortline At,2026,Capital Federal - Capital Federal,0.0,21830.985915492958
VW Polo,Volkswagen Polo 1.6 Msi Track,2026,Vicente López - Bs.As. G.B.A. Norte,0.0,17429.577464788734
VW Polo,Volkswagen Polo 1.6 Msi Track,2026,Capital Federal - Capital Federal,0.0,18239.436619718308
VW Polo,Volkswagen Polo 1.6 Msi Track,2026,Pilar - Bs.As. G.B.A. Norte,0.0,19359.154929577464
VW Polo,Volkswagen Polo 1.6 Msi Track,2025,Capital Federal - Capital Federal,0.0,17535.211267605635
VW Polo,Volkswagen Polo 1.6 Msi Track,2023,Moreno - Bs.As. G.B.A. Oeste,0.0,18500.0
VW Polo,Volkswagen Polo 1.0 Tsi 170 Highline At,2026,Capital Federal - Capital Federal,0.0,25985.915492957745
VW Polo,Volkswagen Polo 1.6 Msi Track,2025,Quilmes - Bs.As. G.B.A. Sur,0.0,18309.859154929578
VW Polo,Volkswagen Polo 1.0 Tsi 170 Comfortline At,2026,Escobar - Bs.As. G.B.A. Norte,0.0,19366.197183098593
VW Polo,Volkswagen Polo 1.6 Comfortline,2024,San Isidro - Bs.As. G.B.A. Norte,0.0,12323.94366197183
VW Polo,Volkswagen Polo 1.4 Tsi 250 Gts,2024,General San Martín - Bs.As. G.B.A. Norte,30000.0,29990.0
VW Polo,Volkswagen Polo 1.6 Msi Track,2026,Vicente López - Bs.As. G.B.A. Norte,0.0,18309.859154929578
VW Polo,Volkswagen Polo 1.6 Msi Track,2026,La Matanza - Bs.As. G.B.A. Oeste,0.0,18661.971830985916
VW Polo,Volkswagen Polo 1.6 Msi Track,2026,Buenos Aires,0.0,18990.563380281692
VW Polo,Volkswagen Polo 1.6 Msi Track,2026,Escobar - Bs.As. G.B.A. Norte,0.0,15873.94366197183
VW Polo,Volkswagen Polo 1.6 Msi Track,2026,Capital Federal - Capital Federal,0.0,18661.971830985916
VW Polo,Volkswagen Polo 1.6 Msi Track,2026,Pilar - Buenos Aires Interior,0.0,18795.774647887323
VW Polo,Volkswagen Polo 1.6 Msi Track,2026,Capital Federal - Capital Federal,0.0,17887.323943661973
VW Polo,Volkswagen Polo 1.6 Msi Track,2026,San Isidro - Bs.As. G.B.A. Norte,0.0,18661.971830985916
VW Polo,Volkswagen Polo 1.6 Msi Track,2026,General San Martín - Bs.As. G.B.A. Norte,0.0,17605.0
VW Polo,Volkswagen Polo 1.6 Msi Track,2026,Capital Federal - Capital Federal,0.0,17535.211267605635
VW Polo,Volkswagen Polo 1.6 Msi Track,2025,Vicente López - Bs.As. G.B.A. Norte,0.0,17957.74647887324
VW Polo,Volkswagen Polo 1.6 Msi Comfort Plus At,2018,La Matanza - Bs.As. G.B.A. Oeste,78000.0,15750.0
VW Polo,Volkswagen Polo 1.0 Tsi 170 Highline At,2026,Ituzaingó - Bs.As. G.B.A. Oeste,0.0,27464.797887323944
VW Polo,Volkswagen Polo 1.0 Tsi 170 Highline At,2026,Capital Federal - Capital Federal,0.0,26197.183098591548
VW Polo,Volkswagen Polo 1.0 Tsi 170 Highline At,2026,San Fernando - Bs.As. G.B.A. Norte,0.0,28161.971830985916
VW Polo,Volkswagen Polo 1.0 Tsi 170 Highline At,2026,La Matanza - Bs.As. G.B.A. Oeste,0.0,25883.978873239437
VW Polo,Volkswagen Polo 1.0 Tsi 170 Highline At,2026,Capital Federal - Capital Federal,0.0,27112.676056338027
VW Polo,Volkswagen Polo 1.0 Tsi 170 Highline At,2026,General San Martín - Bs.As. G.B.A. Norte,0.0,26197.183098591548
VW Polo,Volkswagen Polo 1.0 Tsi 170 Highline At,2026,Capital Federal - Capital Federal,0.0,26267.605633802817
VW Polo,Volkswagen Polo 1.0 Tsi 170 Highline At,2026,San Fernando - Bs.As. G.B.A. Norte,0.0,26408.450704225354
VW Polo,Volkswagen Polo 1.6 Msi Track,2025,Vicente López - Bs.As. G.B.A. Norte,0.0,16901.408450704224
VW Polo,Volkswagen Polo 1.0 Tsi 170 Comfortline At,2026,Escobar - Bs.As. G.B.A. Norte,0.0,23232.394366197183
VW Polo,Volkswagen Polo 1.6 Msi Track,2026,Capital Federal - Capital Federal,0.0,17429.577464788734
VW Polo,Volkswagen Polo Track 1.6 Msi,2025,Capital Federal - Capital Federal,0.0,17746.478873239437
VW Polo,Volkswagen Polo 1.6 Msi Track,2025,Tigre - Bs.As. G.B.A. Norte,0.0,16760.563380281692
VW Polo,Volkswagen Polo 1.6 Msi Track,2025,Malvinas Argentinas - Bs.As. G.B.A. Norte,0.0,19929.577464788734
VW Polo,Volkswagen Polo 1.6 Msi Trendline At,2019,Lanús - Bs.As. G.B.A. Sur,93000.0,13732.394366197183
VW Polo,Volkswagen Polo 1.6 Msi Trendline At,2019,Capital Federal - Capital Federal,58300.0,14800.0
VW Polo,Volkswagen Polo 1.6 Msi Track,2026,San Isidro - Bs.As. G.B.A. Norte,0.0,17605.6338028169
VW Polo,Volkswagen Polo 1.6 Msi Highline At,2019,Morón - Bs.As. G.B.A. Oeste,160000.0,13732.394366197183
VW Polo,Volkswagen Polo 1.6 Msi Track,2026,La Plata - Bs.As. G.B.A. Sur,0.0,18873.23943661972
VW Polo,Volkswagen Polo 1.6 Msi Track,2024,Capital Federal - Capital Federal,54000.0,17000.0
VW Polo,Volkswagen Polo 1.6 Msi Track,2026,Pilar - Bs.As. G.B.A. Norte,0.0,19359.154929577464
VW Polo,Volkswagen Polo 1.6 Msi Comfortline,2018,La Matanza - Bs.As. G.B.A. Oeste,90000.0,13028.169014084508
VW Polo,Volkswagen Polo 1.6 Msi Highline,2018,Morón - Bs.As. G.B.A. Oeste,59000.0,16197.18309859155
VW Polo,Volkswagen Polo 1.6 Comfortline,2017,Tigre - Bs.As. G.B.A. Norte,150000.0,10492.957746478873
VW Polo,Volkswagen Polo 1.0 Tsi 170 Comfortline At,2026,La Matanza - Bs.As. G.B.A. Oeste,0.0,23239.436619718308
VW Polo,Volkswagen Polo 1.0 Tsi 170 Comfortline At,2026,Capital Federal - Capital Federal,0.0,24084.519014084508
VW Polo,Volkswagen Polo 1.0 Tsi 170 Comfortline At,2026,Del Viso - Bs.As. G.B.A. Norte,0.0,23584.50704225352
VW Polo,Volkswagen Polo 1.0 Tsi 170 Comfortline At,2026,Capital Federal - Capital Federal,0.0,24084.50704225352
VW Polo,Volkswagen Polo 1.6 Msi Track,2025,Pilar - Bs.As. G.B.A. Norte,0.0,19929.577464788734
VW Polo,Volkswagen Polo 1.0 Tsi 170 Highline At,2026,Quilmes - Bs.As. G.B.A. Sur,0.0,26408.450704225354
VW Polo,Volkswagen Polo 1.0 170 Tsi Comfortline,2025,Tigre - Bs.As. G.B.A. Norte,0.0,23133.802816901407
VW Polo,Volkswagen Polo 1.6 Msi Track,2024,General San Martín - Bs.As. G.B.A. Norte,9500.0,17800.0
VW Polo,Volkswagen Polo 1.0 Tsi 170 Highline At,2026,General San Martín - Bs.As. G.B.A. Norte,0.0,26407.74647887324
VW Polo,Volkswagen Polo 1.6 Msi Track,2025,Moreno - Bs.As. G.B.A. Oeste,0.0,19929.577464788734
VW Polo,Volkswagen Polo 1.6 Msi Trendline,2018,Capital Federal - Capital Federal,76000.0,13380.281690140846
VW Polo,Volkswagen Polo 1.6 Msi Highline At,2018,Capital Federal - Capital Federal,95000.0,15845.070422535211
VW Polo,Volkswagen Polo 1.0 Tsi 170 Comfortline At,2026,Pilar - Bs.As. G.B.A. Norte,0.0,23584.50704225352
VW Polo,Volkswagen Polo 1.6 Msi Track,2026,Pilar - Bs.As. G.B.A. Norte,0.0,19359.154929577464
VW Polo,Volkswagen Polo 1.0 Tsi 170 Comfortline At,2026,Capital Federal - Capital Federal,0.0,23436.38309859155
VW Polo,Volkswagen Polo 1.6 Msi Trendline,2023,La Plata - Bs.As. G.B.A. Sur,44000.0,15774.647887323943
VW Polo,Volkswagen Polo 1.6 Msi Track,2026,La Matanza - Bs.As. G.B.A. Oeste,0.0,17605.63309859155
VW Polo,Volkswagen Polo 1.6 Msi Track,2024,Capital Federal - Capital Federal,55000.0,10711.267605633802
VW Polo,Volkswagen Polo 1.6 Msi Track,2025,Tigre - Bs.As. G.B.A. Norte,0.0,18859.154929577464
VW Polo,Volkswagen Polo 1.0 Tsi 170 Comfortline At,2026,Pilar - Bs.As. G.B.A. Norte,0.0,23584.50704225352
VW Polo,Volkswagen Polo 1.6 Msi Track,2026,Tres De Febrero - Bs.As. G.B.A. Oeste,0.0,18521.12676056338
VW Polo,Volkswagen Polo 1.0 Tsi 170 Highline At,2026,Pilar - Bs.As. G.B.A. Norte,0.0,26401.408450704224
VW Polo,Volkswagen Polo 1.0 Tsi 170 Highline At,2025,Pilar - Bs.As. G.B.A. Norte,0.0,26690.140845070422
VW Polo,Volkswagen Polo 1.0 Tsi 170 Highline At,2025,Hurlingham - Bs.As. G.B.A. Oeste,0.0,24295.774647887323
VW Polo,Volkswagen Polo Confortline 170 At Tsi,2025,Capital Federal - Capital Federal,0.0,26267.605633802817
VW Polo,Volkswagen Polo 1.0 Tsi 170 Highline At,2025,Tres De Febrero - Bs.As. G.B.A. Oeste,0.0,26197.183098591548
VW Polo,Volkswagen Polo 1.6 Msi Track,2026,Pilar - Bs.As. G.B.A. Norte,0.0,19366.197183098593
VW Polo,Volkswagen Polo 1.6 Msi Track,2025,Malvinas Argentinas - Bs.As. G.B.A. Norte,0.0,19929.577464788734
VW Polo,Volkswagen Polo 1.6 Msi Track,2025,Tigre - Bs.As. G.B.A. Norte,0.0,19929.577464788734
VW Polo,Volkswagen Polo 1.6 Msi Track,2025,Pilar - Bs.As. G.B.A. Norte,0.0,19929.577464788734
VW Polo,Volkswagen Polo 1.6 Msi Track,2025,Tigre - Bs.As. G.B.A. Norte,0.0,19929.577464788734
VW Polo,Volkswagen Polo 1.6 Comfortline,2016,Capital Federal - Capital Federal,154000.0,10211.267605633802
VW Polo,Volkswagen Polo 1.6 Msi Track,2024,Vicente López - Bs.As. G.B.A. Norte,0.0,14788.732394366198
VW Polo,Volkswagen Polo 1.6 Msi Track,2025,Moreno - Bs.As. G.B.A. Oeste,0.0,19929.577464788734
VW Polo,Volkswagen Polo 1.0 Tsi 170 Comfortline At,2026,San Isidro - Bs.As. G.B.A. Norte,0.0,22746.478873239437
VW Polo,Volkswagen Polo 1.6 Msi Track,2025,Capital Federal - Capital Federal,0.0,17957.74647887324
VW Polo,Volkswagen Polo 1.0 Tsi 170 Comfortline At,2025,Capital Federal - Capital Federal,0.0,23028.169014084506
VW Polo,Volkswagen Polo Highline 1.0 170tsi At,2025,Capital Federal - Capital Federal,0.0,24859.15422535211
VW Polo,Volkswagen Polo 1.0 Tsi 170 Comfortline At,2026,Pilar - Bs.As. G.B.A. Norte,0.0,23521.12676056338
VW Polo,Volkswagen Polo 1.0 Tsi 170 Comfortline At,2026,Pilar - Bs.As. G.B.A. Norte,0.0,23584.50704225352
VW Polo,Volkswagen Polo Volkswagen Polo 1.0 Tsi 170 Comfortline At,2025,Vicente López - Bs.As. G.B.A. Norte,0.0,23098.591549295776
VW Polo,Volkswagen Polo 1.0 Tsi 170 Highline At,2026,San Isidro - Bs.As. G.B.A. Norte,0.0,26761.12676056338
VW Polo,Volkswagen Polo 1.6 Msi Highline At,2021,Capital Federal - Capital Federal,8500.0,19990.0
VW Polo,Volkswagen Polo 1.6 Msi Track,2025,Berazategui - Bs.As. G.B.A. Sur,0.0,19014.02253521127
VW Polo,Volkswagen Polo 1.6 Msi Track,2026,Berazategui - Bs.As. G.B.A. Sur,0.0,17605.6338028169
VW Polo,Volkswagen Polo 1.0 Tsi 170 Comfortline At,2026,General San Martín - Bs.As. G.B.A. Norte,0.0,23238.732394366198
VW Polo,Volkswagen Polo 1.6 Msi Track,2026,Escobar - Bs.As. G.B.A. Norte,0.0,19359.154929577464
VW Polo,Volkswagen Polo 1.6 Msi Track,2026,Capital Federal - Capital Federal,0.0,17816.901408450703
VW Polo,Volkswagen Polo 1.6 Msi Track,2026,Capital Federal - Capital Federal,0.0,17500.0
VW Polo,Volkswagen Polo 1.6 Msi Track,2025,Capital Federal - Capital Federal,0.0,20609.3661971831
VW Polo,Volkswagen Polo 1.0 Tsi 170 Comfortline At,2026,Capital Federal - Capital Federal,0.0,23584.50704225352
VW Polo,Volkswagen Polo Comfortline,2025,Capital Federal - Capital Federal,0.0,21267.605633802817
VW Polo,Volkswagen Polo 1.6 Msi Track,2026,José C. Paz - Bs.As. G.B.A. Norte,0.0,19309.859154929578
VW Polo,Volkswagen Polo 1.6 Msi Track,2026,Pilar - Bs.As. G.B.A. Norte,500.0,19359.154929577464
VW Polo,Volkswagen Polo 1.6 Msi Track,2026,Morón - Bs.As. G.B.A. Oeste,1700.0,19014.084507042255
VW Polo,Volkswagen Polo 1.0 Tsi 170 Comfortline At,2026,Escobar - Bs.As. G.B.A. Norte,0.0,22528.169014084506
VW Polo,Volkswagen Polo 1.6 Msi Track,2026,Navarro - Buenos Aires Interior,0.0,20352.11267605634
VW Polo,Volkswagen Polo 1.6 Msi Track,2026,Capital Federal - Capital Federal,0.0,17676.056338028167
VW Polo,Volkswagen Polo 1.6 Msi Track,2026,San Isidro - Bs.As. G.B.A. Norte,0.0,18943.661971830985
VW Polo,Volkswagen Polo 1.6 Msi Track,2026,San Isidro - Bs.As. G.B.A. Norte,0.0,17746.478873239437
VW Polo,Volkswagen Polo 1.0 Tsi 170 Highline At,2026,San Isidro - Bs.As. G.B.A. Norte,0.0,27605.6338028169
VW Polo,Volkswagen Polo 1.0 Tsi 170 Highline At,2025,San Isidro - Bs.As. G.B.A. Norte,0.0,25500.0
VW Polo,Volkswagen Polo 1.6 Msi Trendline At,2021,Capital Federal - Capital Federal,56000.0,16549.295774647886
VW Polo,Volkswagen Polo 1.6 Msi Track,2026,San Isidro - Bs.As. G.B.A. Norte,0.0,18133.802816901407
VW Polo,Volkswagen Polo 1.0 Tsi 170 Highline At,2026,Vicente López - Bs.As. G.B.A. Norte,12000.0,25281.690140845072
VW Polo,Volkswagen Polo 1.6 Msi Highline At,2019,Capital Federal - Capital Federal,24957.0,17500.0
VW Polo,Volkswagen Polo 1.0 Tsi 170 Highline At,2026,Capital Federal - Capital Federal,0.0,27042.25352112676
VW Polo,Volkswagen Polo 1.0 Tsi 170 Highline At,2026,Avellaneda - Bs.As. G.B.A. Sur,0.0,27394.3661971831
VW Polo,Volkswagen Polo 1.0 Tsi 170 Highline At,2026,San Isidro - Bs.As. G.B.A. Norte,0.0,28239.436619718308
VW Polo,Volkswagen Polo 1.6 Comfortline,2017,San Isidro - Bs.As. G.B.A. Norte,131000.0,10211.267605633802
VW Polo,Volkswagen Polo 1.6 Msi Trendline At,2019,Campana - Buenos Aires Interior,90000.0,15300.0
VW Polo,Volkswagen Polo 1.0 Tsi 170 Comfortline At,2026,Pilar - Bs.As. G.B.A. Norte,1000.0,23584.50704225352
VW Polo,Volkswagen Polo 1.6 Msi Trendline,2019,La Matanza - Bs.As. G.B.A. Oeste,87000.0,14788.732394366198
VW Polo,Volkswagen Polo 1.6 Msi Track,2025,Tigre - Bs.As. G.B.A. Norte,0.0,19929.577464788734
VW Polo,Volkswagen Polo 1.0 Tsi 170 Highline At,2026,Capital Federal - Capital Federal,0.0,25352.11267605634
VW Polo,Volkswagen Polo 1.6 Msi Track,2025,Capital Federal - Capital Federal,0.0,17816.901408450703
VW Polo,Volkswagen Polo 1.6 Msi Highline,2018,Capital Federal - Capital Federal,139000.0,14014.084507042253
VW Polo,Volkswagen Polo 1.6 Msi Comfortline,2021,Moreno - Bs.As. G.B.A. Oeste,83000.0,14507.042253521127
VW Polo,Volkswagen Polo 1.0 Tsi 170 Highline At,2025,Capital Federal - Capital Federal,0.0,26056.338028169015
VW Polo,Volkswagen Polo 1.0 Tsi 170 Highline At,2025,Capital Federal - Capital Federal,0.0,26056.338028169015
VW Polo,Volkswagen Polo 1.6 Msi Mt,2024,Capital Federal - Capital Federal,26400.0,16800.0
VW Polo,Volkswagen Polo 1.0 Tsi 170 Highline At,2026,San Fernando - Bs.As. G.B.A. Norte,0.0,26408.450704225354
VW Polo,Volkswagen Polo Comfortline 170tsi At My25 Ab,2025,Capital Federal - Capital Federal,0.0,23450.704225352114
VW Polo,Volkswagen Polo 1.6 Msi Track,2026,Vicente López - Bs.As. G.B.A. Norte,1111.0,18661.971830985916
VW Polo,Volkswagen Polo 1.0 Tsi 170 Comfortline At,2026,San Isidro - Bs.As. G.B.A. Norte,0.0,24859.154929577464
VW Polo,Volkswagen Polo 1.0 Tsi 170 Comfortline At,2026,San Isidro - Bs.As. G.B.A. Norte,0.0,22746.478873239437
VW Polo,Volkswagen Polo 1.0 Tsi 170 Highline At,2026,Escobar - Bs.As. G.B.A. Norte,0.0,26049.295774647886
VW Polo,Volkswagen Polo 1.6 Comfortline,2018,Capital Federal - Capital Federal,72000.0,13309.859154929578
VW Polo,Volkswagen Polo Comfortline,2025,Capital Federal - Capital Federal,0.0,23239.436619718308
VW Polo,Volkswagen Polo 1.6 Msi Track,2026,Capital Federal - Capital Federal,0.0,17253.521126760563
VW Polo,Volkswagen Polo Highline 170tsi,2025,Capital Federal - Capital Federal,0.0,23785.915492957745
VW Polo,Volkswagen Polo 1.0 170 Tsi Comfortline Auto,2025,Capital Federal - Capital Federal,8234.0,24204.225352112677
VW Polo,Volkswagen Polo 1.0 Tsi 170 Comfortline At,2025,San Isidro - Bs.As. G.B.A. Norte,1500.0,21290.0
VW Polo,Volkswagen Polo 1.6 Comfortline,2018,La Plata - Bs.As. G.B.A. Sur,120400.0,13500.0
VW Polo,Volkswagen Polo 1.0 Tsi 170 Comfortline At,2025,Avellaneda - Bs.As. G.B.A. Sur,0.0,24577.464788732395
VW Polo,Volkswagen Polo 1.6 Msi Comfort Plus,2024,Tigre - Bs.As. G.B.A. Norte,13900.0,18300.0
VW Polo,Volkswagen Polo 1.6 Msi Track,2025,Capital Federal - Capital Federal,0.0,18239.436619718308
VW Polo,Volkswagen Polo 1.6 Msi Comfort Plus,2023,Tigre - Bs.As. G.B.A. Norte,0.0,23169.014084507042
VW Polo,Volkswagen Polo 1.6 Msi Track,2025,San Isidro - Bs.As. G.B.A. Norte,0.0,17746.478873239437
VW Polo,Volkswagen Polo Comfortline 170 Tsi,2025,Quilmes - Bs.As. G.B.A. Sur,0.0,20140.845070422536
VW Polo,Volkswagen Polo 1.6 Msi Highline At,2020,Capital Federal - Capital Federal,45000.0,17746.478873239437
VW Polo,Volkswagen Polo 1.6 Msi Track,2025,Capital Federal - Capital Federal,0.0,18380.281690140844
VW Polo,Volkswagen Polo 1.6 Msi Trend My23,2023,Capital Federal - Capital Federal,24000.0,16725.352112676057
VW Polo,Volkswagen Polo 1.6 Msi Trendline,2023,Escobar - Bs.As. G.B.A. Norte,50347.0,17253.521126760563
VW Polo,Volkswagen Polo 1.0 Tsi 170 Comfortline At,2026,San Isidro - Bs.As. G.B.A. Norte,0.0,23592.049295774646
VW Polo,Volkswagen Polo 1.6 Msi Mt,2025,Capital Federal - Capital Federal,13500.0,18239.436619718308
VW Polo,Volkswagen Polo 1.6 Msi Track,2025,Avellaneda - Bs.As. G.B.A. Sur,0.0,18943.661971830985
VW Polo,Volkswagen Polo 1.6 Msi Track,2025,Tigre - Bs.As. G.B.A. Norte,0.0,18521.12676056338
VW Polo,Volkswagen Polo 1.0 Tsi 170 Highline At,2026,Tigre - Bs.As. G.B.A. Norte,0.0,24577.464788732395
VW Polo,Volkswagen Polo 1.6 Msi Comfort Plus At,2018,Monte - Buenos Aires Interior,252000.0,11619.718309859154
VW Polo,Volkswagen Polo 1.6 L/18 Trendline 5 P Tip,2018,Vicente López - Bs.As. G.B.A. Norte,74000.0,13732.394366197183
VW Polo,Volkswagen Polo 1.6 Msi Comfort Plus At,2019,Vicente López - Bs.As. G.B.A. Norte,85000.0,15140.845070422536
VW Polo,Volkswagen Polo 1.6 Msi Track,2026,Moreno - Bs.As. G.B.A. Oeste,0.0,18450.704225352114
VW Polo,Volkswagen Polo 1.6 Msi Track,2024,Vicente López - Bs.As. G.B.A. Norte,33500.0,17042.25352112676
VW Polo,Volkswagen Polo 1.6 Msi Track,2024,Capital Federal - Capital Federal,9000.0,17323.943661971833
VW Polo,Volkswagen Polo 1.6 Msi Highline At,2018,San Isidro - Bs.As. G.B.A. Norte,98000.0,14500.0
VW Polo,Volkswagen Polo 1.0 Tsi 170 Highline At,2026,Capital Federal - Capital Federal,0.0,23028.169014084506
VW Polo,Volkswagen Polo 1.6 Msi Trendline,2022,Berazategui - Bs.As. G.B.A. Sur,39000.0,13800.0
VW Polo,Volkswagen Polo 1.6 Msi Comfortline,2019,Capital Federal - Capital Federal,67000.0,14900.0
VW Polo,Volkswagen Polo 1.6 Msi Comfortline,2018,Capital Federal - Capital Federal,72200.0,14225.352112676057
VW Polo,Volkswagen Polo 1.0 Tsi 170 Highline At,2026,Capital Federal - Capital Federal,0.0,27464.800704225352
VW Polo,Volkswagen Polo 1.6 Msi Track,2024,Tigre - Bs.As. G.B.A. Norte,30000.0,17605.6338028169
VW Polo,Volkswagen Polo 1.6 Msi Track,2025,Quilmes - Bs.As. G.B.A. Sur,1111.0,18943.661971830985
VW Polo,Volkswagen Polo 1.6 Msi Trendline,2023,Capital Federal - Capital Federal,34000.0,17253.521126760563
VW Polo,Volkswagen Polo 1.6 Msi Track,2024,Capital Federal - Capital Federal,46100.0,16971.830985915494
VW Polo,Volkswagen Polo Comfortline 170 Tsi,2025,Capital Federal - Capital Federal,0.0,20070.422535211266
VW Polo,Volkswagen Polo 1.6 Msi Track,2026,Malvinas Argentinas - Bs.As. G.B.A. Norte,0.0,18519.718309859156
VW Polo,Volkswagen Polo 1.0 Tsi 170 Comfortline At,2025,Pilar - Bs.As. G.B.A. Norte,10000.0,20985.915492957745
VW Polo,Volkswagen Polo 1.6 Msi Comfortline,2023,Ituzaingó - Bs.As. G.B.A. Oeste,65000.0,16056.338028169013
VW Polo,Volkswagen Polo 1.6 Comfortline,2017,Lomas De Zamora - Bs.As. G.B.A. Sur,145000.0,10211.267605633802
VW Polo,Volkswagen Polo 1.6 Msi Track,2026,Malvinas Argentinas - Bs.As. G.B.A. Norte,1003.0,20916.76056338028
VW Polo,Volkswagen Polo Comfortline 170tsi At,2026,Capital Federal - Capital Federal,0.0,23239.436619718308
VW Polo,Volkswagen Polo 1.6 Msi Highline At,2018,Capital Federal - Capital Federal,127000.0,14000.0
VW Polo,Volkswagen Polo Comfortline 170tsi At,2026,Capital Federal - Capital Federal,0.0,23239.436619718308
VW Polo,Volkswagen Polo 1.6 Msi Track,2025,Hurlingham - Bs.As. G.B.A. Oeste,0.0,18239.436619718308
VW Polo,Volkswagen Polo 1.6 Msi Comfortline,2018,Capital Federal - Capital Federal,70000.0,14500.0
VW Polo,Volkswagen Polo 1.6 Msi Trendline At,2018,San Isidro - Bs.As. G.B.A. Norte,110400.0,14800.0
VW Polo,Volkswagen Polo 1.6 Msi Trendline,2019,Capital Federal - Capital Federal,59000.0,14577.464788732394
VW Polo,Volkswagen Polo 1.6 Comfortline,2016,Vicente López - Bs.As. G.B.A. Norte,188000.0,9507.042253521127
VW Polo,Volkswagen Polo 1.6 Msi Highline At,2021,Castelar - Bs.As. G.B.A. Oeste,34500.0,18661.971830985916
VW Polo,Volkswagen Polo 1.0 Tsi 170 Comfortline At,2025,San Isidro - Bs.As. G.B.A. Norte,2500.0,23000.0
VW Polo,Volkswagen Polo 1.6 Comfortline Tiptronic,2016,Belén De Escobar - Província De Buenos Aires,91000.0,11197.18309859155
VW Polo,Volkswagen Polo 1.6 Msi Trendline,2020,General San Martín - Bs.As. G.B.A. Norte,90000.0,14436.61971830986
VW Polo,Volkswagen Polo 1.6 Comfortline Tiptronic,2016,Ezeiza - Bs.As. G.B.A. Sur,195000.0,10915.492957746479
VW Polo,Volkswagen Polo 1.6 Msi Comfortline,2019,Capital Federal - Capital Federal,82752.0,12676.05633802817
VW Polo,Volkswagen Polo 1.6 Msi Comfortline,2024,Capital Federal - Capital Federal,14000.0,18661.971830985916
VW Polo,Volkswagen Polo 1.6 Msi Track,2026,Capital Federal - Capital Federal,0.0,17359.154929577464
VW Polo,Volkswagen Polo 1.6 Msi Track,2026,Capital Federal - Capital Federal,0.0,17253.521126760563
VW Polo,Volkswagen Polo 1.6 Msi Track,2025,Vicente López - Bs.As. G.B.A. Norte,0.0,17957.74647887324
VW Polo,Volkswagen Polo 1.0 Tsi 170 Highline At,2026,Escobar - Bs.As. G.B.A. Norte,0.0,26401.408450704224
VW Polo,Volkswagen Polo 1.0 Tsi 170 Comfortline At,2026,Capital Federal - Capital Federal,0.0,23169.014084507042
VW Polo,Volkswagen Polo 1.6 Msi Highline At,2018,General San Martín - Bs.As. G.B.A. Norte,126000.0,15140.845070422536
VW Polo,Volkswagen Polo 1.6 Msi Highline At,2021,Capital Federal - Capital Federal,50000.0,20500.0
VW Polo,Volkswagen Polo 1.0 Tsi 170 Highline At,2026,Tigre - Bs.As. G.B.A. Norte,0.0,24295.774647887323
VW Polo,Volkswagen Polo 1.6 Msi Trendline At,2018,Capital Federal - Capital Federal,70000.0,13943.661971830987
VW Polo,Volkswagen Polo 1.6 Msi Highline At,2020,Caseros - Bs.As. G.B.A. Oeste,91400.0,16549.295774647886
VW Polo,Volkswagen Polo 1.6 Msi Track,2026,Capital Federal - Capital Federal,0.0,18380.281690140844
VW Polo,Volkswagen Polo 1.6 Msi Highline At,2020,Capital Federal - Capital Federal,98000.0,16700.0
VW Polo,Volkswagen Polo 1.0 Tsi 170 Highline At,2025,Capital Federal - Capital Federal,0.0,23701.830985915494
VW Polo,Volkswagen Polo 1.6 Msi Track,2024,Pilar - Bs.As. G.B.A. Norte,16000.0,17253.521126760563
VW Polo,Volkswagen Polo 1.6 Msi Comfortline,2018,Ituzaingó - Bs.As. G.B.A. Oeste,81100.0,13800.0
VW Polo,Volkswagen Polo 1.6 Msi Track,2025,Capital Federal - Capital Federal,0.0,17605.6338028169
VW Gol,Volkswagen Gol 1.4 Power Ps+ac 83cv,2012,Vicente López - Bs.As. G.B.A. Norte,133000.0,7000.0
VW Gol,Volkswagen Gol 1.6 I Power 601,2007,Hurlingham - Bs.As. G.B.A. Oeste,190000.0,5281.69014084507
VW Gol,Volkswagen Gol 1.6 Trendline,2004,San Isidro - Bs.As. G.B.A. Norte,217000.0,3500.0
VW Gol,Volkswagen Gol Gol Gti 2.0,1997,Capital Federal - Capital Federal,165000.0,7000.0
VW Gol,Volkswagen Gol 1.6,2005,Vicente López - Bs.As. G.B.A. Norte,161500.0,4200.0
VW Gol,Volkswagen Gol 1.6 Gl Mi,1999,Vicente López - Bs.As. G.B.A. Norte,161000.0,6000.0
VW Gol,Volkswagen Gol 1.4 Power 83cv,2012,Ituzaingó - Bs.As. G.B.A. Oeste,153000.0,5700.0
VW Gol,Volkswagen Gol 1.4 Power Ps+ac 83cv,2012,Capital Federal - Capital Federal,95000.0,6971.830985915493
VW Gol,Volkswagen Gol 1.4 Power Ps+ac 83cv,2012,Lanús - Bs.As. G.B.A. Sur,151000.0,8098.591549295775
VW Gol,Volkswagen Gol 1.6 Gl,1992,Quilmes - Bs.As. G.B.A. Sur,170000.0,2816.9014084507044
VW Gol,Volkswagen Gol 1.4 Power Ps+ac 83cv,2011,Lomas De Zamora - Bs.As. G.B.A. Sur,170000.0,5900.0
VW Gol,Volkswagen Gol 1.6 I Power 601,2006,San Fernando - Bs.As. G.B.A. Norte,120000.0,5600.0
VW Gol,Volkswagen Gol 1.6 I Power 701,2010,Capital Federal - Capital Federal,179000.0,4929.577464788732
VW Gol,Volkswagen Gol 1.4 Power 83cv,2012,San Isidro - Bs.As. G.B.A. Norte,131500.0,6126.760563380281
VW Gol,Volkswagen Gol 1.4 Power Ps+ac 83cv,2013,Lanús - Bs.As. G.B.A. Sur,130000.0,4366.197183098591
VW Gol,Volkswagen Gol 1.4 Power 83cv 3 P,2013,Capital Federal - Capital Federal,143000.0,6300.0
VW Gol,Volkswagen Gol 1.6 I Power 601,2008,Cañuelas - Buenos Aires Interior,181900.0,5830.985915492958
VW Gol,Volkswagen Gol 1.6 Trendline,2011,Capital Federal - Capital Federal,120000.0,8380.281690140846
VW Gol,Volkswagen Gol 1.6 5 P Trendline L/19,2021,Vicente López - Bs.As. G.B.A. Norte,63000.0,11619.718309859154
VW Gol,Volkswagen Gol 1.6 Mi Dublin Dh Aa Pack,2002,Hurlingham - Bs.As. G.B.A. Oeste,150000.0,4507.042253521126
VW Gol,Volkswagen Gol 1.6 I Power 701,2011,Caseros - Bs.As. G.B.A. Oeste,155000.0,6126.760563380281
VW Gol,Volkswagen Gol 1.6 I Power 701,2010,San Miguel - Bs.As. G.B.A. Norte,150000.0,5985.915492957746
VW Gol,Volkswagen Gol 1.4 Power 83cv,2013,Lomas De Zamora - Bs.As. G.B.A. Sur,150000.0,5281.69014084507
VW Gol,Volkswagen Gol 1.6 Comfortline,2009,Tigre - Bs.As. G.B.A. Norte,123000.0,5640.845070422535
VW Gol,Volkswagen Gol 1.6 Comfortline 5p,2018,Capital Federal - Capital Federal,131000.0,10500.0
VW Gol,Volkswagen Gol 1.4 Power 83cv,2012,Tigre - Bs.As. G.B.A. Norte,196000.0,5774.647887323944
VW Gol,Volkswagen Gol Sedan 5 Puertas - 1.4,2013,Capital Federal - Capital Federal,48200.0,8500.0
VW Gol,Volkswagen Gol 1.4 Power Ps+ac 83cv,2011,Malvinas Argentinas - Bs.As. G.B.A. Norte,65000.0,8450.704225352112
VW Gol,Volkswagen Gol 1.4 Power Ps+ac 83cv,2012,San Fernando - Bs.As. G.B.A. Norte,105000.0,6126.760563380281
VW Gol,Volkswagen Gol 1.4 Power Ps+ac 83cv,2011,Capital Federal - Capital Federal,138000.0,6300.0
VW Gol,Volkswagen Gol 1.6 Trendline 5 P,2019,La Plata - Bs.As. G.B.A. Sur,83000.0,12676.05633802817
VW Gol,Volkswagen Gol 1.4 Power Ps+ac 83cv,2014,Vicente López - Bs.As. G.B.A. Norte,92000.0,7746.478873239436
VW Gol,Volkswagen Gol Trend 1.6 5 P L/13 Trendlin,2015,Vicente López - Bs.As. G.B.A. Norte,77000.0,9295.774647887323
VW Gol,Volkswagen Gol 1.6 Trend Trendline 5p L16,2021,General San Martín - Bs.As. G.B.A. Norte,53762.0,14366.197183098591
VW Gol,Volkswagen Gol 1.4 Power 83cv 3 P,2013,La Matanza - Bs.As. G.B.A. Oeste,129700.0,7300.0
VW Gol,Volkswagen Gol 1.6 Plus Mi,1999,Moreno - Bs.As. G.B.A. Oeste,30000.0,7500.0
VW Gol,Volkswagen Gol Gol Trend 5p Trendline 1.6,2015,Capital Federal - Capital Federal,130000.0,9084.507042253521
VW Gol,Volkswagen Gol 1.6 I Power 601,2005,Pilar - Bs.As. G.B.A. Norte,140000.0,5985.915492957746
VW Gol,Volkswagen Gol 1.6 5 Puertas,2004,Avellaneda - Bs.As. G.B.A. Sur,139000.0,5600.0
VW Gol,Volkswagen Gol 1.6 I Power 601,2009,Berazategui - Bs.As. G.B.A. Sur,92000.0,6300.0
VW Gol,Volkswagen Gol 1.4 Power Ps+ac 83cv,2012,Capital Federal - Capital Federal,93095.0,7042.2535211267605
VW Gol,Volkswagen Gol 1.4 L Sedán 3 Ptas,2012,Berazategui - Bs.As. G.B.A. Sur,45900.0,7500.0
VW Gol,Volkswagen Gol 1.6 I Power 701,2009,Campana - Buenos Aires Interior,98000.0,15700.0
VW Gol,Volkswagen Gol 1.4 Power 83cv 3 P,2013,Quilmes - Bs.As. G.B.A. Sur,150000.0,6338.028169014085
VW Gol,Volkswagen Gol 1.4l,2013,Escobar - Bs.As. G.B.A. Norte,143870.0,7394.366197183099
VW Gol,Volkswagen Gol 1.9 Sd Dublin Dh Aa,2000,Capital Federal - Capital Federal,229000.0,3697.1830985915494
VW Gol,Volkswagen Gol 1.4 Power Ps+ac 83cv,2013,La Plata - Bs.As. G.B.A. Sur,124000.0,6830.985915492958
VW Gol,Volkswagen Gol 1.6 Gl,1994,Moreno - Bs.As. G.B.A. Oeste,1000.0,3500.0
VW Gol,Volkswagen Gol 1.4 Power Ps+ac 83cv,2011,Lanús - Bs.As. G.B.A. Sur,130000.0,6690.140845070423
VW Gol,Volkswagen Gol 1.9 Sd Trendline,2004,Capital Federal - Capital Federal,225000.0,5985.915492957746
VW Gol,Volkswagen Gol 1.4 Power Ps+ac 83cv,2012,General San Martín - Bs.As. G.B.A. Norte,117000.0,6800.0
VW Gol,Volkswagen Gol 1.6 I Power 701,2011,Lomas De Zamora - Bs.As. G.B.A. Sur,77700.0,7100.0
VW Gol,Volkswagen Gol 1.4 Power 83cv 3 P,2013,General San Martín - Bs.As. G.B.A. Norte,117000.0,6800.0
VW Gol,Volkswagen Gol 1.0 Gl Mi,1999,Capital Federal - Capital Federal,116000.0,3521.1267605633802
VW Gol,Volkswagen Gol 1.4 Power Ps+ac 83cv,2011,Vicente López - Bs.As. G.B.A. Norte,166500.0,5985.915492957746
VW Gol,Volkswagen Gol 1.6 I Power 701 5p,2011,Capital Federal - Capital Federal,180000.0,6126.760563380281
VW Gol,Volkswagen Gol 1.4 Power 83cv,2014,Vicente López - Bs.As. G.B.A. Norte,139000.0,6619.718309859155
VW Gol,Volkswagen Gol 1.6 I Power 701,2010,General San Martín - Bs.As. G.B.A. Norte,86000.0,5563.380281690141
VW Gol,Volkswagen Gol 1.4 Power 83cv 3 P,2013,Lanús - Bs.As. G.B.A. Sur,130000.0,6971.830985915493
VW Gol,Volkswagen Gol 1.6 I Power 601,2008,Capital Federal - Capital Federal,129000.0,5985.915492957746
VW Gol,Volkswagen Gol 1.4 Power 83cv 3 P,2013,La Matanza - Bs.As. G.B.A. Oeste,71800.0,6690.140845070423
VW Gol,Volkswagen Gol 1.6 I Power 601,2005,Vicente López - Bs.As. G.B.A. Norte,200000.0,4500.0
VW Gol,Volkswagen Gol 1.4 Power Ps+ac 83cv,2012,Capital Federal - Capital Federal,117500.0,6200.0
VW Gol,Volkswagen Gol 1.4 Power Ps+ac 83cv,2012,La Matanza - Bs.As. G.B.A. Oeste,117500.0,6200.0
VW Gol,Volkswagen Gol 1.6 3 Puertas Naftero,2004,La Plata - Bs.As. G.B.A. Sur,270000.0,2816.9014084507044
VW Gol,Volkswagen Gol 1.6 I Power 601,2007,Lobos - Buenos Aires Interior,163000.0,5633.802816901409
VW Gol,Volkswagen Gol 1.6 I Power 701,2011,Capital Federal - Capital Federal,120000.0,6830.985915492958
VW Gol,Volkswagen Gol Gol Trend 1.6 5p,2017,Capital Federal - Capital Federal,67900.0,11197.18309859155
VW Gol,Volkswagen Gol 1.6 Gl Aa,1993,Capital Federal - Capital Federal,192000.0,7000.0
VW Gol,Volkswagen Gol 1.6 Dublin,2004,La Plata - Bs.As. G.B.A. Sur,219000.0,4577.4647887323945
VW Gol,Volkswagen Gol 1.0 Gl Mi Plus,1999,Capital Federal - Capital Federal,140000.0,5500.0
VW Gol,Volkswagen Gol 1.4 Power 83cv,2011,Avellaneda - Bs.As. G.B.A. Sur,157000.0,4718.30985915493
VW Gol,Volkswagen Gol 1.6 I Trendline 60b,2006,Morón - Bs.As. G.B.A. Oeste,176000.0,5211.267605633803
VW Gol,Volkswagen Gol 1.8 Gl Aa,1996,Avellaneda - Bs.As. G.B.A. Sur,110000.0,6267.605633802817
VW Gol,Volkswagen Gol 1.6 I Comfortline 60a,2008,Capital Federal - Capital Federal,180000.0,6690.140845070423
VW Gol,Volkswagen Gol 1.6 I Power 601,2009,Capital Federal - Capital Federal,175000.0,5073.943661971831
VW Gol,Volkswagen Gol 1.6 I Power 601,2007,San Isidro - Bs.As. G.B.A. Norte,166700.0,5281.69014084507
VW Gol,Volkswagen Gol 1.6 Mi Deejay,2003,Capital Federal - Capital Federal,174000.0,4788.732394366197
VW Gol,Volkswagen Gol 1.8 Gl,1992,Capital Federal - Capital Federal,20000.0,12500.0
VW Gol,Volkswagen Gol 1.4 Power 83cv,2013,Escobar - Bs.As. G.B.A. Norte,145170.0,7042.2535211267605
VW Gol,Volkswagen Gol 1.6 I Power 601,2008,Capital Federal - Capital Federal,84239.0,6500.0
VW Gol,Volkswagen Gol 1.6 Mi Dublin,1999,La Matanza - Bs.As. G.B.A. Oeste,216315.0,4929.577464788732
VW Gol,Volkswagen Gol 1.6 I Power 601,2009,Lomas De Zamora - Bs.As. G.B.A. Sur,115000.0,6338.028169014085
VW Gol,Volkswagen Gol 1.9 Sd Dublin Dh Aa,2002,Luján - Buenos Aires Interior,170000.0,4647.887323943662
VW Gol,Volkswagen Gol 1.6 I Power 601,2008,San Miguel - Bs.As. G.B.A. Norte,146000.0,5281.69014084507
VW Gol,Volkswagen Gol 1.6 I Power 601 3 P,2006,Merlo - Bs.As. G.B.A. Oeste,120000.0,4929.577464788732
VW Gol,Volkswagen Gol 1.4 Power Ps+ac 83cv,2012,Almirante Brown - Bs.As. G.B.A. Sur,149000.0,6478.87323943662
VW Gol,Volkswagen Gol 1.4 Power Ps+ac 83cv,2012,Mercedes - Buenos Aires Interior,122000.0,6690.140845070423
VW Gol,Volkswagen Gol 1.4 Power Ps+ac 83cv,2012,Lanús - Bs.As. G.B.A. Sur,168000.0,7042.2535211267605
VW Gol,Volkswagen Gol 1.4 Power Ps+ac 83cv,2012,Lomas De Zamora - Bs.As. G.B.A. Sur,138000.0,6830.985915492958
VW Gol,Volkswagen Gol 1.4 Power Ps+ac 83cv,2012,Almirante Brown - Bs.As. G.B.A. Sur,152000.0,6549.295774647887
VW Gol,Volkswagen Gol 1.6 I Power 601 3 P,2006,Capital Federal - Capital Federal,150000.0,4929.577464788732
VW Gol,Volkswagen Gol 1.4 Power 83cv,2011,Lomas De Zamora - Bs.As. G.B.A. Sur,164000.0,5985.915492957746
VW Gol,Volkswagen Gol 1.6 I Power 701,2010,Lanús - Bs.As. G.B.A. Sur,230000.0,5070.422535211268
VW Gol,Volkswagen Gol 1.4 Power 83cv 3 P,2013,Avellaneda - Bs.As. G.B.A. Sur,119000.0,6619.718309859155
VW Gol,Volkswagen Gol 1.6 I Power 601,2009,Capital Federal - Capital Federal,150000.0,6000.0
VW Gol,Volkswagen Gol 1.6 I Power 701,2011,Capital Federal - Capital Federal,170000.0,5281.69014084507
VW Gol,Volkswagen Gol Trend Msi,2017,Capital Federal - Capital Federal,58000.0,10563.38028169014
VW Gol,Volkswagen Gol 1.4 Power 83cv,2014,Capital Federal - Capital Federal,126000.0,7000.0
VW Gol,Volkswagen Gol 1.4 Power 83cv,2014,Tigre - Bs.As. G.B.A. Norte,102000.0,6830.985915492958
VW Gol,Volkswagen Gol 1.4 Power 83cv,2012,Capital Federal - Capital Federal,120000.0,6690.140845070423
VW Gol,Volkswagen Gol 1.4 Power 83cv,2012,Capital Federal - Capital Federal,91600.0,6619.718309859155
VW Gol,Volkswagen Gol 1.6 I Power 601,2007,La Matanza - Bs.As. G.B.A. Oeste,172000.0,4753.521126760564
VW Gol,Volkswagen Gol 1.6 I Comfortline 60a,2006,Capital Federal - Capital Federal,252249.0,4225.352112676056
VW Gol,Volkswagen Gol Gol Trend Trendline 1.6 Gas101 Cv Mq,2021,Capital Federal - Capital Federal,72200.0,11901.408450704226
VW Gol,Volkswagen Gol 1.4 Power Ps+ac 83cv,2012,General San Martín - Bs.As. G.B.A. Norte,130000.0,6338.028169014085
VW Gol,Volkswagen Gol 1.4 Power Ps+ac 83cv,2012,Capital Federal - Capital Federal,213000.0,8500.0
VW Gol,Volkswagen Gol 1.4 Power Ps+ac 83cv,2012,San Miguel - Bs.As. G.B.A. Norte,134000.0,7746.478873239436
VW Gol,Volkswagen Gol 1.4 Power Ps+ac 83cv,2013,Lanús - Bs.As. G.B.A. Sur,115000.0,6000.0
VW Gol,Volkswagen Gol 1.4 Power Ps+ac 83cv,2014,La Plata - Bs.As. G.B.A. Sur,165000.0,6338.028169014085
VW Gol,Volkswagen Gol 1.6 I Look 70l,2007,Moreno - Bs.As. G.B.A. Oeste,160000.0,6338.028169014085
VW Gol,Volkswagen Gol 1.4 Power 83cv,2014,General San Martín - Bs.As. G.B.A. Norte,170000.0,5985.915492957746
VW Gol,Volkswagen Gol 1.4 Power 83cv,2014,San Miguel - Bs.As. G.B.A. Norte,180000.0,5985.915492957746
VW Gol,Volkswagen Gol 1.4 Power 83cv,2012,Escobar - Bs.As. G.B.A. Norte,194000.0,6901.408450704225
VW Gol,Volkswagen Gol 1.4 Power 83cv,2012,Merlo - Bs.As. G.B.A. Oeste,114000.0,7042.2535211267605
VW Gol,Volkswagen Gol 1.4 Power 83cv,2012,Vicente López - Bs.As. G.B.A. Norte,90000.0,6500.0
VW Gol,Volkswagen Gol 1.6 I Power 601 3 P,2006,Campana - Buenos Aires Interior,195000.0,3873.239436619718
VW Gol,Volkswagen Gol 1.4 Power 83cv 3 P,2013,Ituzaingó - Bs.As. G.B.A. Oeste,147000.0,6830.985915492958
VW Gol,Volkswagen Gol 1.6 I Power 601 3 P,2006,Tres De Febrero - Bs.As. G.B.A. Oeste,160000.0,4859.154929577465
VW Gol,Volkswagen Gol 1.4 Power Ps+ac 83cv,2012,Almirante Brown - Bs.As. G.B.A. Sur,116000.0,7394.366197183099
VW Gol,Volkswagen Gol 1.4 Power 83cv,2012,Quilmes - Bs.As. G.B.A. Sur,144000.0,6690.140845070423
VW Gol,Volkswagen Gol 1.6 I Power 701,2011,Capital Federal - Capital Federal,170000.0,5280.985915492958
VW Gol,Volkswagen Gol 1.0 Gl Mi Plus,1999,Almirante Brown - Bs.As. G.B.A. Sur,200000.0,3169.0140845070423
VW Gol,Volkswagen Gol 1.4 Power 83cv 3 P,2013,Capital Federal - Capital Federal,114000.0,7394.366197183099
VW Gol,Volkswagen Gol 1.4 Power Ps+ac 83cv,2012,Morón - Bs.As. G.B.A. Oeste,146350.0,6232.394366197183
VW Gol,Volkswagen Gol 1.6 Plus Mi,1998,Capital Federal - Capital Federal,139000.0,3485.9154929577467
VW Gol,Volkswagen Gol 1.4 Power 83cv 5 P,2014,Tigre - Bs.As. G.B.A. Norte,125000.0,7394.366197183099
VW Gol,Volkswagen Gol 1.4 Power Ps+ac 83cv,2012,Capital Federal - Capital Federal,82900.0,7500.0
VW Gol,Volkswagen Gol 1.4 Power 83cv,2012,Merlo - Bs.As. G.B.A. Oeste,114000.0,6267.605633802817
VW Gol,Volkswagen Gol 1.4 Power Ps+ac 83cv,2013,Hurlingham - Bs.As. G.B.A. Oeste,186000.0,5070.422535211268
VW Gol,Volkswagen Gol 1.4 Power 83cv 3 P,2013,Quilmes - Bs.As. G.B.A. Sur,173000.0,7253.521126760564
VW Gol,Volkswagen Gol 1.6 I Power 601 3 P,2006,La Matanza - Bs.As. G.B.A. Oeste,120000.0,3873.239436619718
VW Gol,Volkswagen Gol 1.6 I Power 601,2008,Tres De Febrero - Bs.As. G.B.A. Oeste,164000.0,5633.802816901409
VW Gol,Volkswagen Gol 1.4 Power Ps+ac 5p,2012,Vicente López - Bs.As. G.B.A. Norte,122000.0,6901.408450704225
VW Gol,Volkswagen Gol 1.6 I Power 601 3 P,2006,Capital Federal - Capital Federal,115000.0,5100.0
VW Gol,Volkswagen Gol 1.4 Power 83cv,2011,Escobar - Bs.As. G.B.A. Norte,130000.0,5528.169014084507
VW Gol,Volkswagen Gol 1.4 Power 83cv 5 P,2014,San Isidro - Bs.As. G.B.A. Norte,112000.0,7746.478873239436
VW Gol,Volkswagen Gol 1.6 I Power 701,2010,General Rodríguez - Bs.As. G.B.A. Oeste,177000.0,5633.802816901409
VW Gol,Volkswagen Gol 1.6 Gl Mi,1997,Quilmes - Bs.As. G.B.A. Sur,146000.0,4436.619718309859
VW Gol,Volkswagen Gol 1.4 Power 83cv 3 P,2013,Ituzaingó - Bs.As. G.B.A. Oeste,169000.0,6267.605633802817
VW Gol,Volkswagen Gol Gol Trend Confort,2012,Morón - Bs.As. G.B.A. Oeste,144985.0,7990.0
VW Gol,Volkswagen Gol 1.6 I Power 601 3 P,2007,San Isidro - Bs.As. G.B.A. Norte,168500.0,4577.4647887323945
VW Gol,Volkswagen Gol 1.6 Mi Deejay,2003,Capital Federal - Capital Federal,30000.0,6400.0
VW Gol,Volkswagen Gol 1.6 Gl Mi,1999,Capital Federal - Capital Federal,195000.0,4225.352112676056
VW Gol,Volkswagen Gol 1.4 Power Ps+ac 83cv,2012,Capital Federal - Capital Federal,140000.0,5800.0
VW Gol,Volkswagen Gol 1.4 Power Ps+ac 83cv,2012,General San Martín - Bs.As. G.B.A. Norte,180000.0,5985.915492957746
VW Gol,Volkswagen Gol 1.6 5p Trendline 13,2012,Moreno - Bs.As. G.B.A. Oeste,169861.0,5985.915492957746
VW Gol,Volkswagen Gol 1.6 I Comfortline 60a,2009,Lomas De Zamora - Bs.As. G.B.A. Sur,239000.0,5985.915492957746
VW Gol,Volkswagen Gol 1.4 Power Ps+ac 83cv,2012,Hurlingham - Bs.As. G.B.A. Oeste,143000.0,5985.915492957746
VW Gol,Volkswagen Gol 1.9 Sd Power 701,2007,Capital Federal - Capital Federal,145000.0,6056.338028169014
VW Gol,Volkswagen Gol 1.4 Power 83cv,2012,Lomas De Zamora - Bs.As. G.B.A. Sur,180000.0,6690.140845070423
VW Gol,Volkswagen Gol 1.4 Power Ps+ac 83cv,2011,Capital Federal - Capital Federal,145000.0,4366.197183098591
VW Gol,Volkswagen Gol 1.9 Sd Comfortline 60a,2004,Capital Federal - Capital Federal,185000.0,5800.0
VW Gol,Volkswagen Gol 1.4 Power 83cv,2011,Capital Federal - Capital Federal,121000.0,6690.140845070423
VW Gol,Volkswagen Gol G3 1.6,2004,Capital Federal - Capital Federal,179000.0,5500.0
VW Gol,Volkswagen Gol 1.9 Sd Comfortline 60a,2004,Capital Federal - Capital Federal,170000.0,3521.1267605633802
VW Gol,Volkswagen Gol 1.4 Power Ps+ac 83cv,2011,Capital Federal - Capital Federal,115000.0,5633.802816901409
VW Gol,Volkswagen Gol 1.6 Gli,1997,Berazategui - Bs.As. G.B.A. Sur,150000.0,7000.0
VW Gol,Volkswagen Gol 1.6 I Look 70l,2008,Del Viso - Bs.As. G.B.A. Norte,242000.0,4225.352112676056
VW Gol,Volkswagen Gol 1.4 Power Ps+ac 83cv,2011,Tres De Febrero - Bs.As. G.B.A. Oeste,124000.0,5915.492957746479
VW Gol,Volkswagen Gol 1.6 Sportline,2016,Capital Federal - Capital Federal,78000.0,10563.38028169014
VW Gol,Volkswagen Gol Gol Trend 1.6 101 Cv Automático,2020,Moreno - Bs.As. G.B.A. Oeste,49900.0,12746.478873239437
VW Gol,Volkswagen Gol 1.6 I Power 601,2008,La Matanza - Bs.As. G.B.A. Oeste,120000.0,5985.915492957746
VW Gol,Volkswagen Gol 1.4 Power 83cv,2014,Capital Federal - Capital Federal,130000.0,8000.0
VW Gol,Volkswagen Gol 1.4 Power Ps+ac 83cv,2011,Tres De Febrero - Bs.As. G.B.A. Oeste,176000.0,5422.5352112676055
VW Gol,Volkswagen Gol 1.4 Power Ps+ac 83cv,2012,San Fernando - Bs.As. G.B.A. Norte,162000.0,6267.605633802817
VW Gol,Volkswagen Gol 1.6 I Power 601,2008,Avellaneda - Bs.As. G.B.A. Sur,214000.0,4900.0
VW Gol,Volkswagen Gol 1.6 Trend Trendline 5p L16,2020,General San Martín - Bs.As. G.B.A. Norte,71619.0,12253.521126760563
VW Gol,Volkswagen Gol 1.6 I Trendline Plus,2010,Tigre - Bs.As. G.B.A. Norte,212000.0,7500.0
VW Gol,Volkswagen Gol 1.4 Power Ps+ac 83cv,2012,Hurlingham - Bs.As. G.B.A. Oeste,124000.0,5985.915492957746
VW Gol,Volkswagen Gol 1.4 Power,2012,Capital Federal - Capital Federal,61080.0,6464.788732394366
VW Gol,Volkswagen Gol 1.4 Power 83cv,2011,Capital Federal - Capital Federal,157000.0,5563.380281690141
VW Gol,Volkswagen Gol 1.6 I Comfortline 70a,2010,Quilmes - Bs.As. G.B.A. Sur,206300.0,4577.4647887323945
VW Gol,Volkswagen Gol 1.6 I Power 601,2008,Tigre - Bs.As. G.B.A. Norte,180000.0,5985.915492957746
VW Gol,Volkswagen Gol 1.6 I Power 601,2009,Berazategui - Bs.As. G.B.A. Sur,149000.0,3169.0140845070423
VW Gol,Volkswagen Gol 1.4 Power Ps+ac 83cv,2013,Ituzaingó - Bs.As. G.B.A. Oeste,93000.0,8700.0
VW Gol,Volkswagen Gol 1.4 Power 83cv,2011,Quilmes - Bs.As. G.B.A. Sur,132400.0,6259.154929577465
VW Gol,Volkswagen Gol 1.4 Power 3p 83cv,2014,Pilar - Bs.As. G.B.A. Norte,117000.0,8450.704225352112
VW Gol,Volkswagen Gol 1.9 Sd Dublin Dh Aa Pack,1999,Quilmes - Bs.As. G.B.A. Sur,250000.0,3169.0140845070423
VW Gol,Volkswagen Gol 1.6 I Power 601,2007,San Isidro - Bs.As. G.B.A. Norte,169000.0,5281.69014084507
VW Gol,Volkswagen Gol 1.6 I Comfortline 60a,2008,La Matanza - Bs.As. G.B.A. Oeste,252515.0,5633.802816901409
VW Gol,Volkswagen Gol 1.6 I Power 701,2009,Avellaneda - Bs.As. G.B.A. Sur,160000.0,6000.0
VW Gol,Volkswagen Gol 1.6 Mi Deejay,2004,La Plata - Bs.As. G.B.A. Sur,108000.0,3661.9718309859154
VW Gol,Volkswagen Gol 1.6 I Trendline 60b,2008,Escobar - Bs.As. G.B.A. Norte,180000.0,5070.422535211268
VW Gol,Volkswagen Gol 1.4 Power 83cv,2012,Avellaneda - Bs.As. G.B.A. Sur,143000.0,5492.957746478874
VW Gol,Volkswagen Gol 1.4 Power Ps+ac 83cv,2012,General San Martín - Bs.As. G.B.A. Norte,112000.0,6971.830985915493
VW Gol,Volkswagen Gol 1.4 Power 83cv,2012,La Plata - Bs.As. G.B.A. Sur,197000.0,6408.450704225352
VW Gol,Volkswagen Gol 1.4 Power 83cv 3 P,2013,Capital Federal - Capital Federal,114000.0,7500.0
VW Gol,Volkswagen Gol Gol Power 1.6,2007,Capital Federal - Capital Federal,125000.0,5978.87323943662
VW Gol,Volkswagen Gol 1.4 Power 83cv,2012,Capital Federal - Capital Federal,116000.0,6471.830985915493
VW Gol,Volkswagen Gol Gol 1.6,2008,Castelar - Bs.As. G.B.A. Oeste,187000.0,5281.69014084507
VW Gol,Volkswagen Gol 1.4 Power Ps+ac 83cv,2012,Capital Federal - Capital Federal,56000.0,9119.718309859154
VW Gol,Volkswagen Gol 1.4 Power 83cv 3 P,2013,Capital Federal - Capital Federal,150000.0,6450.0
VW Gol,Volkswagen Gol 1.4 Power Ps+ac 83cv,2012,La Matanza - Bs.As. G.B.A. Oeste,70500.0,5985.915492957746
VW Gol,Volkswagen Gol 1.6,2007,Vicente López - Bs.As. G.B.A. Norte,147000.0,4225.351408450704
VW Gol,Volkswagen Gol 1.4 L,2011,San Isidro - Bs.As. G.B.A. Norte,41000.0,7394.366197183099
VW Gol,Volkswagen Gol 1.4 Power Ps+ac 83cv,2011,Vicente López - Bs.As. G.B.A. Norte,175000.0,5281.69014084507
VW Gol,Volkswagen Gol 1.4 Power Ps+ac 83cv,2013,Berazategui - Bs.As. G.B.A. Sur,120000.0,6690.140845070423
VW Gol,Volkswagen Gol 1.6 Mi Dublin Dh Aa,2001,General San Martín - Bs.As. G.B.A. Norte,176000.0,3873.239436619718
VW Gol,Volkswagen Gol 1.4 Power 83cv 3 P,2013,La Matanza - Bs.As. G.B.A. Oeste,64000.0,6690.140845070423
VW Gol,Volkswagen Gol 1.4 Power 83cv,2013,Capital Federal - Capital Federal,133000.0,7676.056338028169
VW Gol,Volkswagen Gol 1.6 I Power 601 3 P,2006,Morón - Bs.As. G.B.A. Oeste,95000.0,4154.929577464789
VW Gol,Volkswagen Gol 1.6 I Power 601,2008,Esteban Echeverría - Bs.As. G.B.A. Sur,151000.0,5281.69014084507
VW Gol,Volkswagen Gol 1.6 I Power 701,2011,Morón - Bs.As. G.B.A. Oeste,131500.0,6600.0
VW Gol,Volkswagen Gol 1.4 Power 83cv,2012,Quilmes - Bs.As. G.B.A. Sur,149000.0,6690.140845070423
VW Gol,Volkswagen Gol 1.6 Gli Aa Dh Ll,1996,Almirante Brown - Bs.As. G.B.A. Sur,80000.0,8500.0
VW Gol,Volkswagen Gol 1.4 Power Ps+ac 83cv,2011,San Isidro - Bs.As. G.B.A. Norte,150000.0,6338.028169014085
VW Gol,Volkswagen Gol 1.6 Trendline,2004,Capital Federal - Capital Federal,187000.0,4576.760563380281
VW Gol,Volkswagen Gol 1.4 Power Ps+ac 83cv,2011,Quilmes - Bs.As. G.B.A. Sur,194000.0,4788.732394366197
VW Gol,Volkswagen Gol 1.4 Power Ps+ac 83cv,2012,San Miguel - Bs.As. G.B.A. Norte,180000.0,6338.028169014085
VW Gol,Volkswagen Gol 1.4 Power Ps+ac 83cv,2012,Capital Federal - Capital Federal,118000.0,7300.0
VW Gol,Volkswagen Gol 1.6 Trendline,2004,Quilmes - Bs.As. G.B.A. Sur,175000.0,3239.43661971831
VW Gol,Volkswagen Gol 1.4 Power Ps+ac 83cv,2013,La Matanza - Bs.As. G.B.A. Oeste,173000.0,6000.0
VW Gol,Volkswagen Gol 1.6 I Power 601,2008,Escobar - Bs.As. G.B.A. Norte,188100.0,7253.521126760564
VW Gol,Volkswagen Gol 1.4 Power Ps+ac 83cv,2012,Morón - Bs.As. G.B.A. Oeste,140000.0,5985.915492957746
VW Gol,Volkswagen Gol 1.6 I Power 601,2008,Castelar - Bs.As. G.B.A. Oeste,128000.0,5281.69014084507
VW Gol,Volkswagen Gol 1.4 Power 83cv,2013,Moreno - Bs.As. G.B.A. Oeste,179000.0,6690.140845070423
VW Gol,Volkswagen Gol 1.4 Power 83cv 3 P,2013,Avellaneda - Bs.As. G.B.A. Sur,120000.0,6478.87323943662
VW Gol,Volkswagen Gol 1.6 Trendline,2021,Merlo - Bs.As. G.B.A. Oeste,68000.0,15500.0
VW Gol,Volkswagen Gol 1.6 I Power 601,2008,Capital Federal - Capital Federal,128350.0,5600.0
VW Gol,Volkswagen Gol 1.6 Sedan 5 Puertas,2006,Vicente López - Bs.As. G.B.A. Norte,76500.0,6250.0
VW Gol,Volkswagen Gol 1.6 Gld,1999,San Fernando - Bs.As. G.B.A. Norte,73000.0,4929.577464788732
VW Gol,Volkswagen Gol 1.9 Sd Trendline 60b,2007,Castelar - Bs.As. G.B.A. Oeste,130000.0,4859.154929577465
VW Gol,Volkswagen Gol 1.4 Power 83cv 3 P,2013,Capital Federal - Capital Federal,123693.0,7042.183098591549
VW Gol,Volkswagen Gol 1.6 I Comfortline 70a,2009,Lomas De Zamora - Bs.As. G.B.A. Sur,150000.0,5800.0
VW Gol,Volkswagen Gol Gol Trend Trendline 1.6 Gas 101cv Mq,2021,La Matanza - Bs.As. G.B.A. Oeste,31500.0,15422.535211267606
VW Gol,Volkswagen Gol 1.6 I Power 601,2006,General San Martín - Bs.As. G.B.A. Norte,171000.0,5300.0
VW Gol,Volkswagen Gol 1.6 I Power 601,2008,Capital Federal - Capital Federal,134000.0,5845.070422535211
VW Gol,Volkswagen Gol 1.4 Power 83cv,2012,Tres De Febrero - Bs.As. G.B.A. Oeste,160000.0,5563.380281690141
VW Gol,Volkswagen Gol 1.4 Power 83cv,2013,Tigre - Bs.As. G.B.A. Norte,160000.0,7394.366197183099
VW Gol,Volkswagen Gol 1.4 Power 83cv 5 P,2012,Capital Federal - Capital Federal,134000.0,5633.802816901409
VW Gol,Volkswagen Gol 1.6 I Power 601,2008,Capital Federal - Capital Federal,98000.0,5915.492957746479
VW Gol,Volkswagen Gol 1.4 L,2011,Lomas De Zamora - Bs.As. G.B.A. Sur,190000.0,5985.915492957746
Ford Fiesta,Ford Fiesta Titanium Mt,2018,Capital Federal - Capital Federal,116000.0,11126.760563380281
Ford Fiesta,Ford Fiesta 1.6 Edge Plus,2004,Morón - Bs.As. G.B.A. Oeste,180000.0,5492.957746478874
Ford Fiesta,Ford Fiesta 1.6l Titanium,2017,Capital Federal - Capital Federal,51000.0,15500.0
Ford Fiesta,Ford Fiesta 1.6 Max One Energy,2011,Capital Federal - Capital Federal,175000.0,7042.2535211267605
Ford Fiesta,Ford Fiesta 1.6 One Edge Plus 98cv,2013,Vicente López - Bs.As. G.B.A. Norte,113500.0,7500.0
Ford Fiesta,Ford Fiesta 1.6 S,2015,San Isidro - Bs.As. G.B.A. Norte,145000.0,8800.0
Ford Fiesta,Ford Fiesta 1.6 Plus,2019,Berazategui - Bs.As. G.B.A. Sur,99000.0,14500.0
Ford Fiesta,Ford Fiesta 1.6 Edge Plus Mp3,2008,Capital Federal - Capital Federal,114652.0,8098.591549295775
Ford Fiesta,Ford Fiesta 1.6 Edge Plus Mp3,2012,Lomas De Zamora - Bs.As. G.B.A. Sur,118300.0,6690.140845070423
Ford Fiesta,Ford Fiesta 1.6 Titanium 120cv,2017,Pilar - Bs.As. G.B.A. Norte,140000.0,10915.492957746479
Ford Fiesta,Ford Fiesta 1.6 Ambiente Mp3,2009,Capital Federal - Capital Federal,121800.0,6126.760563380281
Ford Fiesta,Ford Fiesta 1.6 Edge Plus Mp3,2009,Morón - Bs.As. G.B.A. Oeste,123900.0,5704.225352112676
Ford Fiesta,Ford Fiesta 1.6 Ambiente Plus,2011,Tigre - Bs.As. G.B.A. Norte,161218.0,5746.478873239436
Ford Fiesta,Ford Fiesta 1.6 Ambiente,2016,Capital Federal - Capital Federal,108000.0,12000.0
Ford Fiesta,Ford Fiesta 1.6 Se Plus,2017,Vicente López - Bs.As. G.B.A. Norte,95000.0,12500.0
Ford Fiesta,Ford Fiesta Se Plus Powershift,2015,Caseros - Bs.As. G.B.A. Oeste,103000.0,10845.070422535211
Ford Fiesta,Ford Fiesta 1.6 Ambien. Plus,2018,Capital Federal - Capital Federal,90000.0,11500.0
Ford Fiesta,Ford Fiesta 1.6,2015,La Plata - Bs.As. G.B.A. Sur,131575.0,12394.366197183099
Ford Fiesta,Ford Fiesta 1.6 Edge Plus,2006,Lomas De Zamora - Bs.As. G.B.A. Sur,185000.0,6800.0
Ford Fiesta,Ford Fiesta 1.8 Lx D,2000,Capital Federal - Capital Federal,260000.0,3661.9718309859154
Ford Fiesta,Ford Fiesta 1.6 Se Plus,2014,San Isidro - Bs.As. G.B.A. Norte,160000.0,8800.0
Ford Fiesta,Ford Fiesta 1.6 Ls,2017,Tigre - Bs.As. G.B.A. Norte,98000.0,11500.0
Ford Fiesta,Ford Fiesta 1.6 Ambiente,2004,Malvinas Argentinas - Bs.As. G.B.A. Norte,260000.0,4577.4647887323945
Ford Fiesta,Ford Fiesta 1.6 Ambien. Plus,2004,Capital Federal - Capital Federal,157000.0,3500.0
Ford Fiesta,Ford Fiesta Edge Plus Automático,2007,Vicente López - Bs.As. G.B.A. Norte,166000.0,6549.295774647887
Ford Fiesta,Ford Fiesta 1.6 Max Ambiente Mp3,2010,Lanús - Bs.As. G.B.A. Sur,180000.0,5626.760563380281
Ford Fiesta,Ford Fiesta 1.6l Se 120cv,2014,Pilar - Bs.As. G.B.A. Norte,171000.0,7746.478873239436
Ford Fiesta,Ford Fiesta 1.6 Ambiente Mp3,2007,Capital Federal - Capital Federal,195500.0,4859.154929577465
Ford Fiesta,Ford Fiesta 1.6 Edge,2003,Capital Federal - Capital Federal,160000.0,7000.0
Ford Fiesta,Ford Fiesta 1.6 Max Ambiente,2007,Morón - Bs.As. G.B.A. Oeste,240000.0,5563.380281690141
Ford Fiesta,Ford Fiesta 1.6 Ambiente,2006,Capital Federal - Capital Federal,140000.0,6000.0
Ford Fiesta,Ford Fiesta 1.6l Se,2016,Capital Federal - Capital Federal,85000.0,10915.492957746479
Ford Fiesta,Ford Fiesta Kinetic 1.6 Se Powershift 120cv,2017,Escobar - Bs.As. G.B.A. Norte,145000.0,11900.0
Ford Fiesta,Ford Fiesta 1.6 One Ambiente Plus 98cv,2013,La Matanza - Bs.As. G.B.A. Oeste,142500.0,6478.87323943662
Ford Fiesta,Ford Fiesta 1.6l Titanium Powershift,2014,Lanús - Bs.As. G.B.A. Sur,128000.0,8795.774647887323
Ford Fiesta,Ford Fiesta 1.6 Ambiente Mp3,2008,Quilmes - Bs.As. G.B.A. Sur,197000.0,5281.69014084507
Ford Fiesta,Ford Fiesta Titanium 1.6 4p Powershif,2018,Almirante Brown - Bs.As. G.B.A. Sur,76000.0,13200.0
Ford Fiesta,Ford Fiesta 1.6 Se,2018,Pilar - Bs.As. G.B.A. Norte,79923.0,14000.0
Ford Fiesta,Ford Fiesta 1.6 Ambiente,2004,General San Martín - Bs.As. G.B.A. Norte,213000.0,4718.30985915493
Ford Fiesta,Ford Fiesta Kinetic 1.6,2015,Campana - Buenos Aires Interior,150000.0,9859.154929577464
Ford Fiesta,Ford Fiesta 1.3 Lx,1999,La Matanza - Bs.As. G.B.A. Oeste,79000.0,4084.507042253521
Ford Fiesta,Ford Fiesta Titanium,2015,Capital Federal - Capital Federal,170000.0,14000.0
Ford Fiesta,Ford Fiesta 1.6 One Ambiente Plus 98cv,2013,Capital Federal - Capital Federal,126700.0,6300.0
Ford Fiesta,"Ford Fiesta 1,6 S Plus",2015,Capital Federal - Capital Federal,93974.0,9359.154929577464
Ford Fiesta,Ford Fiesta 1.6l Titanium,2018,Castelar - Bs.As. G.B.A. Oeste,72000.0,13900.0
Ford Fiesta,Ford Fiesta 1.6 Se,2017,La Plata - Bs.As. G.B.A. Sur,167551.0,10422.535211267606
Ford Fiesta,Ford Fiesta L S Plus 1.6,2018,Vicente López - Bs.As. G.B.A. Norte,105000.0,12323.94366197183
Ford Fiesta,Ford Fiesta 1.6l Se,2015,Almirante Brown - Bs.As. G.B.A. Sur,130000.0,10563.38028169014
Ford Fiesta,Ford Fiesta Fiesta 1.6,2013,Moreno - Bs.As. G.B.A. Oeste,93000.0,7394.366197183099
Ford Fiesta,Ford Fiesta 1.6 Max One Ambiente Plus,2011,Pilar - Bs.As. G.B.A. Norte,154000.0,5816.901408450704
Ford Fiesta,Ford Fiesta 1.6 One Edge Plus 98cv,2014,Lanús - Bs.As. G.B.A. Sur,180000.0,9000.0
Ford Fiesta,Ford Fiesta 1.4 Max Tdci Ambiente,2008,La Matanza - Bs.As. G.B.A. Oeste,254000.0,4929.577464788732
Ford Fiesta,Ford Fiesta Se Aut,2018,Ituzaingó - Bs.As. G.B.A. Oeste,78000.0,15490.0
Ford Fiesta,Ford Fiesta 1.6 Se,2017,Capital Federal - Capital Federal,105000.0,11500.0
Ford Fiesta,Ford Fiesta 1.6 S Plus,2015,Capital Federal - Capital Federal,93974.0,9359.154929577464
Ford Fiesta,Ford Fiesta Se Plus,2015,Tigre - Bs.As. G.B.A. Norte,128000.0,10500.0
Ford Fiesta,Ford Fiesta 1.6 One Ambiente Plus 98cv,2013,Capital Federal - Capital Federal,114000.0,6901.408450704225
Ford Fiesta,Ford Fiesta 1.6 Ambiente,2003,Capital Federal - Capital Federal,103000.0,5633.802816901409
Ford Fiesta,Ford Fiesta 1.6l Se Plus Powershift,2013,Capital Federal - Capital Federal,106000.0,11300.0
Ford Fiesta,Ford Fiesta 1.6 S Plus,2015,Capital Federal - Capital Federal,12800.0,10563.38028169014
Ford Fiesta,Ford Fiesta 1.6 5p Titanium (kd),2013,Vicente López - Bs.As. G.B.A. Norte,110000.0,9154.929577464789
Ford Fiesta,Ford Fiesta 1.6 S,2016,Quilmes - Bs.As. G.B.A. Sur,103000.0,11619.718309859154
Ford Fiesta,Ford Fiesta 1.6 Ambiente Mp3,2010,Capital Federal - Capital Federal,97000.0,6549.295774647887
Ford Fiesta,Ford Fiesta 1.6 Edge Plus Mp3,2008,Capital Federal - Capital Federal,116000.0,6200.0
Ford Fiesta,Ford Fiesta 1.6 Max One Ambiente,2011,General San Martín - Bs.As. G.B.A. Norte,100000.0,6971.830985915493
Ford Fiesta,Ford Fiesta Se 1.6,2015,Capital Federal - Capital Federal,61790.0,10422.535211267606
Ford Fiesta,Ford Fiesta 1.6 Se Plus Powershift 120cv,2014,San Isidro - Bs.As. G.B.A. Norte,111000.0,9900.0
Ford Fiesta,Ford Fiesta 1.6 Titanium Powershift,2016,Escobar - Bs.As. G.B.A. Norte,142160.0,13239.43661971831
Ford Fiesta,Ford Fiesta 1.6 Titanium Mt,2012,Quilmes - Bs.As. G.B.A. Sur,130000.0,9295.774647887323
Ford Fiesta,Ford Fiesta 1.6 Ambiente,2006,Capital Federal - Capital Federal,145000.0,5845.070422535211
Ford Fiesta,Ford Fiesta 1.6 Ambiente Full,2005,Escobar - Bs.As. G.B.A. Norte,173000.0,4225.352112676056
Ford Fiesta,Ford Fiesta 1.6 Ls,2017,Escobar - Bs.As. G.B.A. Norte,73000.0,10915.492957746479
Ford Fiesta,Ford Fiesta 1.6 Ls,2015,Malvinas Argentinas - Bs.As. G.B.A. Norte,150000.0,10422.535211267606
Ford Fiesta,Ford Fiesta Se Plus 1.6l Mt,2014,Lanús - Bs.As. G.B.A. Sur,138000.0,9147.887323943662
Ford Fiesta,Ford Fiesta 1.6 S,2016,Capital Federal - Capital Federal,93000.0,10211.197183098591
Ford Fiesta,Ford Fiesta 1.6 One Ambiente Plus 98cv,2013,Florencio Varela - Bs.As. G.B.A. Sur,230000.0,8450.704225352112
Ford Fiesta,Ford Fiesta 1.6 S,2017,Hurlingham - Bs.As. G.B.A. Oeste,98000.0,11971.830985915492
Ford Fiesta,Ford Fiesta 1 6l Titanium,2015,Avellaneda - Bs.As. G.B.A. Sur,77200.0,9859.154929577464
Ford Fiesta,Ford Fiesta 1.6 Ambiente Mp3,2008,La Matanza - Bs.As. G.B.A. Oeste,175000.0,5985.915492957746
Ford Fiesta,Ford Fiesta 1.6 Se Kd 5p L14,2015,La Plata - Buenos Aires Interior,187384.0,9471.830985915492
Ford Fiesta,Ford Fiesta 1.6 One Ambiente 98cv,2012,Tres De Febrero - Bs.As. G.B.A. Oeste,138000.0,6500.0
Ford Fiesta,Ford Fiesta 1.6l Se,2015,La Plata - Bs.As. G.B.A. Sur,165600.0,11901.408450704226
Ford Fiesta,Ford Fiesta 1.6 Se Plus,2013,Malvinas Argentinas - Bs.As. G.B.A. Norte,134000.0,10492.957746478873
Ford Fiesta,Ford Fiesta 1.6 Ambiente Mp3,2007,Capital Federal - Capital Federal,135000.0,5281.69014084507
Ford Fiesta,Ford Fiesta 1.6 Clx,1998,Capital Federal - Capital Federal,225000.0,2253.521126760563
Ford Fiesta,Ford Fiesta 1.6 One Edge Plus 98cv,2012,General San Martín - Bs.As. G.B.A. Norte,119000.0,7500.0
Ford Fiesta,Ford Fiesta 1.6 Se Kd 5p L14,2017,Malvinas Argentinas - Bs.As. G.B.A. Norte,99296.0,11971.830985915492
Ford Fiesta,Ford Fiesta Fiesta 1.6 L Se Plus,2018,Morón - Bs.As. G.B.A. Oeste,91523.0,16500.0
Ford Fiesta,Ford Fiesta 1.6 One Ambiente 98cv,2012,Tres De Febrero - Bs.As. G.B.A. Oeste,138000.0,6267.605633802817
Ford Fiesta,Ford Fiesta 1.6l Se,2014,Capital Federal - Capital Federal,136000.0,9900.0
Ford Fiesta,Ford Fiesta 1.6l Se,2018,General San Martín - Bs.As. G.B.A. Norte,63052.0,13098.591549295774
Ford Fiesta,Ford Fiesta 1.6 One Ambiente 98cv,2014,La Plata - Bs.As. G.B.A. Sur,166000.0,11500.0
Ford Fiesta,Ford Fiesta 1.6 Ambiente,2004,Capital Federal - Capital Federal,135000.0,5524.647887323944
Ford Fiesta,Ford Fiesta 1.6 Ambiente Plus Mp3,2010,General San Martín - Bs.As. G.B.A. Norte,91400.0,6267.605633802817
Ford Fiesta,Ford Fiesta 1.6l Se Plus,2017,Capital Federal - Capital Federal,55000.0,11549.295774647888
Ford Fiesta,Ford Fiesta 1.6 Max One Ambiente Plus,2011,Pilar - Bs.As. G.B.A. Norte,200000.0,5985.915492957746
Ford Fiesta,Ford Fiesta Fiesta 1.6l Se,2015,Hurlingham - Bs.As. G.B.A. Oeste,135000.0,10211.267605633802
Ford Fiesta,Ford Fiesta 1.6 Se Plus,2018,Lanús - Bs.As. G.B.A. Sur,128600.0,11267.605633802817
Ford Fiesta,Ford Fiesta 1.6 Se Powershift 120cv,2017,General San Martín - Bs.As. G.B.A. Norte,73988.0,13100.0
Ford Fiesta,Ford Fiesta 1.6 Ambiente Mp3,2009,Capital Federal - Capital Federal,149000.0,6267.605633802817
Ford Fiesta,Ford Fiesta 1.4 Tdci Edge Mp3,2007,Quilmes - Bs.As. G.B.A. Sur,136000.0,5281.69014084507
Ford Fiesta,Ford Fiesta 1.6 Max One Ambiente Plus 98cv,2012,San Miguel - Bs.As. G.B.A. Norte,200000.0,5985.915492957746
Ford Fiesta,Ford Fiesta 1.6 Titanium Powershift Kd 5p L13,2017,Malvinas Argentinas - Bs.As. G.B.A. Norte,45000.0,13309.859154929578
Ford Fiesta,Ford Fiesta 1.6 Ambiente Mp3,2009,General San Martín - Bs.As. G.B.A. Norte,109000.0,6267.605633802817
Ford Fiesta,Ford Fiesta 1.6 Ambien. Plus,2006,Capital Federal - Capital Federal,275000.0,4464.788732394366
Ford Fiesta,Ford Fiesta 1.6 Ambiente Mp3,2009,Lomas De Zamora - Bs.As. G.B.A. Sur,203000.0,5281.69014084507
Ford Fiesta,Ford Fiesta 1.6 Max Ambiente Plus Mp3,2010,Lanús - Bs.As. G.B.A. Sur,145000.0,6478.87323943662
Ford Fiesta,Ford Fiesta 1.6 Ambiente,2006,Capital Federal - Capital Federal,220000.0,4647.887323943662
Ford Fiesta,Ford Fiesta Lx D,2002,Lanús - Bs.As. G.B.A. Sur,219698.0,3169.0140845070423
Ford Fiesta,Ford Fiesta 1.6 One Edge Plus 98cv,2013,Capital Federal - Capital Federal,112900.0,7900.0
Ford Fiesta,Ford Fiesta 1.6 Max Ambiente Mp3,2010,Capital Federal - Capital Federal,150000.0,4859.154929577465
Ford Fiesta,Ford Fiesta 1.6 Se,2018,Capital Federal - Capital Federal,104000.0,12323.94366197183
Ford Fiesta,Ford Fiesta S.plus,2017,Tres De Febrero - Bs.As. G.B.A. Oeste,49000.0,10211.267605633802
Ford Fiesta,Ford Fiesta 1.6 Edge Plus Mp3,2010,Moreno - Bs.As. G.B.A. Oeste,120000.0,6338.028169014085
Ford Fiesta,Ford Fiesta 1.6 Titanium 4p,2017,Escobar - Bs.As. G.B.A. Norte,173665.0,11200.0
Ford Fiesta,Ford Fiesta 1.6 Ambiente At Mp3,2010,Capital Federal - Capital Federal,120000.0,6197.183098591549
Ford Fiesta,Ford Fiesta 1.6 One Ambiente Plus 98cv,2012,Lanús - Bs.As. G.B.A. Sur,165340.0,5985.915492957746
Ford Fiesta,Ford Fiesta 1.6 Lx,2002,La Plata - Bs.As. G.B.A. Sur,79000.0,4577.4647887323945
Ford Fiesta,Ford Fiesta 1.6 Edge Plus,2006,Capital Federal - Capital Federal,167000.0,5000.0
Ford Fiesta,Ford Fiesta 1.6 One Ambiente 98cv,2013,Lanús - Bs.As. G.B.A. Sur,140000.0,6338.028169014085
Ford Fiesta,Ford Fiesta 1.6 Max One Ambiente 98cv,2013,Lanús - Bs.As. G.B.A. Sur,175000.0,6056.338028169014
Ford Fiesta,Ford Fiesta 1.6 S,2015,General San Martín - Bs.As. G.B.A. Norte,124068.0,8309.859154929578
Ford Fiesta,Ford Fiesta 1.4 Tdci Edge Mp3,2007,Avellaneda - Bs.As. G.B.A. Sur,249000.0,5985.915492957746
Ford Fiesta,Ford Fiesta 1.6 Max Ambiente Plus Mp3,2010,Capital Federal - Capital Federal,160000.0,5845.070422535211
Ford Fiesta,Ford Fiesta 1.6 Max Ambiente Plus Mp3,2010,Capital Federal - Capital Federal,215200.0,5700.0
Ford Fiesta,Ford Fiesta 1.6 Se Plus,2018,Capital Federal - Capital Federal,25000.0,15000.0
Ford Fiesta,Ford Fiesta 1.6 Max Ambiente Plus Mp3,2010,Capital Federal - Capital Federal,135000.0,5598.591549295775
Ford Fiesta,Ford Fiesta 1.8 Lx D Aa,1998,General San Martín - Bs.As. G.B.A. Norte,165000.0,3873.239436619718
Ford Fiesta,Ford Fiesta S,2015,Morón - Bs.As. G.B.A. Oeste,100000.0,9300.0
Ford Fiesta,Ford Fiesta 1.6 One Ambiente Plus 98cv,2013,Capital Federal - Capital Federal,160000.0,8200.0
Ford Fiesta,Ford Fiesta 1.6l S 5p Gnc,2016,Quilmes - Bs.As. G.B.A. Sur,178000.0,8830.985915492958
Ford Fiesta,Ford Fiesta 1.6 Max One Ambiente Plus,2011,Almirante Brown - Bs.As. G.B.A. Sur,135000.0,9542.25352112676
Ford Fiesta,Ford Fiesta Titanium,2015,Hurlingham - Bs.As. G.B.A. Oeste,180000.0,8802.81690140845
Ford Fiesta,Ford Fiesta 1.6l S Plus,2014,Pilar - Bs.As. G.B.A. Norte,83000.0,9000.0
Ford Fiesta,Ford Fiesta 1.6 Max Edge Plus,2009,Capital Federal - Capital Federal,202000.0,5281.69014084507
Ford Fiesta,Ford Fiesta 1.4 Tdci Edge,2004,Lomas De Zamora - Bs.As. G.B.A. Sur,190000.0,5000.0
Ford Fiesta,Ford Fiesta Se Plus 1.6,2018,Moreno - Bs.As. G.B.A. Oeste,200000.0,9859.154929577464
Ford Fiesta,Ford Fiesta 1.6 One Ambiente Plus,2011,José C. Paz - Bs.As. G.B.A. Norte,253000.0,4084.507042253521
Ford Fiesta,Ford Fiesta 1 6l 5 Ptas Se,2014,Avellaneda - Bs.As. G.B.A. Sur,66000.0,8450.704225352112
Ford Fiesta,Ford Fiesta 1.6 Max One Ambiente Plus 98cv,2013,Avellaneda - Bs.As. G.B.A. Sur,140000.0,6338.028169014085
Ford Fiesta,Ford Fiesta 1.6l 4 Ptas Se Plus,2014,Avellaneda - Bs.As. G.B.A. Sur,77000.0,8802.81690140845
Ford Fiesta,Ford Fiesta 1.6 Ambiente Plus,2007,San Fernando - Bs.As. G.B.A. Norte,205000.0,4647.887323943662
Ford Fiesta,Ford Fiesta 1.6 Ambiente Plus,2008,San Fernando - Bs.As. G.B.A. Norte,215000.0,5492.957746478874
Ford Fiesta,Ford Fiesta 1.3 Cl,1997,Capital Federal - Capital Federal,76000.0,2464.788732394366
Ford Fiesta,Ford Fiesta 1.6l Se,2018,Malvinas Argentinas - Bs.As. G.B.A. Norte,89269.0,13309.859154929578
Ford Fiesta,Ford Fiesta 1.6 Ambiente Plus,2011,Capital Federal - Capital Federal,138000.0,7253.521126760564
Ford Fiesta,Ford Fiesta 1.6 One Ambiente Plus 98cv,2013,Lomas De Zamora - Bs.As. G.B.A. Sur,118000.0,6683.098591549296
Ford Fiesta,Ford Fiesta 1.6 Ambiente,2006,Berazategui - Bs.As. G.B.A. Sur,150000.0,5985.915492957746
Ford Fiesta,Ford Fiesta 1.3 Clx,1998,Hurlingham - Bs.As. G.B.A. Oeste,204000.0,3000.0
Ford Fiesta,Ford Fiesta 1.6 Ambiente Plus Mp3,2009,Pilar - Bs.As. G.B.A. Norte,220000.0,4929.577464788732
Ford Fiesta,Ford Fiesta 1.6 Ambiente Mp3,2009,General San Martín - Bs.As. G.B.A. Norte,145000.0,5985.915492957746
Ford Fiesta,Ford Fiesta Se Plus,2013,Pilar - Bs.As. G.B.A. Norte,134000.0,9500.0
Ford Fiesta,Ford Fiesta 1.6 Edge Plus,2002,Berisso - Buenos Aires Interior,219700.0,4225.352112676056
Ford Fiesta,Ford Fiesta 1.6 Ambiente At Mp3,2009,General San Martín - Bs.As. G.B.A. Norte,226500.0,4577.4647887323945
Ford Fiesta,Ford Fiesta 1.6 Max One Ambiente Plus 98cv,2013,Luján - Buenos Aires Interior,170000.0,7394.366197183099
Ford Fiesta,Ford Fiesta 1.6 Clx,1998,Capital Federal - Capital Federal,200000.0,3169.0140845070423
Ford Fiesta,Ford Fiesta 1.6 Ambien. Plus,2003,Lanús - Bs.As. G.B.A. Sur,150000.0,4788.732394366197
Ford Fiesta,Ford Fiesta 1.6 Ambiente Mp3,2009,Capital Federal - Capital Federal,121500.0,6126.760563380281
Ford Fiesta,Ford Fiesta 1.4 Tdci Ambien,2004,Tigre - Bs.As. G.B.A. Norte,220000.0,5281.69014084507
Ford Fiesta,Ford Fiesta 1.8 Clx D,1996,Lomas De Zamora - Bs.As. G.B.A. Sur,159000.0,2809.8598591549294
Ford Fiesta,Ford Fiesta 1.6 Ambiente Mp3,2009,Castelar - Bs.As. G.B.A. Oeste,163570.0,5790.0
Ford Fiesta,Ford Fiesta Ls,2014,La Plata - Bs.As. G.B.A. Sur,114118.0,8315.774647887323
Ford Fiesta,Ford Fiesta 1.6 Ls,2016,La Plata - Buenos Aires Interior,146647.0,9859.154929577464
Ford Fiesta,Ford Fiesta 1.6 Max One Ambiente 98cv,2015,Capital Federal - Capital Federal,99500.0,8800.0
Ford Fiesta,Ford Fiesta Se Plus,2013,Lanús - Bs.As. G.B.A. Sur,120000.0,11126.760563380281
Ford Fiesta,Ford Fiesta 1.6 One Ambiente Plus 98cv,2013,Pilar - Bs.As. G.B.A. Norte,122000.0,7394.366197183099
Ford Fiesta,Ford Fiesta 1.6 Ambiente,2003,Capital Federal - Capital Federal,112000.0,5200.0
Ford Fiesta,Ford Fiesta 1.6 Se Plus,2014,Morón - Bs.As. G.B.A. Oeste,112000.0,9788.732394366198
Ford Fiesta,Ford Fiesta Powershift,2013,La Matanza - Bs.As. G.B.A. Oeste,127000.0,10211.267605633802
Ford Fiesta,Ford Fiesta 1.6 Max Ambiente Mp3,2009,Escobar - Bs.As. G.B.A. Norte,200000.0,4577.4647887323945
Ford Fiesta,Ford Fiesta 1.4 Tdci Edge Mp3,2008,Lanús - Bs.As. G.B.A. Sur,162000.0,4084.507042253521
Ford Fiesta,Ford Fiesta 1.6 Ambiente,2003,Capital Federal - Capital Federal,149000.0,4888.732394366197
Ford Fiesta,Ford Fiesta 1.6 Ambiente,2003,San Fernando - Bs.As. G.B.A. Norte,193000.0,4084.507042253521
Ford Fiesta,Ford Fiesta 1.4 Tdci Ambiente Mp3,2007,Capital Federal - Capital Federal,178000.0,5985.915492957746
Ford Fiesta,Ford Fiesta 1.6 Ambiente,2004,Tigre - Bs.As. G.B.A. Norte,180000.0,4929.577464788732
Ford Fiesta,Ford Fiesta Manual,2015,Capital Federal - Capital Federal,70000.0,11500.0
Ford Fiesta,Ford Fiesta Se Powershift 120 Cv.,2015,Ensenada - Buenos Aires Interior,61000.0,10211.267605633802
Ford Fiesta,Ford Fiesta 1.6 One Ambiente Plus 98cv,2012,Capital Federal - Capital Federal,153000.0,6300.0
Ford Fiesta,Ford Fiesta 1.6 One Ambiente Plus 98cv,2013,La Plata - Bs.As. G.B.A. Sur,175000.0,5633.802816901409
Ford Fiesta,Ford Fiesta 1.3 Clx,1998,Capital Federal - Capital Federal,81000.0,3521.1267605633802
Ford Fiesta,Ford Fiesta 1.6l S Plus,2018,Capital Federal - Capital Federal,56000.0,13591.549295774648
Ford Fiesta,Ford Fiesta 1.6 Se Plus,2014,Berisso - Buenos Aires Interior,64600.0,11500.0
Ford Fiesta,Ford Fiesta 1.6 Ambiente,2006,Merlo - Bs.As. G.B.A. Oeste,130000.0,4929.577464788732
Ford Fiesta,Ford Fiesta 1.6 Se,2015,La Matanza - Bs.As. G.B.A. Oeste,106000.0,9718.30985915493
Ford Fiesta,Ford Fiesta 1.6 Ambiente Plus,2008,Berazategui - Bs.As. G.B.A. Sur,146000.0,6126.760563380281
Ford Fiesta,Ford Fiesta 1.6 Max Ambiente,2008,Esteban Echeverría - Bs.As. G.B.A. Sur,200000.0,4225.352112676056
Ford Fiesta,Ford Fiesta 1.6 L Se Plus Powershift,2013,Morón - Bs.As. G.B.A. Oeste,122000.0,7042.2535211267605
Ford Fiesta,Ford Fiesta 1.6 Edge Plus,2004,San Miguel - Bs.As. G.B.A. Norte,198000.0,4577.4647887323945
Ford Fiesta,Ford Fiesta 1.6 Ambien. Plus Gnc,2006,Merlo - Bs.As. G.B.A. Oeste,240000.0,5492.957746478874
Ford Fiesta,Ford Fiesta Ford Fiesta Pack Plus,2013,Quilmes - Bs.As. G.B.A. Sur,170000.0,12000.0
Ford Fiesta,Ford Fiesta 1.6 Titanium Powershift 120cv,2015,Pilar - Bs.As. G.B.A. Norte,160000.0,12000.0
Ford Fiesta,Ford Fiesta 1.6 Ambiente,2004,Capital Federal - Capital Federal,138000.0,4084.507042253521
Ford Fiesta,Ford Fiesta 1.6 One Ambiente Plus 98cv,2012,Quilmes - Bs.As. G.B.A. Sur,125000.0,6690.140845070423
Ford Fiesta,Ford Fiesta 1.6 Max One Edge Plus 98cv,2012,Tres De Febrero - Bs.As. G.B.A. Oeste,200000.0,6690.140845070423
Ford Fiesta,Ford Fiesta 1.6 Ambien. Plus,2012,Moreno - Bs.As. G.B.A. Oeste,177000.0,6338.028169014085
Ford Fiesta,Ford Fiesta Ambiente Plus Mp3,2013,Almirante Brown - Bs.As. G.B.A. Sur,111000.0,5352.112676056338
Ford Fiesta,Ford Fiesta 1.6 Ambiente,2003,Moreno - Bs.As. G.B.A. Oeste,155000.0,4084.507042253521
Ford Fiesta,Ford Fiesta 1.6 S,2017,Capital Federal - Capital Federal,105000.0,11126.760563380281
Ford Fiesta,Ford Fiesta Se Plus,2015,Capital Federal - Capital Federal,113400.0,16500.0
Ford Fiesta,Ford Fiesta 1.6 One Ambiente Plus 98cv,2013,Moreno - Bs.As. G.B.A. Oeste,98500.0,7042.2535211267605
Ford Fiesta,Ford Fiesta 1.4,2006,Luján - Buenos Aires Interior,280000.0,4647.887323943662
Ford Fiesta,Ford Fiesta 1.6 Ambien. Plus Gnc,2004,Marcos Paz - Buenos Aires Interior,192000.0,4577.4647887323945
Ford Fiesta,Ford Fiesta 1.6 Max One Ambiente 98cv,2012,General San Martín - Bs.As. G.B.A. Norte,136279.0,5985.915492957746
Ford Fiesta,Ford Fiesta 1.6 Edge Plus Mp3,2009,Avellaneda - Bs.As. G.B.A. Sur,167000.0,7500.0
Ford Fiesta,Ford Fiesta 1.6 Max Ambiente Plus Mp3,2009,Capital Federal - Capital Federal,159000.0,6690.140845070423
Ford Fiesta,Ford Fiesta 1.6 Max One Ambiente Plus,2011,Beccar - Bs.As. G.B.A. Norte,190000.0,5985.915492957746
Ford Fiesta,Ford Fiesta 1.6 Edge Plus Mp3,2008,Berazategui - Bs.As. G.B.A. Sur,128000.0,6936.619718309859
Ford Fiesta,Ford Fiesta Titanium 1.6,2014,Capital Federal - Capital Federal,140000.0,10000.0
Ford Fiesta,Ford Fiesta 1.6 Lx,2001,General Rodríguez - Bs.As. G.B.A. Oeste,180000.0,2605.6338028169016
Ford Fiesta,Ford Fiesta 1.6 Ambiente,2005,La Plata - Buenos Aires Interior,280000.0,3380.281690140845
Ford Fiesta,Ford Fiesta 1.6l S Plus,2014,Escobar - Bs.As. G.B.A. Norte,160000.0,8802.81690140845
Ford Fiesta,Ford Fiesta 1.6 One Ambiente Plus 98cv,2013,Capital Federal - Capital Federal,96640.0,9788.732394366198
Ford Fiesta,Ford Fiesta 1.6 Max One Ambiente Plus,2011,Morón - Bs.As. G.B.A. Oeste,178000.0,6197.183098591549
Ford Fiesta,Ford Fiesta 1.3 Cl,1996,Avellaneda - Bs.As. G.B.A. Sur,91000.0,2816.9014084507044
Ford Fiesta,Ford Fiesta 1.6 Ambiente Mp3,2009,Capital Federal - Capital Federal,137000.0,5633.802816901409
Ford Fiesta,Ford Fiesta 1.6 Ambiente Mp3,2009,Malvinas Argentinas - Bs.As. G.B.A. Norte,249000.0,5000.0
Ford Fiesta,Ford Fiesta 1.6 Ambiente Mp3,2009,Hurlingham - Bs.As. G.B.A. Oeste,160000.0,5633.802816901409
Ford Fiesta,Ford Fiesta 1.6 Ambiente Mp3,2009,Hurlingham - Bs.As. G.B.A. Oeste,198000.0,5281.69014084507
Ford Fiesta,Ford Fiesta 1.6 Max One Ambiente Plus 98cv,2012,José C. Paz - Bs.As. G.B.A. Norte,150000.0,5281.69014084507
Ford Fiesta,Ford Fiesta 1.6 Edge Plus,2008,Berazategui - Bs.As. G.B.A. Sur,128000.0,6936.619718309859
Ford Fiesta,Ford Fiesta 1.6 Max One Ambiente,2011,Tres De Febrero - Bs.As. G.B.A. Oeste,200000.0,5985.915492957746
Ford Fiesta,Ford Fiesta 1.6 S Plus,2017,General San Martín - Bs.As. G.B.A. Norte,31420.0,11971.830985915492
Ford Fiesta,Ford Fiesta 1.6 Max One Ambiente Plus 98cv,2013,Capital Federal - Capital Federal,170000.0,7042.2535211267605
Ford Fiesta,Ford Fiesta 1.6 Ambiente,2006,Capital Federal - Capital Federal,148000.0,5800.0
Ford Fiesta,Ford Fiesta 1.6 Max Ambiente,2007,Vicente López - Bs.As. G.B.A. Norte,11111.0,5422.5352112676055
Ford Fiesta,Ford Fiesta 1.6 Edge Plus Mp3,2007,Capital Federal - Capital Federal,138713.0,6500.0
Ford Fiesta,Ford Fiesta 1.3 Clx,1996,Capital Federal - Capital Federal,111111.0,3169.0140845070423
Ford Fiesta,Ford Fiesta Se Plus,2017,Marcos Paz - Buenos Aires Interior,105000.0,11000.0
Ford Fiesta,Ford Fiesta 1.6 Max One Ambiente,2011,Capital Federal - Capital Federal,153000.0,4859.154929577465
Ford Fiesta,Ford Fiesta 1.6 Max Edge Plus,2010,General San Martín - Bs.As. G.B.A. Norte,151000.0,6126.760563380281
Ford Fiesta,Ford Fiesta 1.6 Ambiente Plus Mp3,2008,Berazategui - Bs.As. G.B.A. Sur,125000.0,6000.0
Ford Fiesta,Ford Fiesta 1.6 Ambiente Plus Mp3,2008,San Miguel - Bs.As. G.B.A. Norte,221250.0,5633.802816901409
Ford Fiesta,Ford Fiesta 1.6 Ambiente,2005,Capital Federal - Capital Federal,247000.0,5000.0
Ford Fiesta,Ford Fiesta 1.6 Ambiente Mp3,2010,La Plata - Bs.As. G.B.A. Sur,219000.0,6126.760563380281
Ford Fiesta,Ford Fiesta 1.6 Ambiente Plus Mp3,2007,Capital Federal - Capital Federal,164000.0,5140.845070422535
Ford Ka,Ford Ka 1.5 S,2020,San Isidro - Bs.As. G.B.A. Norte,53000.0,12042.25352112676
Ford Ka,Ford Ka 1.5 S,2017,Lomas De Zamora - Bs.As. G.B.A. Sur,65000.0,9084.507042253521
Ford Ka,Ford Ka 1.5 Se,2018,Capital Federal - Capital Federal,92000.0,10070.422535211268
Ford Ka,Ford Ka 1.5 Se,2020,La Matanza - Bs.As. G.B.A. Oeste,83000.0,12500.0
Ford Ka,Ford Ka 1.5 S+,2019,Vicente López - Bs.As. G.B.A. Norte,100000.0,11232.394366197183
Ford Ka,Ford Ka 1.5 Se,2019,San Isidro - Bs.As. G.B.A. Norte,55000.0,12676.05633802817
Ford Ka,Ford Ka 1.5 Se,2020,Malvinas Argentinas - Bs.As. G.B.A. Norte,93000.0,13028.169014084508
Ford Ka,Ford Ka 1.6 Fly Viral,2013,Malvinas Argentinas - Bs.As. G.B.A. Norte,109043.0,5915.492957746479
Ford Ka,Ford Ka 1.5 S,2019,General San Martín - Bs.As. G.B.A. Norte,180000.0,10211.267605633802
Ford Ka,Ford Ka 1.5 Sel,2019,San Isidro - Bs.As. G.B.A. Norte,72000.0,11830.985915492958
Ford Ka,Ford Ka 1.0 Plus Aa Tattoo,2004,Quilmes - Bs.As. G.B.A. Sur,123000.0,4200.0
Ford Ka,Ford Ka 1.5 Sel,2017,Esteban Echeverría - Bs.As. G.B.A. Sur,86000.0,11971.830985915492
Ford Ka,Ford Ka 1.5 Se At,2019,San Isidro - Bs.As. G.B.A. Norte,94000.0,10985.915492957747
Ford Ka,Ford Ka 1.6 Pulse Top 95cv,2011,Capital Federal - Capital Federal,72400.0,6971.830985915493
Ford Ka,Ford Ka 1.5 Se,2019,La Plata - Bs.As. G.B.A. Sur,77000.0,11267.605633802817
Ford Ka,Ford Ka 1.5 Se 4 P,2018,San Miguel - Bs.As. G.B.A. Norte,85000.0,10845.070422535211
Ford Ka,Ford Ka 1.5 S,2019,Tigre - Bs.As. G.B.A. Norte,95000.0,10999.0
Ford Ka,Ford Ka 1.5 S,2019,Escobar - Bs.As. G.B.A. Norte,64000.0,11126.760563380281
Ford Ka,Ford Ka 1.5 Se Sedan,2017,Capital Federal - Capital Federal,110000.0,9852.042253521127
Ford Ka,Ford Ka 1.5 Se,2017,Lomas De Zamora - Bs.As. G.B.A. Sur,155000.0,9507.042253521127
Ford Ka,Ford Ka 1.5 Se,2017,La Matanza - Bs.As. G.B.A. Oeste,100000.0,9154.929577464789
Ford Ka,Ford Ka 1.5 Se,2019,Ituzaingó - Bs.As. G.B.A. Oeste,98000.0,12500.0
Ford Ka,Ford Ka 1.5 Se,2019,Lomas De Zamora - Bs.As. G.B.A. Sur,29400.0,14000.0
Ford Ka,Ford Ka 1.0 Fly Viral Usb/bluetooth,2011,Capital Federal - Capital Federal,65000.0,6971.830985915493
Ford Ka,Ford Ka 1.6 Fly Viral,2010,Vicente López - Bs.As. G.B.A. Norte,124000.0,6478.87323943662
Ford Ka,Ford Ka 1.6 Fly Viral,2010,Capital Federal - Capital Federal,131000.0,6267.605633802817
Ford Ka,Ford Ka 1.5 Sel,2016,Morón - Bs.As. G.B.A. Oeste,116100.0,10900.0
Ford Ka,Ford Ka 1.5 Sel,2016,General Las Heras - Buenos Aires Interior,86300.0,10352.112676056338
Ford Ka,Ford Ka 1.5 Sel At 5p,2019,Capital Federal - Capital Federal,82000.0,11971.830985915492
Ford Ka,Ford Ka 1.6 Fly Viral 95cv,2013,Almirante Brown - Bs.As. G.B.A. Sur,82000.0,7394.366197183099
Ford Ka,Ford Ka 1.6 Fly Viral 95cv,2013,Malvinas Argentinas - Bs.As. G.B.A. Norte,150000.0,6478.87323943662
Ford Ka,Ford Ka 1.0 Tattoo,2000,Vicente López - Bs.As. G.B.A. Norte,185000.0,5633.802112676056
Ford Ka,Ford Ka 1.0 Fly Viral 63cv,2012,Capital Federal - Capital Federal,112000.0,6267.605633802817
Ford Ka,Ford Ka 1.5 Se,2018,Tigre - Bs.As. G.B.A. Norte,102000.0,10211.267605633802
Ford Ka,Ford Ka 1.5 S,2017,San Isidro - Bs.As. G.B.A. Norte,85000.0,10500.0
Ford Ka,Ford Ka 1.0 Viral,2008,Lomas De Zamora - Bs.As. G.B.A. Sur,72400.0,6971.830985915493
Ford Ka,Ford Ka 1.5 S,2019,Morón - Bs.As. G.B.A. Oeste,146500.0,8900.0
Ford Ka,Ford Ka 1.5 Sel,2018,Capital Federal - Capital Federal,70000.0,11971.830985915492
Ford Ka,Ford Ka 1.0 Fly Viral 63cv,2011,Tres De Febrero - Bs.As. G.B.A. Oeste,205000.0,5281.69014084507
Ford Ka,Ford Ka 1.0 Fly Plus,2009,Vicente López - Bs.As. G.B.A. Norte,146000.0,5281.69014084507
Ford Ka,Ford Ka 1.5 Se At,2019,La Matanza - Bs.As. G.B.A. Oeste,99000.0,12500.0
Ford Ka,Ford Ka 1.6 Fly Viral 95cv,2012,Del Viso - Bs.As. G.B.A. Norte,175000.0,5900.0
Ford Ka,Ford Ka 1.5 Sel,2019,Capital Federal - Capital Federal,40000.0,13000.0
Ford Ka,Ford Ka 1.5 S,2017,La Plata - Bs.As. G.B.A. Sur,94000.0,10352.112676056338
Ford Ka,Ford Ka 1.0 Fly Viral 63cv,2012,Quilmes - Bs.As. G.B.A. Sur,96000.0,5985.915492957746
Ford Ka,Ford Ka 1.5 S,2016,Tigre - Bs.As. G.B.A. Norte,131000.0,8999.0
Ford Ka,Ford Ka 1.5 Se Sedan,2017,Capital Federal - Capital Federal,110000.0,9852.042253521127
Ford Ka,Ford Ka 1.5 Se,2020,Tigre - Bs.As. G.B.A. Norte,29000.0,15352.112676056338
Ford Ka,Ford Ka 1.5 S,2019,Vicente López - Bs.As. G.B.A. Norte,105000.0,9859.154929577464
Ford Ka,Ford Ka 1.5 Sel At 5p,2019,Capital Federal - Capital Federal,82000.0,11971.830985915492
Ford Ka,Ford Ka 1.5 S,2021,Lanús - Bs.As. G.B.A. Sur,47000.0,11971.830985915492
Ford Ka,Ford Ka 1.5 Se,2016,Berazategui - Bs.As. G.B.A. Sur,108000.0,10211.267605633802
Ford Ka,Ford Ka 1.5 Se,2016,Morón - Bs.As. G.B.A. Oeste,99000.0,10000.0
Ford Ka,Ford Ka 1.5 Se,2016,Capital Federal - Capital Federal,92000.0,10200.0
Ford Ka,Ford Ka 1.5 Se At,2019,Capital Federal - Capital Federal,99000.0,12500.0
Ford Ka,Ford Ka 1.6 Pulse Top 95cv,2012,Capital Federal - Capital Federal,85900.0,7700.0
Ford Ka,Ford Ka 1.5 Sel At,2018,Moreno - Bs.As. G.B.A. Oeste,66000.0,11619.718309859154
Ford Ka,Ford Ka Full,2020,Capital Federal - Capital Federal,75000.0,13500.0
Ford Ka,Ford Ka 1.0 Fly Viral 63cv,2012,La Plata - Bs.As. G.B.A. Sur,120000.0,6267.605633802817
Ford Ka,Ford Ka 1.5 Sel,2020,Tigre - Bs.As. G.B.A. Norte,56000.0,13028.169014084508
Ford Ka,Ford Ka 1.0 Fly 63cv,2012,Luján - Buenos Aires Interior,105300.0,5563.380281690141
Ford Ka,Ford Ka 1.5 S,2021,Capital Federal - Capital Federal,123000.0,11619.718309859154
Ford Ka,Ford Ka 1.5 Sel At 5p,2019,Castelar - Bs.As. G.B.A. Oeste,90000.0,14436.61971830986
Ford Ka,Ford Ka 1.5 Sel At 5p,2019,Capital Federal - Capital Federal,104000.0,12464.788732394367
Ford Ka,Ford Ka 1.5 Se,2017,Caseros - Bs.As. G.B.A. Oeste,87000.0,10281.69014084507
Ford Ka,Ford Ka 1.5 Se,2018,Escobar - Bs.As. G.B.A. Norte,75990.0,11964.788732394367
Ford Ka,Ford Ka 1.5 Se,2018,San Isidro - Bs.As. G.B.A. Norte,80000.0,12000.0
Ford Ka,Ford Ka 1.5 S,2018,La Matanza - Bs.As. G.B.A. Oeste,82000.0,10915.492957746479
Ford Ka,Ford Ka 1.5 S,2020,Avellaneda - Bs.As. G.B.A. Sur,81000.0,10422.535211267606
Ford Ka,Ford Ka 1.5 S,2020,Capital Federal - Capital Federal,96000.0,11000.0
Ford Ka,Ford Ka 1.5 Se Freestyle 5p L18,2021,Capital Federal - Capital Federal,87035.0,14130.845070422536
Ford Ka,Ford Ka 1.5 S,2017,Capital Federal - Capital Federal,84168.0,9436.61971830986
Ford Ka,Ford Ka 1.5 S 4 P,2018,Lanús - Bs.As. G.B.A. Sur,98000.0,9859.154929577464
Ford Ka,Ford Ka 1.5 S,2018,San Fernando - Bs.As. G.B.A. Norte,49000.0,12500.0
Ford Ka,Ford Ka 1.5 S,2018,La Matanza - Bs.As. G.B.A. Oeste,48000.0,11478.87323943662
Ford Ka,Ford Ka 1.0 Fly Viral 63cv,2012,La Matanza - Bs.As. G.B.A. Oeste,149000.0,5985.915492957746
Ford Ka,Ford Ka 1.5 Se,2019,La Plata - Bs.As. G.B.A. Sur,54500.0,13300.0
Ford Ka,Ford Ka 1.5 S,2017,Lomas De Zamora - Bs.As. G.B.A. Sur,98095.0,11971.830985915492
Ford Ka,Ford Ka 1.5 S,2017,Capital Federal - Capital Federal,114000.0,8781.69014084507
Ford Ka,Ford Ka 1.0 Fly Viral 63cv,2012,Avellaneda - Bs.As. G.B.A. Sur,100000.0,6197.183098591549
Ford Ka,Ford Ka 1.5 Sel,2019,San Andrés De Giles - Buenos Aires Interior,95000.0,11126.760563380281
Ford Ka,Ford Ka 1.5 Sel,2018,Capital Federal - Capital Federal,109000.0,9788.732394366198
Ford Ka,Ford Ka 1.5 S,2017,Pilar - Bs.As. G.B.A. Norte,134000.0,9500.0
Ford Ka,Ford Ka 1.5 S,2021,Capital Federal - Capital Federal,112246.0,12676.05633802817
Ford Ka,Ford Ka 1.5 Sel,2021,Avellaneda - Bs.As. G.B.A. Sur,74000.0,13028.169014084508
Ford Ka,Ford Ka 1.6 Fly Viral 95cv,2013,Escobar - Bs.As. G.B.A. Norte,135000.0,6760.56338028169
Ford Ka,Ford Ka 1.5 Se At,2020,Capital Federal - Capital Federal,67500.0,13700.0
Ford Ka,Ford Ka 1.5 Se,2017,Capital Federal - Capital Federal,180000.0,9154.929577464789
Ford Ka,Ford Ka 1.5 Freestyle,2018,La Plata - Bs.As. G.B.A. Sur,86000.0,11000.0
Ford Ka,Ford Ka 1.5 S,2018,Capital Federal - Capital Federal,71500.0,11500.0
Ford Ka,Ford Ka 1.5 S,2018,Esteban Echeverría - Bs.As. G.B.A. Sur,90000.0,11338.028169014084
Ford Ka,Ford Ka 1.5 Se,2018,La Matanza - Bs.As. G.B.A. Oeste,111000.0,11267.605633802817
Ford Ka,Ford Ka 1.6 Pulse Top 95cv,2013,Hurlingham - Bs.As. G.B.A. Oeste,120000.0,7900.0
Ford Ka,Ford Ka Ka Se 1.5,2018,Capital Federal - Capital Federal,78000.0,12323.94366197183
Ford Ka,Ford Ka 1.5 Sel,2020,Morón - Bs.As. G.B.A. Oeste,40000.0,13028.169014084508
Ford Ka,Ford Ka 1.5 S,2019,Capital Federal - Capital Federal,85000.0,9859.154929577464
Ford Ka,Ford Ka 1.5 Sel,2016,La Matanza - Bs.As. G.B.A. Oeste,112300.0,10000.0
Ford Ka,Ford Ka 1.5 S,2019,General San Martín - Bs.As. G.B.A. Norte,58000.0,11838.028169014084
Ford Ka,Ford Ka 1.5 S,2019,Lanús - Bs.As. G.B.A. Sur,79900.0,11260.56338028169
Ford Ka,Ford Ka 1.5 S,2017,La Plata - Bs.As. G.B.A. Sur,114000.0,10915.492957746479
Ford Ka,Ford Ka 1.5 Se,2017,Capital Federal - Capital Federal,140000.0,10300.0
Ford Ka,Ford Ka Ka S Plus 4p,2020,Capital Federal - Capital Federal,53000.0,13309.859154929578
Ford Ka,Ford Ka 1.5 Se,2019,Escobar - Bs.As. G.B.A. Norte,99498.0,10563.38028169014
Ford Ka,Ford Ka 1.0 Fly 63cv,2012,Malvinas Argentinas - Bs.As. G.B.A. Norte,125000.0,7042.2535211267605
Ford Ka,Ford Ka 1.6 Fly Viral 95cv,2013,Vicente López - Bs.As. G.B.A. Norte,60600.0,6900.0
Ford Ka,Ford Ka 1.0 Fly Viral 63cv,2012,Capital Federal - Capital Federal,130000.0,6267.605633802817
Ford Ka,Ford Ka 1.6 Fly Viral 95cv,2012,Berazategui - Bs.As. G.B.A. Sur,125000.0,7323.943661971831
Ford Ka,Ford Ka 1.0 Fly Viral 63cv,2012,General San Martín - Bs.As. G.B.A. Norte,86000.0,6338.028169014085
Ford Ka,Ford Ka 1.5 S,2018,San Miguel - Bs.As. G.B.A. Norte,36700.0,11971.830985915492
Ford Ka,Ford Ka 1.5 Se,2019,San Miguel - Bs.As. G.B.A. Norte,61000.0,13732.394366197183
Ford Ka,Ford Ka 1.5 Se,2019,San Miguel - Bs.As. G.B.A. Norte,106000.0,11619.718309859154
Ford Ka,Ford Ka 1.5 Se,2019,San Isidro - Bs.As. G.B.A. Norte,58000.0,15500.0
Ford Ka,Ford Ka 1.5 Se,2019,La Plata - Bs.As. G.B.A. Sur,70000.0,12535.211267605633
Ford Ka,Ford Ka 1.5 Se,2019,Avellaneda - Bs.As. G.B.A. Sur,84000.0,12605.633802816901
Ford Ka,Ford Ka 1.5 S,2021,Capital Federal - Capital Federal,75000.0,11549.295774647888
Ford Ka,Ford Ka 1.5 Freestyle Sel At,2020,Vicente López - Bs.As. G.B.A. Norte,41000.0,13697.18309859155
Ford Ka,Ford Ka 1.5 Sel,2020,Capital Federal - Capital Federal,75000.0,12323.94366197183
Ford Ka,Ford Ka 1.5 Se,2017,Berazategui - Bs.As. G.B.A. Sur,85000.0,11478.87323943662
Ford Ka,Ford Ka 1.5 Se,2018,Escobar - Bs.As. G.B.A. Norte,63000.0,11500.0
Ford Ka,Ford Ka 1.0 Fly Plus,2010,Vicente López - Bs.As. G.B.A. Norte,155000.0,5563.380281690141
Ford Ka,Ford Ka 1.6 Fly Viral,2008,Malvinas Argentinas - Bs.As. G.B.A. Norte,190220.0,4619.718309859155
Ford Ka,Ford Ka 1.5 Se At,2019,Capital Federal - Capital Federal,97000.0,11197.18309859155
Ford Ka,Ford Ka 1.5 Sel,2016,Capital Federal - Capital Federal,144782.0,10809.859154929578
Ford Ka,Ford Ka 1.5 Se,2017,Lanús - Bs.As. G.B.A. Sur,109000.0,11267.605633802817
Ford Ka,Ford Ka 1.6 Pulse Top 95cv,2012,Lomas De Zamora - Bs.As. G.B.A. Sur,123000.0,5774.647887323944
Ford Ka,Ford Ka 1.5 S,2016,Tigre - Bs.As. G.B.A. Norte,102000.0,9330.985915492958
Ford Ka,Ford Ka 1.5 S,2016,Almirante Brown - Bs.As. G.B.A. Sur,132000.0,9084.507042253521
Ford Ka,Ford Ka 1.0 Fly Viral 63cv,2013,Capital Federal - Capital Federal,55700.0,7746.478873239436
Ford Ka,Ford Ka 1.5 S My18,2018,Capital Federal - Capital Federal,102742.0,9612.676056338029
Ford Ka,Ford Ka 1.6 Pulse Top 95cv,2011,San Fernando - Bs.As. G.B.A. Norte,175000.0,5845.070422535211
Ford Ka,Ford Ka 1.5 S 5p,2016,Berazategui - Bs.As. G.B.A. Sur,101000.0,11267.605633802817
Ford Ka,Ford Ka 1.5 S,2016,Almirante Brown - Bs.As. G.B.A. Sur,132000.0,9140.845070422536
Ford Ka,Ford Ka 1.5 S,2016,Esteban Echeverría - Bs.As. G.B.A. Sur,135700.0,11126.760563380281
Ford Ka,Ford Ka 1.5 S,2016,Tigre - Bs.As. G.B.A. Norte,115000.0,9859.154929577464
Ford Ka,Ford Ka 1.5 S,2020,San Isidro - Bs.As. G.B.A. Norte,52000.0,11197.18309859155
Ford Ka,Ford Ka 1.6 Fly Viral,2009,Capital Federal - Capital Federal,121000.0,5281.69014084507
Ford Ka,Ford Ka 1.5 Sel,2016,Malvinas Argentinas - Bs.As. G.B.A. Norte,150453.0,7711.267605633803
Ford Ka,Ford Ka 1.5 S,2016,Capital Federal - Capital Federal,105000.0,8802.81690140845
Ford Ka,Ford Ka 1.5 Sel,2017,Morón - Bs.As. G.B.A. Oeste,90000.0,9507.042253521127
Ford Ka,Ford Ka 1.0 Fly Plus 3p,2013,Escobar - Bs.As. G.B.A. Norte,165035.0,5985.915492957746
Ford Ka,Ford Ka 1.6,2018,Capital Federal - Capital Federal,77000.0,10492.957746478873
Ford Ka,Ford Ka 1.5 S,2017,Morón - Bs.As. G.B.A. Oeste,79000.0,10563.38028169014
Ford Ka,Ford Ka 1.5 Se,2018,Capital Federal - Capital Federal,79035.0,10014.084507042253
Ford Ka,Ford Ka 1.5 Se,2017,Lanús - Bs.As. G.B.A. Sur,127300.0,9859.154929577464
Ford Ka,Ford Ka 1.5 Sel,2017,Almirante Brown - Bs.As. G.B.A. Sur,65500.0,13028.169014084508
Ford Ka,Ford Ka 1.6 Fly Viral Usb/bluetooth,2011,La Plata - Bs.As. G.B.A. Sur,98000.0,5626.760563380281
Ford Ka,Ford Ka 1.0 Fly 63cv,2012,Luján - Buenos Aires Interior,122000.0,7957.7464788732395
Ford Ka,Ford Ka 1.5 S,2019,La Plata - Bs.As. G.B.A. Sur,45000.0,11619.718309859154
Ford Ka,Ford Ka 1.5 S,2018,Capital Federal - Capital Federal,68000.0,10211.267605633802
Ford Ka,Ford Ka 1.0 Fly Viral 63cv,2013,San Isidro - Bs.As. G.B.A. Norte,152500.0,5773.943661971831
Ford Ka,Ford Ka 1.6 Pulse 95cv,2011,Berazategui - Bs.As. G.B.A. Sur,189000.0,7042.2535211267605
Ford Ka,Ford Ka 1.5 Sel,2016,San Isidro - Bs.As. G.B.A. Norte,88000.0,10563.38028169014
Ford Ka,Ford Ka 1.5 S,2017,La Plata - Bs.As. G.B.A. Sur,103000.0,10500.0
Ford Ka,Ford Ka 1.5 S,2017,Malvinas Argentinas - Bs.As. G.B.A. Norte,105000.0,8900.0
Ford Ka,Ford Ka 1.5 Se,2017,Luján - Buenos Aires Interior,99300.0,12112.676056338029
Ford Ka,Ford Ka 1.5 S,2018,San Miguel - Bs.As. G.B.A. Norte,48000.0,11267.605633802817
Ford Ka,Ford Ka 1.5 S,2017,San Miguel - Bs.As. G.B.A. Norte,82000.0,11056.338028169013
Ford Ka,Ford Ka 1.0 Fly Viral 63cv,2012,Morón - Bs.As. G.B.A. Oeste,69000.0,6197.183098591549
Ford Ka,Ford Ka 1.5 Sel,2019,Malvinas Argentinas - Bs.As. G.B.A. Norte,51000.0,13000.0
Ford Ka,Ford Ka 1.5 Se,2016,Morón - Bs.As. G.B.A. Oeste,105000.0,8802.81690140845
Ford Ka,Ford Ka 1.5 Sel,2020,Capital Federal - Capital Federal,63000.0,12887.323943661971
Ford Ka,Ford Ka 1.5 S,2020,La Matanza - Bs.As. G.B.A. Oeste,60000.0,10000.0
Ford Ka,Ford Ka 1.6 Fly Viral 95cv,2011,San Isidro - Bs.As. G.B.A. Norte,160000.0,5633.802816901409
Ford Ka,Ford Ka 1.5 Sel,2020,Lanús - Bs.As. G.B.A. Sur,49000.0,14077.464788732394
Ford Ka,Ford Ka 1.5 Se,2018,Morón - Bs.As. G.B.A. Oeste,74400.0,9859.154929577464
Ford Ka,Ford Ka 1.0 Fly 63cv,2012,Malvinas Argentinas - Bs.As. G.B.A. Norte,132000.0,6619.718309859155
Ford Ka,Ford Ka 1.5 Sel,2020,Campana - Buenos Aires Interior,65000.0,12500.0
Ford Ka,Ford Ka 1.5 Se,2017,Capital Federal - Capital Federal,130000.0,9507.042253521127
Ford Ka,Ford Ka 1.5 Se,2016,Pilar - Bs.As. G.B.A. Norte,130000.0,9000.0
Ford Ka,Ford Ka 1.6 Pulse 95cv,2013,Pilar - Bs.As. G.B.A. Norte,119500.0,6999.0
Ford Ka,Ford Ka 1.5 S,2017,Pilar - Bs.As. G.B.A. Norte,130000.0,9436.61971830986
Ford Ka,Ford Ka 1.5 Sel,2019,La Plata - Bs.As. G.B.A. Sur,80000.0,12000.0
Ford Ka,Ford Ka 1.5 Se,2018,San Vicente - Buenos Aires Interior,66000.0,11619.718309859154
Ford Ka,Ford Ka 1.5 Se,2018,Capital Federal - Capital Federal,73000.0,10900.0
Ford Ka,Ford Ka 1.5 Se At,2019,La Plata - Bs.As. G.B.A. Sur,83000.0,12000.0
Ford Ka,Ford Ka 1.5 S,2016,Almirante Brown - Bs.As. G.B.A. Sur,107000.0,8450.704225352112
Ford Ka,Ford Ka 1.5 S,2019,La Matanza - Bs.As. G.B.A. Oeste,90000.0,10211.267605633802
Ford Ka,Ford Ka 1.5 Se,2017,Capital Federal - Capital Federal,63200.0,9718.30985915493
Ford Ka,Ford Ka 1.5 Sel At 5p,2019,Lomas De Zamora - Bs.As. G.B.A. Sur,59000.0,12323.94366197183
Ford Ka,Ford Ka 1.5 Se,2020,General San Martín - Bs.As. G.B.A. Norte,74030.0,13873.239436619719
Ford Ka,Ford Ka 1.5 Se,2020,Berazategui - Bs.As. G.B.A. Sur,132000.0,13028.169014084508
Ford Ka,Ford Ka 1.0 Fly Viral 63cv,2011,La Matanza - Bs.As. G.B.A. Oeste,208000.0,6500.0
Ford Ka,Ford Ka 1.0 Fly Viral,2014,Capital Federal - Capital Federal,113000.0,6690.140845070423
Ford Ka,Ford Ka 1.5 S,2017,Avellaneda - Bs.As. G.B.A. Sur,92000.0,9900.0
Ford Ka,Ford Ka 1.0 Viral,2008,Vicente López - Bs.As. G.B.A. Norte,130000.0,5985.915492957746
Ford Ka,Ford Ka 1.5 S,2016,Morón - Bs.As. G.B.A. Oeste,214990.0,8521.12676056338
Ford Ka,Ford Ka 1.5 S,2016,Capital Federal - Capital Federal,107000.0,8380.281690140846
Ford Ka,Ford Ka 1.5 S,2016,Capital Federal - Capital Federal,91000.0,9400.0
Ford Ka,Ford Ka 1.5 Se,2018,Capital Federal - Capital Federal,85000.0,11091.549295774648
Ford Ka,Ford Ka 1.5 S,2020,Vicente López - Bs.As. G.B.A. Norte,59000.0,10915.492957746479
Ford Ka,Ford Ka 1.5 Sel At 5p,2019,Tres De Febrero - Bs.As. G.B.A. Oeste,50000.0,13309.859154929578
Ford Ka,Ford Ka 1.5 Sel,2017,Capital Federal - Capital Federal,58500.0,11500.0
Ford Ka,Ford Ka 1.6 Pulse,2009,Capital Federal - Capital Federal,147180.0,5492.957746478874
Ford Ka,Ford Ka 1.5 S,2021,Pilar - Bs.As. G.B.A. Norte,129815.0,14507.042253521127
Ford Ka,Ford Ka 1.5 Se,2016,Malvinas Argentinas - Bs.As. G.B.A. Norte,64500.0,9007.042253521127
Ford Ka,Ford Ka 1.5 Se,2016,Ituzaingó - Bs.As. G.B.A. Oeste,98000.0,10600.0
Ford Ka,Ford Ka 1.5 Se,2016,Quilmes - Bs.As. G.B.A. Sur,111243.0,10563.38028169014
Ford Ka,Ford Ka 1.0 Fly Plus,2010,Capital Federal - Capital Federal,230000.0,5281.69014084507
Ford Ka,Ford Ka 1.5 Sel,2018,Lomas De Zamora - Bs.As. G.B.A. Sur,59800.0,11612.676056338029
Ford Ka,Ford Ka 1.0 Fly Viral Usb/bluetooth,2011,Quilmes - Bs.As. G.B.A. Sur,102000.0,5661.971830985915
Ford Ka,Ford Ka 1.5 Se,2019,Capital Federal - Capital Federal,102000.0,10492.957746478873
Ford Ka,Ford Ka 1.5 Se,2020,La Plata - Bs.As. G.B.A. Sur,75000.0,12112.676056338029
Ford Ka,Ford Ka 1.5 Se,2017,Capital Federal - Capital Federal,87000.0,11500.0
Ford Ka,Ford Ka 1.5 Se,2018,Morón - Bs.As. G.B.A. Oeste,120000.0,10492.957746478873
Ford Ka,Ford Ka 1.5 Se,2018,Escobar - Bs.As. G.B.A. Norte,136019.0,11619.718309859154
Ford Ka,Ford Ka 1.5 Se,2018,Pilar - Bs.As. G.B.A. Norte,77400.0,11619.718309859154
Ford Ka,Ford Ka 1.5 Se,2018,Capital Federal - Capital Federal,55000.0,10274.647887323943
Ford Ka,Ford Ka 1.5 S,2017,Almirante Brown - Bs.As. G.B.A. Sur,78000.0,10915.492957746479
Ford Ka,Ford Ka 1.5 Se,2019,La Plata - Bs.As. G.B.A. Sur,57956.0,13074.647887323943
Ford Ka,Ford Ka 1.5 Se,2018,Capital Federal - Capital Federal,63000.0,11267.605633802817
Ford Ka,Ford Ka 1.5 S,2018,Lanús - Bs.As. G.B.A. Sur,58000.0,10985.915492957747
Ford Ka,Ford Ka 1.0 Fly Plus,2013,Capital Federal - Capital Federal,64000.0,5809.859154929577
Ford Ka,Ford Ka 1.0 Fly Viral 63cv,2012,Morón - Bs.As. G.B.A. Oeste,127000.0,6338.028169014085
Ford Ka,Ford Ka 1.5 S,2018,Capital Federal - Capital Federal,90000.0,9900.0
Ford Ka,Ford Ka 1.6 Pulse,2009,Avellaneda - Bs.As. G.B.A. Sur,160000.0,4507.042253521126
Ford Ka,Ford Ka 1.0 Fly Viral 63cv,2013,Hurlingham - Bs.As. G.B.A. Oeste,98000.0,7042.2535211267605
Ford Ka,Ford Ka 1.0 Fly Viral 63cv,2011,Pilar - Bs.As. G.B.A. Norte,110500.0,6196.478873239436
Ford Ka,Ford Ka 1.5 Se,2020,Lanús - Bs.As. G.B.A. Sur,65000.0,11619.718309859154
Ford Ka,Ford Ka 1.5 Se,2019,Capital Federal - Capital Federal,84000.0,11000.0
Ford Ka,Ford Ka 1.5 Freestyle,2019,General San Martín - Bs.As. G.B.A. Norte,50000.0,12669.014084507042
Ford Ka,Ford Ka 1.5 S,2017,Tres De Febrero - Bs.As. G.B.A. Oeste,100000.0,9154.929577464789
Ford Ka,Ford Ka 1.5 S,2018,General San Martín - Bs.As. G.B.A. Norte,93000.0,9507.042253521127
Ford Ka,Ford Ka 1.5 S,2018,La Matanza - Bs.As. G.B.A. Oeste,78000.0,10915.492957746479
Ford Ka,Ford Ka 1.5 S,2018,Capital Federal - Capital Federal,66000.0,10563.38028169014
Ford Ka,Ford Ka 1.0 Fly Viral 63cv,2013,Capital Federal - Capital Federal,122000.0,6654.929577464789
Ford Ka,Ford Ka 1.6 Pulse,2009,La Plata - Bs.As. G.B.A. Sur,210000.0,6267.605633802817
Ford Ka,Ford Ka 1.0 Fly Viral 63cv,2012,Malvinas Argentinas - Bs.As. G.B.A. Norte,135000.0,5915.492957746479
Ford Ka,Ford Ka 1.0 Fly Viral 63cv,2012,Quilmes - Bs.As. G.B.A. Sur,108000.0,6690.140845070423
Ford Ka,Ford Ka 1.0 Fly Viral 63cv,2013,Capital Federal - Capital Federal,98000.0,7500.0
Ford Ka,Ford Ka 1.0 Fly Viral 63cv,2012,Lanús - Bs.As. G.B.A. Sur,70000.0,6700.0
Ford Ka,Ford Ka 1.0 Fly Viral 63cv,2013,Capital Federal - Capital Federal,130000.0,5492.957746478874
Ford Ka,Ford Ka 1.5 Se,2019,Capital Federal - Capital Federal,68000.0,11971.830985915492
Ford Ka,Ford Ka 1.0 Fly Viral 63cv,2011,San Isidro - Bs.As. G.B.A. Norte,184000.0,5211.267605633803
Ford Ka,Ford Ka 1.5 S,2016,La Matanza - Bs.As. G.B.A. Oeste,120000.0,9859.154929577464
Ford Ka,Ford Ka 1.5 Se,2021,San Andrés De Giles - Buenos Aires Interior,36000.0,15845.070422535211
Ford Ka,Ford Ka 1.0 Fly Viral 63cv,2013,Capital Federal - Capital Federal,58000.0,7000.0
Ford Ka,Ford Ka 1.5 S,2016,Tigre - Bs.As. G.B.A. Norte,80000.0,8309.859154929578
Ford Ka,Ford Ka 1.5 Se,2019,Lomas De Zamora - Bs.As. G.B.A. Sur,119000.0,10211.267605633802
Ford Ka,Ford Ka 1.5 Sel,2017,Pilar - Bs.As. G.B.A. Norte,115000.0,10211.267605633802
Peugeot 208,Peugeot 208 1.0 T200 Gt Cvt,2026,Capital Federal - Capital Federal,0.0,24288.732394366198
Peugeot 208,Peugeot 208 1.6 Feline,2016,Capital Federal - Capital Federal,85000.0,12200.0
Peugeot 208,Peugeot 208 1.0t Gt,2026,Capital Federal - Capital Federal,0.0,25563.943661971833
Peugeot 208,Peugeot 208 1.6 Allure,2026,Capital Federal - Capital Federal,0.0,18101.408450704224
Peugeot 208,Peugeot 208 1.6 Allure Touchscreen,2016,Capital Federal - Capital Federal,92000.0,9788.732394366198
Peugeot 208,Peugeot 208 1.6 Active Tiptronic,2022,Capital Federal - Capital Federal,20000.0,18900.0
Peugeot 208,Peugeot 208 1.6 Like Pack,2023,Moreno - Bs.As. G.B.A. Oeste,39000.0,16901.408450704224
Peugeot 208,Peugeot 208 1.0 T200 Gt Cvt,2026,La Matanza - Bs.As. G.B.A. Oeste,0.0,21478.87323943662
Peugeot 208,Peugeot 208 1.6 Feline Pack Cuir,2015,Avellaneda - Bs.As. G.B.A. Sur,130000.0,10915.492957746479
Peugeot 208,Peugeot 208 1.6 Feline,2018,San Isidro - Bs.As. G.B.A. Norte,137000.0,12500.0
Peugeot 208,Peugeot 208 1.6 Road Trip Tiptronic,2023,Capital Federal - Capital Federal,28900.0,15900.0
Peugeot 208,Peugeot 208 1.6 Gt Thp,2019,Capital Federal - Capital Federal,88300.0,13028.169014084508
Peugeot 208,Peugeot 208 1.6 Gt Thp,2018,La Matanza - Bs.As. G.B.A. Oeste,88800.0,13028.169014084508
Peugeot 208,Peugeot 208 1.0 T200 Gt Cvt,2026,La Matanza - Bs.As. G.B.A. Oeste,0.0,25281.690140845072
Peugeot 208,Peugeot 208 1.0t Gt,2025,Capital Federal - Capital Federal,1980.0,24500.0
Peugeot 208,Peugeot 208 1.0 T200 Gt Cvt,2026,Tigre - Bs.As. G.B.A. Norte,0.0,24084.50704225352
Peugeot 208,Peugeot 208 1.6 Feline Tiptronic,2023,Capital Federal - Capital Federal,20000.0,19718.30915492958
Peugeot 208,Peugeot 208 1.0t Gt,2024,Morón - Bs.As. G.B.A. Oeste,0.0,23725.352112676057
Peugeot 208,Peugeot 208 1.6 Feline,2014,Capital Federal - Capital Federal,60000.0,11500.0
Peugeot 208,Peugeot 208 1.5 Allure,2015,Capital Federal - Capital Federal,34000.0,10211.267605633802
Peugeot 208,Peugeot 208 1.6 Feline,2019,Capital Federal - Capital Federal,103000.0,13000.0
Peugeot 208,Peugeot 208 1.6 Allure Pack Tiptronic,2023,Ezeiza - Bs.As. G.B.A. Sur,34000.0,17600.0
Peugeot 208,Peugeot 208 1.0 T200 Gt Cvt,2026,Beccar - Bs.As. G.B.A. Norte,0.0,22535.211267605635
Peugeot 208,Peugeot 208 1.6 Feline Tiptronic,2022,Capital Federal - Capital Federal,42000.0,16830.985915492958
Peugeot 208,Peugeot 208 1.0 T200 Gt Cvt,2025,Almirante Brown - Bs.As. G.B.A. Sur,10000.0,22183.098591549297
Peugeot 208,Peugeot 208 1.0 T200 Gt Cvt,2026,Vicente López - Bs.As. G.B.A. Norte,0.0,25633.802816901407
Peugeot 208,Peugeot 208 1.0t Allure Pack,2026,Capital Federal - Capital Federal,0.0,23803.169014084506
Peugeot 208,Peugeot 208 1.0t Allure Pack,2024,Tigre - Bs.As. G.B.A. Norte,0.0,15492.957746478873
Peugeot 208,Peugeot 208 1.6 Allure,2024,Capital Federal - Capital Federal,0.0,20704.225352112677
Peugeot 208,Peugeot 208 1.6 Allure,2024,Ezeiza - Bs.As. G.B.A. Sur,0.0,21971.922535211266
Peugeot 208,Peugeot 208 1.6 Allure,2024,Capital Federal - Capital Federal,0.0,22183.098591549297
Peugeot 208,Peugeot 208 1.6 Allure,2018,Capital Federal - Capital Federal,101100.0,10563.38028169014
Peugeot 208,Peugeot 208 1.0 T200 Gt Cvt,2026,Capital Federal - Capital Federal,0.0,22535.211267605635
Peugeot 208,Peugeot 208 1.6 Active Tiptronic,2022,Capital Federal - Capital Federal,55000.0,16000.0
Peugeot 208,Peugeot 208 1.5 Active,2014,Capital Federal - Capital Federal,78500.0,8732.394366197183
Peugeot 208,Peugeot 208 1.0t Gt,2025,Moreno - Bs.As. G.B.A. Oeste,14300.0,22183.098591549297
Peugeot 208,Peugeot 208 1.0 T200 Allure Pack Cvt,2024,Capital Federal - Capital Federal,0.0,16901.408450704224
Peugeot 208,Peugeot 208 1.6 Allure At,2026,Capital Federal - Capital Federal,0.0,19714.084507042255
Peugeot 208,Peugeot 208 Allure Pk At T200 Am25,2024,Capital Federal - Capital Federal,0.0,24577.464788732395
Peugeot 208,Peugeot 208 1.0 T200 Gt Cvt,2026,San Isidro - Bs.As. G.B.A. Norte,0.0,25274.647887323943
Peugeot 208,Peugeot 208 1.6 Gt Thp,2017,Moreno - Bs.As. G.B.A. Oeste,99000.0,13000.0
Peugeot 208,Peugeot 208 1.6 Active Pack,2023,Quilmes - Bs.As. G.B.A. Sur,28530.0,15492.957746478873
Peugeot 208,Peugeot 208 1.6 Allure,2026,Capital Federal - Capital Federal,0.0,18099.788732394365
Peugeot 208,Peugeot 208 1.0 T200 Gt Cvt,2026,Avellaneda - Bs.As. G.B.A. Sur,0.0,21350.0
Peugeot 208,Peugeot 208 1.0t Allure Pack,2025,San Miguel - Bs.As. G.B.A. Norte,8500.0,20774.647887323943
Peugeot 208,Peugeot 208 1.6 Allure At,2026,Capital Federal - Capital Federal,0.0,22042.535211267605
Peugeot 208,Peugeot 208 1.6 Allure At,2026,Capital Federal - Capital Federal,0.0,22188.028169014084
Peugeot 208,Peugeot 208 1.6 Allure,2016,Malvinas Argentinas - Bs.As. G.B.A. Norte,115839.0,9345.070422535211
Peugeot 208,Peugeot 208 1.0t Gt,2026,Capital Federal - Capital Federal,0.0,25563.87323943662
Peugeot 208,Peugeot 208 1.6 Gti,2017,Moreno - Bs.As. G.B.A. Oeste,79000.0,20500.0
Peugeot 208,Peugeot 208 Gt,2026,Capital Federal - Capital Federal,0.0,21830.978873239437
Peugeot 208,Peugeot 208 1.5 Allure,2014,San Isidro - Bs.As. G.B.A. Norte,130000.0,9507.042253521127
Peugeot 208,Peugeot 208 1.0 T200 Gt Cvt,2026,Capital Federal - Capital Federal,0.0,24295.774647887323
Peugeot 208,Peugeot 208 1.6 Active Pack,2023,Escobar - Bs.As. G.B.A. Norte,81000.0,16190.140845070422
Peugeot 208,Peugeot 208 1.0t Gt,2024,Vicente López - Bs.As. G.B.A. Norte,0.0,21126.76056338028
Peugeot 208,Peugeot 208 1.6 Allure,2026,Pilar - Bs.As. G.B.A. Norte,0.0,21126.830985915494
Peugeot 208,Peugeot 208 1.0 T200 Gt Cvt,2026,Quilmes - Bs.As. G.B.A. Sur,0.0,24859.154929577464
Peugeot 208,Peugeot 208 1.0 T200 Gt Cvt,2026,Capital Federal - Capital Federal,0.0,21408.450704225354
Peugeot 208,Peugeot 208 1.2 New Like,2023,Capital Federal - Capital Federal,36000.0,14436.61971830986
Peugeot 208,Peugeot 208 1.6 Allure At,2026,Capital Federal - Capital Federal,0.0,18767.605633802817
Peugeot 208,Peugeot 208 1.6 Active Pack Tiptronic,2023,Capital Federal - Capital Federal,26000.0,16500.0
Peugeot 208,Peugeot 208 1.6 Gt Thp,2019,La Matanza - Bs.As. G.B.A. Oeste,88000.0,13239.43661971831
Peugeot 208,Peugeot 208 1.6 Gt Thp,2019,Tigre - Bs.As. G.B.A. Norte,71600.0,11901.408450704226
Peugeot 208,Peugeot 208 1.6 Gt Thp,2019,La Matanza - Bs.As. G.B.A. Oeste,88000.0,13380.280985915493
Peugeot 208,Peugeot 208 1.6 Gt Thp,2019,Ituzaingó - Bs.As. G.B.A. Oeste,88000.0,13169.014084507042
Peugeot 208,Peugeot 208 1.6 Gt Thp,2019,San Isidro - Bs.As. G.B.A. Norte,71600.0,11901.408450704226
Peugeot 208,Peugeot 208 1.6 Active Pack Tiptronic,2023,Capital Federal - Capital Federal,18600.0,16760.563380281692
Peugeot 208,Peugeot 208 1.6 Active Pack,2023,Capital Federal - Capital Federal,25000.0,16549.295774647886
Peugeot 208,Peugeot 208 1.0 T200 Gt Cvt,2026,Capital Federal - Capital Federal,0.0,24647.88732394366
Peugeot 208,Peugeot 208 1.6 Feline Tiptronic,2021,La Matanza - Bs.As. G.B.A. Oeste,57000.0,16490.0
Peugeot 208,Peugeot 208 1.0t Gt,2026,Capital Federal - Capital Federal,0.0,26232.535211267605
Peugeot 208,Peugeot 208 1.6 Feline,2019,La Plata - Bs.As. G.B.A. Sur,141000.0,13028.169014084508
Peugeot 208,Peugeot 208 1.6 Allure,2022,Capital Federal - Capital Federal,21830.0,16500.0
Peugeot 208,Peugeot 208 1.0t Gt,2025,Ituzaingó - Bs.As. G.B.A. Oeste,0.0,20070.422535211266
Peugeot 208,Peugeot 208 1.6 Allure,2024,Capital Federal - Capital Federal,9500.0,17253.521126760563
Peugeot 208,Peugeot 208 1.6 Feline Tiptronic,2018,San Fernando - Bs.As. G.B.A. Norte,63000.0,13600.0
Peugeot 208,Peugeot 208 1.6 Allure At,2026,San Isidro - Bs.As. G.B.A. Norte,0.0,18757.042253521126
Peugeot 208,Peugeot 208 1.6l Feline Tiptronic,2023,Zárate - Buenos Aires Interior,95000.0,18591.549295774646
Peugeot 208,Peugeot 208 1.6l Feline Tiptronic,2023,Capital Federal - Capital Federal,25000.0,18500.0
Peugeot 208,Peugeot 208 1.6 Allure Plus Hdi,2018,Tres De Febrero - Bs.As. G.B.A. Oeste,144500.0,11267.605633802817
Peugeot 208,Peugeot 208 1.0 T200 Gt Cvt,2026,Capital Federal - Capital Federal,0.0,21408.450704225354
Peugeot 208,Peugeot 208 1.6 Allure,2026,Capital Federal - Capital Federal,0.0,17957.74647887324
Peugeot 208,Peugeot 208 1.6 Allure At,2026,Moreno - Bs.As. G.B.A. Oeste,0.0,23239.436619718308
Peugeot 208,Peugeot 208 1.6 Allure At,2026,San Isidro - Bs.As. G.B.A. Norte,0.0,22711.267605633802
Peugeot 208,Peugeot 208 1.6 Allure,2015,La Matanza - Bs.As. G.B.A. Oeste,88000.0,10211.267605633802
Peugeot 208,Peugeot 208 1.6 Feline Pack Cuir,2014,Vicente López - Bs.As. G.B.A. Norte,91000.0,9718.30985915493
Peugeot 208,Peugeot 208 1.6 Feline Tiptronic,2022,Tigre - Bs.As. G.B.A. Norte,51000.0,17500.0
Peugeot 208,Peugeot 208 1.6 Allure,2021,Ezeiza - Bs.As. G.B.A. Sur,50000.0,16197.18309859155
Peugeot 208,Peugeot 208 1.6 Allure Touchscreen,2016,La Plata - Bs.As. G.B.A. Sur,86000.0,10774.647887323943
Peugeot 208,Peugeot 208 1.6l Active Pack Tiptronic,2023,Escobar - Bs.As. G.B.A. Norte,31000.0,16200.0
Peugeot 208,Peugeot 208 1.0 T200 Allure Pack Cvt,2024,Capital Federal - Capital Federal,0.0,16197.18309859155
Peugeot 208,Peugeot 208 1.6 Style Tiptronic,2023,Capital Federal - Capital Federal,30000.0,17490.0
Peugeot 208,Peugeot 208 1.2 Gt,2025,Almirante Brown - Bs.As. G.B.A. Sur,5800.0,23161.901408450703
Peugeot 208,Peugeot 208 1.6 Allure,2022,Capital Federal - Capital Federal,24000.0,16500.0
Peugeot 208,Peugeot 208 1.6 Allure Pack,2023,Escobar - Bs.As. G.B.A. Norte,32000.0,18300.0
Peugeot 208,Peugeot 208 1.5 Allure Touchscreen,2015,Capital Federal - Capital Federal,82000.0,10915.492957746479
Peugeot 208,Peugeot 208 1.6 Allure Nav Tiptronic,2017,Ituzaingó - Bs.As. G.B.A. Oeste,52100.0,12042.25352112676
Peugeot 208,Peugeot 208 1.0t Gt,2024,Capital Federal - Capital Federal,18000.0,21126.76056338028
Peugeot 208,Peugeot 208 1.0 T200 Allure Pack Cvt,2026,Avellaneda - Bs.As. G.B.A. Sur,0.0,23199.859154929578
Peugeot 208,Peugeot 208 1.6 Feline,2019,Lomas De Zamora - Bs.As. G.B.A. Sur,104000.0,14300.0
Peugeot 208,Peugeot 208 1.6 Active,2018,Quilmes - Bs.As. G.B.A. Sur,94000.0,11619.718309859154
Peugeot 208,Peugeot 208 1.6 Allure Tiptronic,2021,Vicente López - Bs.As. G.B.A. Norte,33000.0,17000.0
Peugeot 208,Peugeot 208 1.5 Active,2016,Capital Federal - Capital Federal,86500.0,8661.971830985916
Peugeot 208,Peugeot 208 1.5 Active,2016,Almirante Brown - Bs.As. G.B.A. Sur,63000.0,11971.830985915492
Peugeot 208,Peugeot 208 1.6 Gti,2017,Capital Federal - Capital Federal,82000.0,22000.0
Peugeot 208,Peugeot 208 1.6 Road Trip,2024,General San Martín - Bs.As. G.B.A. Norte,4000.0,19014.084507042255
Peugeot 208,Peugeot 208 1.0 T200 Gt Cvt,2026,Capital Federal - Capital Federal,0.0,25345.070422535213
Peugeot 208,Peugeot 208 1.5 Allure,2014,General Rodríguez - Bs.As. G.B.A. Oeste,159500.0,8650.0
Peugeot 208,Peugeot 208 1.6 Active Pack,2024,La Matanza - Bs.As. G.B.A. Oeste,0.0,19014.084507042255
Peugeot 208,Peugeot 208 1.0 T200 Gt Cvt,2026,Lomas De Zamora - Bs.As. G.B.A. Sur,0.0,24647.88732394366
Peugeot 208,Peugeot 208 1.6 Feline Tiptronic,2023,Capital Federal - Capital Federal,35000.0,16200.0
Peugeot 208,Peugeot 208 1.6 Feline Tiptronic,2023,Morón - Bs.As. G.B.A. Oeste,20000.0,21000.0
Peugeot 208,Peugeot 208 1.6 Feline Tiptronic,2023,Avellaneda - Bs.As. G.B.A. Sur,19900.0,19500.0
Peugeot 208,Peugeot 208 1.6 Allure At,2025,La Plata - Bs.As. G.B.A. Sur,16000.0,18500.0
Peugeot 208,Peugeot 208 1.6 Allure At,2025,La Matanza - Bs.As. G.B.A. Oeste,500.0,21000.0
Peugeot 208,Peugeot 208 1.6 Feline Pack Cuir,2016,Almirante Brown - Bs.As. G.B.A. Sur,130000.0,11478.87323943662
Peugeot 208,Peugeot 208 1.6 Urban Tech,2019,Moreno - Bs.As. G.B.A. Oeste,110000.0,11619.718309859154
Peugeot 208,Peugeot 208 1.6 Feline Tiptronic,2024,Pilar - Bs.As. G.B.A. Norte,6538.0,19647.88732394366
Peugeot 208,Peugeot 208 1.6 Feline Tiptronic,2024,Pilar - Bs.As. G.B.A. Norte,6537.0,19647.88732394366
Peugeot 208,Peugeot 208 1.6 Allure,2022,San Miguel - Bs.As. G.B.A. Norte,60000.0,15845.070422535211
Peugeot 208,Peugeot 208 1.6l Style,2023,Capital Federal - Capital Federal,27590.0,16894.3661971831
Peugeot 208,Peugeot 208 1.6 Feline,2021,Quilmes - Bs.As. G.B.A. Sur,40000.0,17253.521126760563
Peugeot 208,Peugeot 208 1.6 Allure,2026,Capital Federal - Capital Federal,0.0,18103.802816901407
Peugeot 208,Peugeot 208 1.6 Feline,2016,Morón - Bs.As. G.B.A. Oeste,78800.0,11900.0
Peugeot 208,Peugeot 208 1.6 Like Pack,2021,Berazategui - Bs.As. G.B.A. Sur,66000.0,14084.507042253521
Peugeot 208,Peugeot 208 1.6 Allure Pack,2024,Capital Federal - Capital Federal,37000.0,19500.0
Peugeot 208,Peugeot 208 1.6 Allure Pack,2024,Ituzaingó - Bs.As. G.B.A. Oeste,8000.0,19718.309859154928
Peugeot 208,Peugeot 208 1.0 T200 Allure Pack Cvt,2025,Caseros - Bs.As. G.B.A. Oeste,3500.0,20422.535211267605
Peugeot 208,Peugeot 208 L/20 1.6 Active,2021,Vicente López - Bs.As. G.B.A. Norte,50879.0,14014.084507042253
Peugeot 208,Peugeot 208 1.6 Active,2021,San Fernando - Bs.As. G.B.A. Norte,26000.0,15697.18309859155
Peugeot 208,Peugeot 208 1.6 Active,2021,Capital Federal - Capital Federal,66000.0,14084.507042253521
Peugeot 208,Peugeot 208 1.6 Active,2021,Quilmes - Bs.As. G.B.A. Sur,45000.0,15492.957746478873
Peugeot 208,Peugeot 208 1.0t Gt,2025,Merlo - Bs.As. G.B.A. Oeste,1000.0,26021.12676056338
Peugeot 208,Peugeot 208 1.0 T200 Gt Cvt,2026,Beccar - Bs.As. G.B.A. Norte,0.0,21352.11267605634
Peugeot 208,Peugeot 208 1.6 Allure At,2026,Vicente López - Bs.As. G.B.A. Norte,0.0,22253.521126760563
Peugeot 208,Peugeot 208 1.6 Allure,2023,Capital Federal - Capital Federal,23000.0,16800.0
Peugeot 208,Peugeot 208 1.0 T200 Gt Cvt,2026,Ezeiza - Bs.As. G.B.A. Sur,0.0,26126.852112676057
Peugeot 208,Peugeot 208 1.0 T200 Gt Cvt,2026,San Isidro - Bs.As. G.B.A. Norte,0.0,25000.0
Peugeot 208,Peugeot 208 1.0 T200 Gt Cvt,2026,Ituzaingó - Bs.As. G.B.A. Oeste,0.0,21830.985915492958
Peugeot 208,Peugeot 208 1.6 Feline Tiptronic,2021,Tigre - Bs.As. G.B.A. Norte,90000.0,15140.845070422536
Peugeot 208,Peugeot 208 1.0 T200 Allure Pack Cvt,2026,Vicente López - Bs.As. G.B.A. Norte,0.0,24154.929577464787
Peugeot 208,Peugeot 208 1.6 Active Pack,2024,General Rodríguez - Buenos Aires Interior,46000.0,19014.084507042255
Peugeot 208,Peugeot 208 1.6 Active Pack,2024,Lanús - Bs.As. G.B.A. Sur,9000.0,18000.0
Peugeot 208,Peugeot 208 1.6 Active,2019,Esteban Echeverría - Bs.As. G.B.A. Sur,30000.0,13800.0
Peugeot 208,Peugeot 208 1.6 Gt Thp,2018,Capital Federal - Capital Federal,87000.0,13000.0
Peugeot 208,Peugeot 208 1.6 Xy,2014,San Isidro - Bs.As. G.B.A. Norte,132000.0,11000.0
Peugeot 208,Peugeot 208 1.6l Allure Pack,2023,General San Martín - Bs.As. G.B.A. Norte,25200.0,17253.521126760563
Peugeot 208,Peugeot 208 1.6 Feline,2018,Lomas De Zamora - Bs.As. G.B.A. Sur,96238.0,12394.366197183099
Peugeot 208,Peugeot 208 1.6 Feline,2018,Almirante Brown - Bs.As. G.B.A. Sur,36000.0,15492.957746478873
Peugeot 208,Peugeot 208 1.6 Feline,2018,Tigre - Bs.As. G.B.A. Norte,119000.0,12790.0
Peugeot 208,Peugeot 208 1.6 Feline,2018,San Vicente - Buenos Aires Interior,150000.0,11500.0
Peugeot 208,Peugeot 208 1.6 Feline Pack Cuir,2014,Capital Federal - Capital Federal,104500.0,10900.0
Peugeot 208,Peugeot 208 1.6 Feline,2018,Capital Federal - Capital Federal,42000.0,13000.0
Peugeot 208,Peugeot 208 L/24 1.6 Allure,2024,Vicente López - Bs.As. G.B.A. Norte,58958.0,16830.985915492958
Peugeot 208,Peugeot 208 1.0t Gt,2024,La Matanza - Bs.As. G.B.A. Oeste,11000.0,22500.0
Peugeot 208,Peugeot 208 1.6 Allure Pack,2023,Capital Federal - Capital Federal,21200.0,17112.676056338027
Peugeot 208,Peugeot 208 1.6 Allure,2022,Ituzaingó - Bs.As. G.B.A. Oeste,85000.0,15000.0
Peugeot 208,Peugeot 208 1.6 Allure At,2026,Morón - Bs.As. G.B.A. Oeste,0.0,18802.816901408452
Peugeot 208,Peugeot 208 1.6 Allure,2018,Vicente López - Bs.As. G.B.A. Norte,123000.0,9400.0
Peugeot 208,Peugeot 208 1.6 Allure Tiptronic,2021,La Matanza - Bs.As. G.B.A. Oeste,55000.0,15500.0
Peugeot 208,Peugeot 208 1.6 Active,2021,Caseros - Bs.As. G.B.A. Oeste,58000.0,15492.957746478873
Peugeot 208,Peugeot 208 1.0 T200 Gt Cvt,2026,La Matanza - Bs.As. G.B.A. Oeste,0.0,23943.661971830985
Peugeot 208,Peugeot 208 1.6 Allure Nav Tiptronic,2019,Capital Federal - Capital Federal,52033.0,12387.323943661971
Peugeot 208,Peugeot 208 1.6 Allure At,2026,Capital Federal - Capital Federal,0.0,22042.323943661973
Peugeot 208,Peugeot 208 1.6 Allure Tiptronic,2022,Capital Federal - Capital Federal,20000.0,18900.0
Peugeot 208,Peugeot 208 1.0 T200 Allure Pack Cvt,2026,Lomas De Zamora - Bs.As. G.B.A. Sur,5000.0,22535.211267605635
Peugeot 208,Peugeot 208 1.6 Feline Tiptronic,2021,Berisso - Buenos Aires Interior,69000.0,15492.957746478873
Peugeot 208,Peugeot 208 1.5 Allure Touchscreen,2016,La Plata - Bs.As. G.B.A. Sur,118000.0,10422.535211267606
Peugeot 208,Peugeot 208 1.6 Active,2021,San Isidro - Bs.As. G.B.A. Norte,92000.0,13250.0
Peugeot 208,Peugeot 208 1.6 Feline,2013,La Matanza - Bs.As. G.B.A. Oeste,188000.0,9000.0
Peugeot 208,Peugeot 208 1.0 T200 Gt Cvt,2026,Capital Federal - Capital Federal,0.0,24647.88732394366
Peugeot 208,Peugeot 208 1.6 Allure Tiptronic,2025,Quilmes - Bs.As. G.B.A. Sur,0.0,23943.661971830985
Peugeot 208,Peugeot 208 1.6 Feline Tiptronic,2022,General San Martín - Bs.As. G.B.A. Norte,17800.0,19000.0
Peugeot 208,Peugeot 208 1.6 Gt Thp,2018,La Matanza - Bs.As. G.B.A. Oeste,79000.0,14500.0
Peugeot 208,Peugeot 208 1.0t Gt,2025,Brandsen - Buenos Aires Interior,0.0,25626.76056338028
Peugeot 208,Peugeot 208 1.5 Active,2017,Capital Federal - Capital Federal,110000.0,8900.0
Peugeot 208,Peugeot 208 1.6l Active Pack Tiptronic,2023,Capital Federal - Capital Federal,9500.0,17338.028169014084
Peugeot 208,Peugeot 208 1.6 Active Tiptronic,2023,General San Martín - Bs.As. G.B.A. Norte,32500.0,16900.0
Peugeot 208,Peugeot 208 1.6 Feline,2018,General San Martín - Bs.As. G.B.A. Norte,66489.0,13500.0
Peugeot 208,Peugeot 208 1.6 Feline,2018,Tigre - Bs.As. G.B.A. Norte,93000.0,12300.0
Peugeot 208,Peugeot 208 1.6 Feline,2019,Capital Federal - Capital Federal,59345.0,14500.0
Peugeot 208,Peugeot 208 Gt T200 Am25,2025,La Plata - Bs.As. G.B.A. Sur,2000.0,26760.563380281692
Peugeot 208,Peugeot 208 1.0 T200 Gt Cvt,2025,Capital Federal - Capital Federal,15000.0,22535.211267605635
Peugeot 208,Peugeot 208 1.6 Feline Tiptronic,2022,Ituzaingó - Bs.As. G.B.A. Oeste,24800.0,20000.0
Peugeot 208,Peugeot 208 1.5 Allure,2014,San Isidro - Bs.As. G.B.A. Norte,115000.0,9154.929577464789
Peugeot 208,Peugeot 208 1.6 Gt Thp,2017,Lomas De Zamora - Bs.As. G.B.A. Sur,84000.0,14000.0
Peugeot 208,Peugeot 208 1.6 Gt Thp,2020,Mercedes - Buenos Aires Interior,55000.0,15492.957746478873
Peugeot 208,Peugeot 208 1.6 Allure,2020,Capital Federal - Capital Federal,24600.0,15422.535211267606
Peugeot 208,Peugeot 208 1.6 Allure,2020,Capital Federal - Capital Federal,44000.0,15492.957746478873
Peugeot 208,Peugeot 208 1.6 Allure,2020,Vicente López - Bs.As. G.B.A. Norte,44000.0,15400.0
Peugeot 208,Peugeot 208 1.5 Active,2017,Capital Federal - Capital Federal,94000.0,10563.38028169014
Peugeot 208,Peugeot 208 1.5 Active,2017,Tres De Febrero - Bs.As. G.B.A. Oeste,72000.0,10915.492957746479
Peugeot 208,Peugeot 208 1.6l Active Pack Tiptronic,2023,Lobos - Buenos Aires Interior,41100.0,14788.732394366198
Peugeot 208,Peugeot 208 1.6 Allure Pack,2023,Capital Federal - Capital Federal,29000.0,17253.521126760563
Peugeot 208,Peugeot 208 1.6 Feline,2013,Capital Federal - Capital Federal,199000.0,9084.507042253521
Peugeot 208,Peugeot 208 1.6 Feline,2013,Quilmes - Bs.As. G.B.A. Sur,97000.0,10500.0
Peugeot 208,Peugeot 208 1.0t Gt,2025,Ezeiza - Bs.As. G.B.A. Sur,0.0,23338.028169014084
Peugeot 208,Peugeot 208 1.6 Allure Pack,2023,Morón - Bs.As. G.B.A. Oeste,52900.0,16549.295774647886
Peugeot 208,Peugeot 208 1.0 T200 Gt Cvt,2026,La Matanza - Bs.As. G.B.A. Oeste,0.0,24647.88732394366
Peugeot 208,Peugeot 208 1.0 T200 Gt Cvt,2026,San Isidro - Bs.As. G.B.A. Norte,0.0,24295.774647887323
Peugeot 208,Peugeot 208 1.0 T200 Gt Cvt,2026,Vicente López - Bs.As. G.B.A. Norte,0.0,24295.774647887323
Peugeot 208,Peugeot 208 1.0 T200 Gt Cvt,2026,General Rodríguez - Bs.As. G.B.A. Oeste,0.0,26830.985915492958
Peugeot 208,Peugeot 208 1.0 T200 Gt Cvt,2026,Lomas De Zamora - Bs.As. G.B.A. Sur,0.0,26760.563380281692
Peugeot 208,Peugeot 208 1.0 T200 Gt Cvt,2026,Ituzaingó - Bs.As. G.B.A. Oeste,0.0,26690.140845070422
Peugeot 208,Peugeot 208 1.0 T200 Gt Cvt,2026,Vicente López - Bs.As. G.B.A. Norte,0.0,24577.464788732395
Peugeot 208,Peugeot 208 1.0 T200 Gt Cvt,2026,Caseros - Bs.As. G.B.A. Oeste,0.0,27744.577464788734
Peugeot 208,Peugeot 208 1.0 T200 Gt Cvt,2026,Capital Federal - Capital Federal,0.0,26056.338028169015
Peugeot 208,Peugeot 208 1.0 T200 Gt Cvt,2026,Capital Federal - Capital Federal,0.0,24647.88732394366
Peugeot 208,Peugeot 208 1.0 T200 Gt Cvt,2026,Lomas De Zamora - Bs.As. G.B.A. Sur,0.0,24647.88732394366
Peugeot 208,Peugeot 208 1.0 T200 Gt Cvt,2026,Lomas De Zamora - Bs.As. G.B.A. Sur,0.0,31690.140845070422
Peugeot 208,Peugeot 208 1.0 T200 Gt Cvt,2026,Lomas De Zamora - Bs.As. G.B.A. Sur,0.0,25000.0
Peugeot 208,Peugeot 208 1.0 T200 Gt Cvt,2026,Lomas De Zamora - Bs.As. G.B.A. Sur,0.0,24647.88732394366
Peugeot 208,Peugeot 208 1.0 T200 Gt Cvt,2026,Lomas De Zamora - Bs.As. G.B.A. Sur,0.0,24647.88732394366
Peugeot 208,Peugeot 208 1.0t Gt,2026,La Matanza - Bs.As. G.B.A. Oeste,0.0,25691.548591549297
Peugeot 208,Peugeot 208 1.0 T200 Gt Cvt,2026,Capital Federal - Capital Federal,0.0,25563.38028169014
Peugeot 208,Peugeot 208 1.0 T200 Gt Cvt,2026,Capital Federal - Capital Federal,0.0,26866.197183098593
Peugeot 208,Peugeot 208 1.0 T200 Gt Cvt,2026,Capital Federal - Capital Federal,0.0,26866.197183098593
Peugeot 208,Peugeot 208 1.0 T200 Gt Cvt,2026,Hurlingham - Bs.As. G.B.A. Oeste,0.0,26478.87323943662
Peugeot 208,Peugeot 208 1.0 T200 Gt Cvt,2026,Avellaneda - Bs.As. G.B.A. Sur,0.0,23936.61971830986
Peugeot 208,Peugeot 208 1.0 T200 Gt Cvt,2026,San Isidro - Bs.As. G.B.A. Norte,0.0,23866.197183098593
Peugeot 208,Peugeot 208 1.0t Gt,2026,Capital Federal - Capital Federal,0.0,25000.704225352114
Peugeot 208,Peugeot 208 1.0 T200 Gt Cvt,2026,San Isidro - Bs.As. G.B.A. Norte,0.0,24640.845070422536
Peugeot 208,Peugeot 208 1.0t Gt,2026,Capital Federal - Capital Federal,0.0,25563.802816901407
Peugeot 208,Peugeot 208 1.0t Gt,2026,Capital Federal - Capital Federal,0.0,25563.732394366198
Peugeot 208,Peugeot 208 1.0t Gt,2026,Capital Federal - Capital Federal,0.0,25563.661971830985
Peugeot 208,Peugeot 208 1.0t Gt,2026,Capital Federal - Capital Federal,0.0,25001.408450704224
Peugeot 208,Peugeot 208 1.0t Gt,2026,Capital Federal - Capital Federal,0.0,25564.014084507042
Peugeot 208,Peugeot 208 1.0 T200 Gt Cvt,2026,Lomas De Zamora - Bs.As. G.B.A. Sur,0.0,24647.88732394366
Peugeot 208,Peugeot 208 1.0t Gt,2026,Capital Federal - Capital Federal,0.0,25000.0
Peugeot 208,Peugeot 208 1.0t Gt,2026,Capital Federal - Capital Federal,0.0,25563.450704225354
Peugeot 208,Peugeot 208 1.0 T200 Gt Cvt,2026,San Isidro - Bs.As. G.B.A. Norte,0.0,25633.802816901407
Peugeot 208,Peugeot 208 1.0 T200 Gt Cvt,2026,San Fernando - Bs.As. G.B.A. Norte,0.0,26408.450704225354
Peugeot 208,Peugeot 208 1.0t Gt,2026,Capital Federal - Capital Federal,0.0,25563.661971830985
Peugeot 208,Peugeot 208 1.0 T200 Gt Cvt,2026,Capital Federal - Capital Federal,0.0,25352.11267605634
Peugeot 208,Peugeot 208 1.0 T200 Gt Cvt,2026,Capital Federal - Capital Federal,0.0,25000.0
Peugeot 208,Peugeot 208 1.0 T200 Gt Cvt,2026,Capital Federal - Capital Federal,0.0,25985.915492957745
Peugeot 208,Peugeot 208 1.0 T200 Gt Cvt,2026,Moreno - Bs.As. G.B.A. Oeste,0.0,26056.338028169015
Peugeot 208,Peugeot 208 1.0 T200 Gt Cvt,2026,Capital Federal - Capital Federal,0.0,25345.070422535213
Peugeot 208,Peugeot 208 1.0 T200 Gt Cvt,2026,Vicente López - Bs.As. G.B.A. Norte,0.0,25352.11267605634
