modelo,titulo,año,ubicacion,km_num,precio_usd
Toyota Etios,Toyota Etios 1.5 Sedan Xls,2018,Capital Federal - Capital Federal,89000.0,13200.0
Toyota Etios,Toyota Etios 1.5 Sedan Xls,2018,Capital Federal - Capital Federal,133000.0,12066.666666666666
Toyota Etios,Toyota Etios 1.5 Sedan Xls,2016,Avellaneda - Bs.As. G.B.A. Sur,101000.0,7666.666666666667
Toyota Etios,Toyota Etios 1.5 Xls,2021,San Miguel - Bs.As. G.B.A. Norte,80000.0,17000.0
Toyota Etios,Toyota Etios 1.5 5 Ptas Xls 4at,2017,Vicente López - Bs.As. G.B.A. Norte,47000.0,12000.0
Toyota Etios,Toyota Etios 1.5 Sedan Xls,2021,Quilmes - Bs.As. G.B.A. Sur,30000.0,15666.0
Toyota Etios,Toyota Etios 1.5 Sedan Xls,2019,Capital Federal - Capital Federal,55600.0,14000.0
Toyota Etios,Toyota Etios 1.5 Xs,2016,Vicente López - Bs.As. G.B.A. Norte,150000.0,9666.666666666666
Toyota Etios,Toyota Etios 1.5 Platinum At,2017,Tres De Febrero - Bs.As. G.B.A. Oeste,148000.0,12500.0
Toyota Etios,Toyota Etios 1.5 Platinum At,2018,Capital Federal - Capital Federal,153200.0,11999.0
Toyota Etios,Toyota Etios 1.5 X 6mt My19,2020,Tres De Febrero - Bs.As. G.B.A. Oeste,80000.0,15000.0
Toyota Etios,Toyota Etios 1.5 Xls,2021,Capital Federal - Capital Federal,34000.0,14266.666666666666
Toyota Etios,Toyota Etios 1.5 Xls,2021,Capital Federal - Capital Federal,39000.0,14219.333333333334
Toyota Etios,Toyota Etios 1.5 Xls Pack,2022,Capital Federal - Capital Federal,67000.0,17500.0
Toyota Etios,Toyota Etios 1.5 Xls At,2023,La Matanza - Bs.As. G.B.A. Oeste,8520.0,18200.0
Toyota Etios,Toyota Etios 1.5 Sedan Xls At,2021,Capital Federal - Capital Federal,43000.0,15500.0
Toyota Etios,Toyota Etios 1.5 Xls At,2021,San Isidro - Bs.As. G.B.A. Norte,67085.0,17000.0
Toyota Etios,Toyota Etios 1.5 Xls At,2021,Capital Federal - Capital Federal,62000.0,17990.0
Toyota Etios,Toyota Etios 1.5 Sedan Xls,2016,La Matanza - Bs.As. G.B.A. Oeste,97000.0,11000.0
Toyota Etios,Toyota Etios 1.5 Sedan Xls,2021,Lobos - Buenos Aires Interior,88196.0,15200.0
Toyota Etios,Toyota Etios 1.5 Xs,2017,Vicente López - Bs.As. G.B.A. Norte,110000.0,10333.333333333334
Toyota Etios,Toyota Etios 1.5 Xs,2017,La Plata - Bs.As. G.B.A. Sur,130000.0,9933.333333333334
Toyota Etios,Toyota Etios 1.5 Xls At,2017,Vicente López - Bs.As. G.B.A. Norte,63000.0,14333.333333333334
Toyota Etios,Toyota Etios 1.5 Xls,2017,Capital Federal - Capital Federal,101300.0,11666.666666666666
Toyota Etios,Toyota Etios 1.5 Sedan Xls,2023,San Isidro - Bs.As. G.B.A. Norte,32000.0,19500.0
Toyota Etios,Toyota Etios 1.5 Sedan X,2018,La Plata - Bs.As. G.B.A. Sur,106110.0,11000.0
Toyota Etios,Toyota Etios 1.5 Xls My19,2019,Zárate - Buenos Aires Interior,32500.0,15900.0
Toyota Etios,Toyota Etios 1.5 Platinum At,2018,Ituzaingó - Bs.As. G.B.A. Oeste,153000.0,12600.0
Toyota Etios,Toyota Etios 1.5 Xls,2020,Avellaneda - Bs.As. G.B.A. Sur,55500.0,16800.0
Toyota Etios,Toyota Etios 1.5 X 6mt My19,2023,Capital Federal - Capital Federal,37000.0,13200.0
Toyota Etios,Toyota Etios 1.5 Sedan Xls,2018,Florencio Varela - Bs.As. G.B.A. Sur,49450.0,19000.0
Toyota Etios,Toyota Etios 1.5 Xls,2021,Capital Federal - Capital Federal,34000.0,14246.666666666666
Toyota Etios,Toyota Etios 1.5 X 6mt My19,2023,Avellaneda - Bs.As. G.B.A. Sur,70000.0,13933.333333333334
Toyota Etios,Toyota Etios 1.5 Sedan Xls,2023,Morón - Bs.As. G.B.A. Oeste,12501.0,21800.0
Toyota Etios,Toyota Etios 1.5 Xls,2021,Lanús - Bs.As. G.B.A. Sur,78000.0,14333.333333333334
Toyota Etios,Toyota Etios 1.5 X 6mt My19,2018,Capital Federal - Capital Federal,106000.0,12900.0
Toyota Etios,Toyota Etios 1.5 Xs My19,2020,Campana - Buenos Aires Interior,100000.0,14200.0
Toyota Etios,Toyota Etios 1.5 Xls Auto,2021,Capital Federal - Capital Federal,76552.0,13893.333333333334
Toyota Etios,Toyota Etios 1.5 Xls Pack,2022,Capital Federal - Capital Federal,81000.0,13746.666666666666
Toyota Etios,Toyota Etios 1.5 Xls At,2021,Capital Federal - Capital Federal,33000.0,18300.0
Toyota Etios,Toyota Etios 1.5 Xls At,2022,Monte - Buenos Aires Interior,74000.0,18000.0
Toyota Etios,Toyota Etios 1.5 Xls,2021,Capital Federal - Capital Federal,47167.0,14533.333333333334
Toyota Etios,Toyota Etios 1.5 Sedan Xls At,2018,Capital Federal - Capital Federal,120000.0,12333.333333333334
Toyota Etios,Toyota Etios 1.5 Sedan Xls At,2023,Capital Federal - Capital Federal,28000.0,17866.666666666668
Toyota Etios,Toyota Etios 1.5 X 6mt My19,2020,Capital Federal - Capital Federal,17500.0,13666.666666666666
Toyota Etios,Toyota Etios 1.5 Xls,2020,Castelar - Bs.As. G.B.A. Oeste,48500.0,16400.0
Toyota Etios,Toyota Etios 1.5 Xls At,2022,San Isidro - Bs.As. G.B.A. Norte,76000.0,18500.0
Toyota Etios,Toyota Etios 1.5 Sedan Xls,2022,Capital Federal - Capital Federal,63000.0,17300.0
Toyota Etios,Toyota Etios 1.5 Xls At,2021,Ezeiza - Bs.As. G.B.A. Sur,64000.0,18000.0
Toyota Etios,Toyota Etios 1.5 Xls At,2022,Pilar - Bs.As. G.B.A. Norte,56000.0,18000.0
Toyota Etios,Toyota Etios 1.5 Xls At,2023,Tres De Febrero - Bs.As. G.B.A. Oeste,8526.0,18200.0
Toyota Etios,Toyota Etios 1.5 Xls 2016,2016,Tigre - Bs.As. G.B.A. Norte,145000.0,9913.333333333334
Toyota Etios,Toyota Etios 1.5 Xls Pack,2022,Capital Federal - Capital Federal,54306.0,14240.0
Toyota Etios,Toyota Etios 1.5 Sedan Xls At,2017,Avellaneda - Bs.As. G.B.A. Sur,85000.0,12333.333333333334
Toyota Etios,Toyota Etios 1.5 X 6mt My19,2019,Ituzaingó - Bs.As. G.B.A. Oeste,51000.0,14400.0
Toyota Etios,Toyota Etios 1.5 Sedan Xls,2016,Avellaneda - Bs.As. G.B.A. Sur,101000.0,7666.0
Toyota Etios,Toyota Etios 1.5 Xls At,2018,Capital Federal - Capital Federal,81000.0,13000.0
Toyota Etios,Toyota Etios 1.5 X 6mt My19,2021,Escobar - Bs.As. G.B.A. Norte,70000.0,13500.0
Toyota Etios,Toyota Etios 1.5 X 6mt My19,2023,Vicente López - Bs.As. G.B.A. Norte,65000.0,14000.0
Toyota Etios,Toyota Etios 1.5 X 6mt My19,2022,Tigre - Bs.As. G.B.A. Norte,115000.0,12333.333333333334
Toyota Etios,Toyota Etios 1.5 X,2021,Capital Federal - Capital Federal,45600.0,14826.666666666666
Toyota Etios,Toyota Etios 1.5 Sedan Xls,2017,Tigre - Bs.As. G.B.A. Norte,200000.0,9666.666666666666
Toyota Etios,Toyota Etios 1.5 Xls,2022,Luján - Buenos Aires Interior,46000.0,15666.666666666666
Toyota Etios,Toyota Etios Xls,2016,Capital Federal - Capital Federal,100271.0,12000.0
Toyota Etios,Toyota Etios 1.5 Sedan Platinum At,2018,Capital Federal - Capital Federal,80800.0,14100.0
Toyota Etios,Toyota Etios 1.5 Xls My19,2019,La Plata - Bs.As. G.B.A. Sur,100000.0,14333.333333333334
Toyota Etios,Toyota Etios 1.5 Xls,2020,Capital Federal - Capital Federal,46315.0,16033.333333333334
Toyota Etios,Toyota Etios 1.5 X 6mt My19,2023,Escobar - Bs.As. G.B.A. Norte,84000.0,14666.666666666666
Toyota Etios,Toyota Etios 1.5 Sedan Xls,2022,Capital Federal - Capital Federal,90000.0,14333.333333333334
Toyota Etios,Toyota Etios 1.5 Sedan X,2021,Del Viso - Bs.As. G.B.A. Norte,150000.0,14000.0
Toyota Etios,Toyota Etios 1.5 Xls At,2017,San Isidro - Bs.As. G.B.A. Norte,87500.0,14700.0
Toyota Etios,Toyota Etios 1.5 X 6mt My19,2023,Vicente López - Bs.As. G.B.A. Norte,8900.0,15933.333333333334
Toyota Etios,Toyota Etios 1.5 Xls My19,2019,Vicente López - Bs.As. G.B.A. Norte,56532.0,15700.0
Toyota Etios,Toyota Etios 1.5 Sedan Xls At,2022,Tigre - Bs.As. G.B.A. Norte,22000.0,17666.666666666668
Toyota Etios,Toyota Etios 1.5 Xls At,2018,Capital Federal - Capital Federal,165000.0,12333.333333333334
Toyota Etios,Toyota Etios 1.5 Sedan Xls At,2023,Capital Federal - Capital Federal,18900.0,21000.0
Toyota Etios,Toyota Etios 1.5 Xls At,2022,Capital Federal - Capital Federal,14000.0,20300.0
Toyota Etios,Toyota Etios 1.5 Sedan Xls,2019,San Isidro - Bs.As. G.B.A. Norte,88000.0,13500.0
Toyota Etios,Toyota Etios 1.5 Xls,2017,Capital Federal - Capital Federal,92000.0,14150.0
Toyota Etios,Toyota Etios 1.5 Sedan Xls At,2019,Ituzaingó - Bs.As. G.B.A. Oeste,76000.0,14933.333333333334
Toyota Etios,Toyota Etios 1.5 Xls 6m/t,2017,Capital Federal - Capital Federal,109000.0,13499.0
Toyota Etios,Toyota Etios 1.5 Sedan X,2022,Moreno - Bs.As. G.B.A. Oeste,95000.0,11933.333333333334
Toyota Etios,Toyota Etios 1.5 X 6mt My19,2018,Capital Federal - Capital Federal,72000.0,14500.0
Toyota Etios,Toyota Etios 1.5 Xls At,2019,La Plata - Bs.As. G.B.A. Sur,60000.0,16500.0
Toyota Etios,Toyota Etios 1.5 Sedan Xs,2017,La Plata - Bs.As. G.B.A. Sur,159000.0,10333.333333333334
Toyota Etios,Toyota Etios 1.5 Sedan X,2019,Capital Federal - Capital Federal,79000.0,11993.266666666666
Toyota Etios,Toyota Etios 1.5 Sedan Xls,2019,Campana - Buenos Aires Interior,175000.0,12600.0
Toyota Etios,Toyota Etios 1.5 Xls At,2021,Hurlingham - Bs.As. G.B.A. Oeste,67000.0,17300.0
Toyota Etios,Toyota Etios 1.5 Xls,2017,Tigre - Bs.As. G.B.A. Norte,70000.0,14000.0
Toyota Etios,Toyota Etios 1.5 Sedan Xls,2018,Capital Federal - Capital Federal,147000.0,12900.0
Toyota Etios,Toyota Etios 1.5 Sedan Xls,2023,Moreno - Bs.As. G.B.A. Oeste,0.0,22500.0
Toyota Etios,Toyota Etios 1.5 Xls Mt,2018,San Isidro - Bs.As. G.B.A. Norte,60000.0,13000.0
Toyota Etios,Toyota Etios 1.5 Sedan X,2019,Tigre - Bs.As. G.B.A. Norte,153000.0,11533.333333333334
Toyota Etios,Toyota Etios 1.5 Sedan Xls My19,2023,Capital Federal - Capital Federal,50000.0,15266.666666666666
Toyota Etios,Toyota Etios 1.5 Sedan Xls,2022,Capital Federal - Capital Federal,60000.0,15000.0
Toyota Etios,Toyota Etios 1.5 Sedan Xls,2021,Capital Federal - Capital Federal,47147.0,14533.333333333334
Toyota Etios,Toyota Etios 1.5 X 6mt My19,2020,Capital Federal - Capital Federal,97000.0,12800.0
Toyota Etios,Toyota Etios 1.5 X 6mt My19,2021,Capital Federal - Capital Federal,99300.0,12666.666666666666
Toyota Etios,Toyota Etios 1.5 Xls At,2018,Capital Federal - Capital Federal,97000.0,13266.666666666666
Toyota Etios,Toyota Etios 1.5 Sedan Xls,2016,La Matanza - Bs.As. G.B.A. Oeste,97000.0,11000.0
Toyota Etios,Toyota Etios 1.5 Sedan Xls,2019,Ituzaingó - Bs.As. G.B.A. Oeste,101142.0,13100.0
Toyota Etios,Toyota Etios 1.5 Xs,2016,Capital Federal - Capital Federal,83700.0,10600.0
Toyota Etios,Toyota Etios 1.5 Xls At,2021,Capital Federal - Capital Federal,26000.0,18000.0
Toyota Etios,Toyota Etios 1.5 Sedan X,2022,Capital Federal - Capital Federal,66800.0,13200.0
Toyota Etios,Toyota Etios 1.5 Xls At,2021,San Isidro - Bs.As. G.B.A. Norte,32000.0,17000.0
Toyota Etios,Toyota Etios Xls Pack 1.5 6m/t,2022,San Isidro - Bs.As. G.B.A. Norte,70000.0,13666.666666666666
Toyota Etios,Toyota Etios 1.5 Platinum At,2017,Castelar - Bs.As. G.B.A. Oeste,92000.0,13332.666666666666
Toyota Etios,Toyota Etios 1.5 Sedan Xls,2018,Capital Federal - Capital Federal,72000.0,13500.0
Toyota Etios,Toyota Etios 1.5 Sedan Xls L18,2018,Capital Federal - Capital Federal,161884.0,11326.666666666666
Toyota Etios,Toyota Etios 1.5 Sedan Xls At,2023,Capital Federal - Capital Federal,65000.0,15993.266666666666
Toyota Etios,Toyota Etios 1.5 Xls,2020,La Matanza - Bs.As. G.B.A. Oeste,60000.0,13666.666666666666
Toyota Etios,Toyota Etios 1.5 Xs,2017,Tigre - Bs.As. G.B.A. Norte,128500.0,10660.0
Toyota Etios,Toyota Etios 1.5 Sedan X,2021,Hurlingham - Bs.As. G.B.A. Oeste,200000.0,10666.666666666666
Toyota Etios,Toyota Etios 1.5 Xls At,2018,Lomas De Zamora - Bs.As. G.B.A. Sur,73000.0,15133.333333333334
Toyota Etios,Toyota Etios 1.5 Sedan X,2022,Capital Federal - Capital Federal,38000.0,13866.666666666666
Toyota Etios,Toyota Etios 1.5 X 6mt My19,2021,Escobar - Bs.As. G.B.A. Norte,130000.0,12500.0
Toyota Etios,Toyota Etios 1.5 Sedan Xls,2018,Avellaneda - Bs.As. G.B.A. Sur,90000.0,11266.666666666666
Toyota Etios,Toyota Etios 1.5 Sedan Xls,2018,La Plata - Bs.As. G.B.A. Sur,65500.0,13333.333333333334
Toyota Etios,Toyota Etios 1.5 Sedan X,2021,Lomas De Zamora - Bs.As. G.B.A. Sur,70000.0,13000.0
Toyota Etios,Toyota Etios 1.5 Xls,2017,Capital Federal - Capital Federal,75000.0,11866.666666666666
Toyota Etios,Toyota Etios 1.5 Sedan Xls At,2019,Capital Federal - Capital Federal,97000.0,14666.666666666666
Toyota Etios,Toyota Etios 1.5 Xs My19,2018,Pilar - Bs.As. G.B.A. Norte,130000.0,11800.0
Toyota Etios,Toyota Etios 1.5 Sedan Xls My19,2018,Capital Federal - Capital Federal,110000.0,12000.0
Toyota Etios,Toyota Etios 1.5 Xls At,2021,Luján - Buenos Aires Interior,70000.0,18900.0
Toyota Etios,Toyota Etios 1.5 X 6mt My19,2021,Vicente López - Bs.As. G.B.A. Norte,50000.0,15000.0
Toyota Etios,Toyota Etios 1.5 Xls,2022,La Plata - Bs.As. G.B.A. Sur,48000.0,16660.0
Toyota Etios,Toyota Etios 1.5 Xls At,2016,San Isidro - Bs.As. G.B.A. Norte,115000.0,11666.666666666666
Toyota Etios,Toyota Etios 1.5 Xls,2017,Tigre - Bs.As. G.B.A. Norte,78000.0,13966.666666666666
Toyota Etios,Toyota Etios 1.5 Xls At,2019,Capital Federal - Capital Federal,75000.0,15500.0
Toyota Etios,Toyota Etios 1.5 Platinum At,2017,Morón - Bs.As. G.B.A. Oeste,80000.0,14999.0
Toyota Etios,Toyota Etios 1.5 Xs,2016,Capital Federal - Capital Federal,100000.0,9333.333333333334
Toyota Etios,Toyota Etios 1.5 Xls At,2018,Capital Federal - Capital Federal,72000.0,15999.0
Toyota Etios,Toyota Etios 1.5 Xls,2017,Morón - Bs.As. G.B.A. Oeste,101000.0,12666.666666666666
Toyota Etios,Toyota Etios 1.5 Xls At,2018,Capital Federal - Capital Federal,165000.0,12333.333333333334
Toyota Etios,Toyota Etios 1.5 Xls At,2018,Capital Federal - Capital Federal,165000.0,12333.333333333334
Toyota Etios,Toyota Etios 1.5 Xls At,2018,Lanús - Bs.As. G.B.A. Sur,65000.0,12660.0
Toyota Etios,Toyota Etios 1.5 Xls At,2018,Hurlingham - Bs.As. G.B.A. Oeste,135000.0,12333.333333333334
Toyota Etios,Toyota Etios Xls 5p,2018,Capital Federal - Capital Federal,80000.0,13000.0
Toyota Etios,Toyota Etios 1.5 Xls,2017,Morón - Bs.As. G.B.A. Oeste,94000.0,10600.0
Toyota Etios,Toyota Etios 1.5 Platinum 4 P Automática,2017,Brandsen - Buenos Aires Interior,117000.0,11866.666666666666
Toyota Etios,Toyota Etios 1.5 Sedan Xls At,2023,Moreno - Bs.As. G.B.A. Oeste,0.0,24000.0
Toyota Etios,Toyota Etios Xls Pack 1.5 4a/t,2022,Escobar - Bs.As. G.B.A. Norte,100000.0,16700.0
Toyota Etios,Toyota Etios 1.5 Xls At,2021,Vicente López - Bs.As. G.B.A. Norte,38000.0,18500.0
Toyota Etios,Toyota Etios 1.5 Platinum 4 P Automática 5 Marchas,2017,Capital Federal - Capital Federal,76000.0,15000.0
Toyota Etios,Toyota Etios 1.5 X 6mt My19,2019,General San Martín - Bs.As. G.B.A. Norte,88000.0,11800.0
Toyota Etios,Toyota Etios 1.5 Xls At,2017,Ezeiza - Bs.As. G.B.A. Sur,86000.0,15500.0
Toyota Etios,Toyota Etios 1.5 Sedan Xls At,2020,Avellaneda - Bs.As. G.B.A. Sur,84300.0,15200.0
Toyota Etios,Toyota Etios 1.5 Sedan Xls,2017,Capital Federal - Capital Federal,78000.0,12000.0
Toyota Etios,Toyota Etios 1.5 Platinum At,2022,La Matanza - Bs.As. G.B.A. Oeste,42000.0,19500.0
Toyota Etios,Toyota Etios 1.5 Sedan Xls,2016,La Matanza - Bs.As. G.B.A. Oeste,97000.0,11000.0
Toyota Etios,Toyota Etios 1.5 Sedan Xls,2016,Tigre - Bs.As. G.B.A. Norte,162000.0,11500.0
Toyota Etios,Toyota Etios 1.5 X 6mt My19,2023,Escobar - Bs.As. G.B.A. Norte,44321.0,16000.0
Toyota Etios,Toyota Etios 1.5 X 6mt My19,2023,Capital Federal - Capital Federal,23000.0,17500.0
Toyota Etios,Toyota Etios 1.5 Xs My19,2018,Hurlingham - Bs.As. G.B.A. Oeste,94000.0,12500.0
Toyota Etios,Toyota Etios 1.5 Sedan Xls At,2017,General San Martín - Bs.As. G.B.A. Norte,75000.0,13006.666666666666
Toyota Etios,Toyota Etios 1.5 Xls At,2018,Pilar - Bs.As. G.B.A. Norte,80317.0,16000.0
Toyota Etios,Toyota Etios 1.5 Xls,2017,Hurlingham - Bs.As. G.B.A. Oeste,128800.0,11533.333333333334
Toyota Etios,Toyota Etios 1.5 Sedan Xs,2017,Capital Federal - Capital Federal,181000.0,9266.666666666666
Toyota Etios,Toyota Etios 1.5 Sedan Xls,2016,Cañuelas - Buenos Aires Interior,118000.0,10999.999333333333
Toyota Etios,Toyota Etios Aibo,2022,Capital Federal - Capital Federal,23000.0,12533.333333333334
Toyota Etios,Toyota Etios 1.5 Sedan X,2022,Capital Federal - Capital Federal,82000.0,13200.0
Toyota Etios,Toyota Etios 1.5 Xls,2017,Castelar - Bs.As. G.B.A. Oeste,101000.0,12666.666666666666
Toyota Etios,Toyota Etios 1.5 Xls,2022,Lanús - Bs.As. G.B.A. Sur,77000.0,16660.0
Toyota Etios,Toyota Etios 1.5 X 6mt My19,2020,Ezeiza - Bs.As. G.B.A. Sur,56000.0,16900.0
Toyota Etios,Toyota Etios 1.5 Xls At,2018,General Rodríguez - Bs.As. G.B.A. Oeste,80000.0,16000.0
Toyota Etios,Toyota Etios 1.5 X 6mt My19,2018,Capital Federal - Capital Federal,73210.0,14500.0
Toyota Etios,Toyota Etios 1.5 Sedan X,2022,Pilar - Bs.As. G.B.A. Norte,66630.0,14000.0
Toyota Etios,Toyota Etios 1.5 Xls,2017,Capital Federal - Capital Federal,115000.0,11900.0
Toyota Etios,Toyota Etios 1.5 Xls At,2021,Ituzaingó - Bs.As. G.B.A. Oeste,67000.0,19500.0
Toyota Etios,Toyota Etios 1.5 Sedan Xls,2018,Capital Federal - Capital Federal,173000.0,10333.333333333334
Toyota Etios,Toyota Etios 1.5 Xls At,2017,Ituzaingó - Bs.As. G.B.A. Oeste,85000.0,14000.0
Toyota Etios,Toyota Etios 1.5 Xls At,2017,Ituzaingó - Bs.As. G.B.A. Oeste,85000.0,14000.0
Toyota Etios,Toyota Etios 1.5 Xls At,2022,Vicente López - Bs.As. G.B.A. Norte,77300.0,19490.0
Toyota Etios,Toyota Etios 1.5 Xls At,2022,La Matanza - Bs.As. G.B.A. Oeste,59000.0,18800.0
Toyota Etios,Toyota Etios 1.5 Sedan Xls,2021,Capital Federal - Capital Federal,70000.0,15000.0
Toyota Etios,Toyota Etios 1.5 Sedan Xls,2021,Capital Federal - Capital Federal,62000.0,18500.0
Toyota Etios,Toyota Etios 1.5 Sedan Xls,2018,Pilar - Bs.As. G.B.A. Norte,190000.0,11300.0
Toyota Etios,Toyota Etios 1.5 Sedan Xs,2016,San Isidro - Bs.As. G.B.A. Norte,197000.0,8666.666666666666
Toyota Etios,Toyota Etios 1.5 Sedan Xls At,2023,Avellaneda - Bs.As. G.B.A. Sur,74000.0,15000.0
Toyota Etios,Toyota Etios 1.5 X 6mt My19,2018,Capital Federal - Capital Federal,102000.0,12100.0
Toyota Etios,Toyota Etios 1.5 X 6mt My19,2018,Moreno - Bs.As. G.B.A. Oeste,118000.0,14000.0
Toyota Etios,Toyota Etios 1.5 Sedan Xls My19,2019,Hurlingham - Bs.As. G.B.A. Oeste,65000.0,15000.0
Toyota Etios,Toyota Etios 1.5 Sedan Xls At,2016,Avellaneda - Bs.As. G.B.A. Sur,117000.0,11333.333333333334
Toyota Etios,Toyota Etios 1.5 Xs,2017,Escobar - Bs.As. G.B.A. Norte,101500.0,13533.333333333334
Toyota Etios,Toyota Etios 1.5 Xls At,2017,Almirante Brown - Bs.As. G.B.A. Sur,160000.0,12333.333333333334
Toyota Etios,Toyota Etios 1.5 Xls At,2017,Almirante Brown - Bs.As. G.B.A. Sur,54000.0,13333.333333333334
Toyota Etios,Toyota Etios 1.5 Sedan Xs,2016,Capital Federal - Capital Federal,97000.0,10333.333333333334
Toyota Etios,Toyota Etios Xls 1.5 6m/t,2018,La Matanza - Bs.As. G.B.A. Oeste,185700.0,12500.0
Toyota Etios,Toyota Etios 1.5 Xls At,2022,San Isidro - Bs.As. G.B.A. Norte,20000.0,20000.0
Toyota Etios,Toyota Etios 1.5 Xls Pack 6m/t,2023,Pilar - Bs.As. G.B.A. Norte,47554.0,18000.0
Toyota Etios,Toyota Etios Xls 1.5 4a/t 2017,2017,Pilar - Bs.As. G.B.A. Norte,172370.0,12333.333333333334
Toyota Etios,Toyota Etios 1.5 Xls 6m/t,2017,Monte - Buenos Aires Interior,164000.0,12999.0
Toyota Etios,Toyota Etios 1.5 Sedan Xls,2018,Capital Federal - Capital Federal,65000.0,11866.666666666666
Toyota Etios,Toyota Etios 1.5 X 6mt My19,2019,Avellaneda - Bs.As. G.B.A. Sur,116000.0,11333.333333333334
Toyota Etios,Toyota Etios 1.5 X 6mt My19,2019,General Rodríguez - Bs.As. G.B.A. Oeste,99700.0,11800.0
Toyota Etios,Toyota Etios 1.5 Sedan Xls,2017,Mercedes - Buenos Aires Interior,84800.0,13000.0
Toyota Etios,Toyota Etios 1.5 Platinum At,2017,Capital Federal - Capital Federal,76000.0,15800.0
Toyota Etios,Toyota Etios 1.5 Sedan Xls,2021,Moreno - Bs.As. G.B.A. Oeste,76000.0,12600.0
Toyota Etios,Toyota Etios 1.5 Xls,2018,Capital Federal - Capital Federal,38209.0,12966.666666666666
Toyota Etios,Toyota Etios 1.5 Sedan Xls,2016,Lomas De Zamora - Bs.As. G.B.A. Sur,125000.0,10333.333333333334
Toyota Etios,Toyota Etios 1.5 Xls At,2023,San Isidro - Bs.As. G.B.A. Norte,60000.0,19400.0
Toyota Etios,Toyota Etios 1.5 Xls Mt6 5p,2019,General San Martín - Bs.As. G.B.A. Norte,70338.0,13933.333333333334
Toyota Etios,Toyota Etios 1.5 Xls,2017,San Miguel - Bs.As. G.B.A. Norte,130000.0,13000.0
Toyota Etios,Toyota Etios 1.5 Sedan Xs,2018,Tigre - Bs.As. G.B.A. Norte,79000.0,12900.0
Toyota Etios,Toyota Etios 1.5 Xls At,2023,La Plata - Bs.As. G.B.A. Sur,62000.0,15866.666666666666
Toyota Etios,Toyota Etios 1.5 X Mt6 4p,2023,Malvinas Argentinas - Bs.As. G.B.A. Norte,73000.0,14733.333333333334
Toyota Etios,Toyota Etios 1.5 Sedan Xls L18,2018,San Miguel - Bs.As. G.B.A. Norte,76000.0,14000.0
Toyota Etios,Toyota Etios 1.5 Sedan Xls At,2023,Capital Federal - Capital Federal,5100.0,23000.0
Toyota Etios,Toyota Etios 1.5 X 6mt My19,2021,Capital Federal - Capital Federal,59000.0,17500.0
Toyota Corolla,Toyota Corolla 2.0 Xei Cvt 170cv,2024,Capital Federal - Capital Federal,49000.0,24666.666666666668
Toyota Corolla,Toyota Corolla 2.0 Seg Cvt 170cv,2021,Capital Federal - Capital Federal,63000.0,28250.0
Toyota Corolla,Toyota Corolla 1.8 Hev Xei Ecvt,2022,Escobar - Bs.As. G.B.A. Norte,68000.0,28500.0
Toyota Corolla,Toyota Corolla 2.0 Xli Cvt 171cv,2026,Capital Federal - Capital Federal,0.0,29388.0
Toyota Corolla,Toyota Corolla 1.8 Hev Seg Ecvt,2025,Capital Federal - Capital Federal,6500.0,32000.0
Toyota Corolla,Toyota Corolla 2.0 Xli Cvt 171cv,2025,Morón - Bs.As. G.B.A. Oeste,39000.0,28000.0
Toyota Corolla,Toyota Corolla 1.8 Hev Seg Ecvt,2021,Capital Federal - Capital Federal,67000.0,24500.0
Toyota Corolla,Toyota Corolla 2.0 Seg L/23 Cvt,2025,Vicente López - Bs.As. G.B.A. Norte,5000.0,30333.333333333332
Toyota Corolla,Toyota Corolla 1.8 Hev Seg Ecvt,2021,Pilar - Bs.As. G.B.A. Norte,61000.0,22600.0
Toyota Corolla,Toyota Corolla 2.0 Xli Mt 170cv,2023,Capital Federal - Capital Federal,26500.0,22600.0
Toyota Corolla,Toyota Corolla 2.0 Seg Cvt 170cv,2022,Zárate - Buenos Aires Interior,88000.0,22600.0
Toyota Corolla,Toyota Corolla 1.8 Hev Seg Ecvt,2022,San Fernando - Bs.As. G.B.A. Norte,30000.0,27000.0
Toyota Corolla,Toyota Corolla 1.8 Xei Cvt 140cv,2018,Capital Federal - Capital Federal,191000.0,16500.0
Toyota Corolla,Toyota Corolla 1.8 Xei Mt 140cv,2016,Pilar - Bs.As. G.B.A. Norte,146000.0,13333.333333333334
Toyota Corolla,Toyota Corolla 2.0 Gr-sport Cvt,2023,La Plata - Bs.As. G.B.A. Sur,28000.0,30000.0
Toyota Corolla,Toyota Corolla 1.8 Xei At,2017,Capital Federal - Capital Federal,123000.0,15266.666666666666
Toyota Corolla,Toyota Corolla 1.8 Xli Cvt 140cv,2017,Capital Federal - Capital Federal,122000.0,14666.666666666666
Toyota Corolla,Toyota Corolla 2.0 Xli Mt 170cv,2022,Almirante Brown - Bs.As. G.B.A. Sur,53000.0,19666.666666666668
Toyota Corolla,Toyota Corolla 1.8 Xli Mt 140cv,2016,Capital Federal - Capital Federal,129000.0,14659.933333333332
Toyota Corolla,Toyota Corolla 2.0 Xli Cvt,2023,Capital Federal - Capital Federal,24755.0,22853.333333333332
Toyota Corolla,Toyota Corolla 2.0 Gr-sport Cvt,2023,Escobar - Bs.As. G.B.A. Norte,90972.0,28000.0
Toyota Corolla,Toyota Corolla 1.8 Xei Cvt Pack 140cv,2017,Tigre - Bs.As. G.B.A. Norte,140000.0,17500.0
Toyota Corolla,Toyota Corolla 1.8 Xei Cvt Pack 140cv,2017,Pilar - Bs.As. G.B.A. Norte,138000.0,17900.0
Toyota Corolla,Toyota Corolla 1.8 Se-g Cvt 140cv,2019,Capital Federal - Capital Federal,91000.0,21500.0
Toyota Corolla,Toyota Corolla 1.8 Se-g Cvt 140cv,2017,Capital Federal - Capital Federal,98100.0,15466.666666666666
Toyota Corolla,Toyota Corolla 1.8 Se-g Cvt 140cv,2017,Capital Federal - Capital Federal,150000.0,20000.0
Toyota Corolla,Toyota Corolla 1.8 Se-g Cvt 140cv,2017,Escobar - Bs.As. G.B.A. Norte,52000.0,24000.0
Toyota Corolla,Toyota Corolla 1.8 Xei Cvt 140cv,2018,Vicente López - Bs.As. G.B.A. Norte,134000.0,18000.0
Toyota Corolla,Toyota Corolla 2.0 Xli Cvt 171cv,2025,San Isidro - Bs.As. G.B.A. Norte,21000.0,25990.0
Toyota Corolla,Toyota Corolla 1.8 Xei Mt 140cv,2016,Vicente López - Bs.As. G.B.A. Norte,120000.0,16000.0
Toyota Corolla,Toyota Corolla 2.0 Seg Cvt 170cv,2023,Tigre - Bs.As. G.B.A. Norte,62000.0,26600.0
Toyota Corolla,Toyota Corolla 1.8 Xei Cvt Pack 140cv,2016,San Miguel - Bs.As. G.B.A. Norte,167000.0,14333.333333333334
Toyota Corolla,Toyota Corolla 1.8 Xei Cvt 140cv,2016,Berazategui - Bs.As. G.B.A. Sur,10000.0,16000.0
Toyota Corolla,Toyota Corolla 1.8 Xei Mt 140cv,2019,Capital Federal - Capital Federal,130000.0,17333.333333333332
Toyota Corolla,Toyota Corolla 2.0 Seg Cvt 170cv,2024,General Rodríguez - Bs.As. G.B.A. Oeste,4000.0,29600.0
Toyota Corolla,Toyota Corolla 1.8 Xli,2017,Tigre - Bs.As. G.B.A. Norte,165000.0,16000.0
Toyota Corolla,Toyota Corolla 2.0 Seg Cvt 170cv,2023,Berazategui - Bs.As. G.B.A. Sur,58000.0,28000.0
Toyota Corolla,Toyota Corolla 2.0 Seg Cvt 170cv,2025,Escobar - Bs.As. G.B.A. Norte,12000.0,31333.333333333332
Toyota Corolla,Toyota Corolla 2.0 Xli Cvt 171cv,2025,Moreno - Bs.As. G.B.A. Oeste,17000.0,28400.0
Toyota Corolla,Toyota Corolla 1.8 Xei Pack,2019,Tigre - Bs.As. G.B.A. Norte,110000.0,17666.666666666668
Toyota Corolla,Toyota Corolla 1.8 Xli Mt 140cv,2023,Moreno - Bs.As. G.B.A. Oeste,12500.0,21933.333333333332
Toyota Corolla,Toyota Corolla 2.0 Xli Cvt 171cv,2024,Capital Federal - Capital Federal,32000.0,25000.0
Toyota Corolla,Toyota Corolla 1.8 Se-g Cvt 140cv,2019,Escobar - Bs.As. G.B.A. Norte,150000.0,20300.0
Toyota Corolla,Toyota Corolla 1.8 Xli Cvt 140cv,2016,San Isidro - Bs.As. G.B.A. Norte,140000.0,13800.0
Toyota Corolla,Toyota Corolla 2.0 Seg Cvt 170cv,2021,San Fernando - Bs.As. G.B.A. Norte,106800.0,22500.0
Toyota Corolla,Toyota Corolla 1.8 Seg L/20 Cvt Hybrid,2021,Vicente López - Bs.As. G.B.A. Norte,39000.0,23266.666666666668
Toyota Corolla,Toyota Corolla 1.8 Xei Cvt Pack 140cv,2018,Avellaneda - Bs.As. G.B.A. Sur,62000.0,17266.666666666668
Toyota Corolla,Toyota Corolla 1.8 Xei Cvt Pack 140cv,2017,Capital Federal - Capital Federal,165000.0,18000.0
Toyota Corolla,Toyota Corolla 2.0 Xli Mt 170cv,2023,Capital Federal - Capital Federal,14500.0,25000.0
Toyota Corolla,Toyota Corolla 2.0 Xei Mt 170cv,2023,Capital Federal - Capital Federal,46000.0,22000.0
Toyota Corolla,Toyota Corolla 1.8 Xei Mt 140cv,2018,Berazategui - Bs.As. G.B.A. Sur,97800.0,16000.0
Toyota Corolla,Toyota Corolla 1.8 Se-g Cvt 140cv,2023,Zárate - Buenos Aires Interior,53000.0,28900.0
Toyota Corolla,Toyota Corolla 1.8 Xli Cvt,2017,Capital Federal - Capital Federal,63705.0,18626.666666666668
Toyota Corolla,Toyota Corolla Hv 1.8 Xei Ecvt,2021,Capital Federal - Capital Federal,90200.0,21266.666666666668
Toyota Corolla,Toyota Corolla 2.0 Xli Cvt 171cv,2024,Capital Federal - Capital Federal,39000.0,26500.0
Toyota Corolla,Toyota Corolla 2.0 Xli Cvt 171cv,2024,Tigre - Bs.As. G.B.A. Norte,23000.0,26600.0
Toyota Corolla,Toyota Corolla 2.0 Xli Cvt 171cv,2025,Capital Federal - Capital Federal,16000.0,25266.666666666668
Toyota Corolla,Toyota Corolla 2.0 Xei Cvt 170cv,2024,Capital Federal - Capital Federal,62500.0,23326.666666666668
Toyota Corolla,Toyota Corolla 2.0 Xei Cvt 170cv,2024,Escobar - Bs.As. G.B.A. Norte,25087.0,26666.666666666668
Toyota Corolla,Toyota Corolla 2.0 Xei Cvt 171cv,2025,Zárate - Buenos Aires Interior,13500.0,26600.0
Toyota Corolla,Toyota Corolla 2.0 Xli Cvt 170cv,2022,Capital Federal - Capital Federal,80000.0,24000.0
Toyota Corolla,Toyota Corolla 1.8 Xei Mt 140cv,2016,Capital Federal - Capital Federal,160000.0,14666.666666666666
Toyota Corolla,Toyota Corolla 2.0 Xei M/t,2021,Capital Federal - Capital Federal,110000.0,19333.333333333332
Toyota Corolla,Toyota Corolla 2.0 Xei Cvt 171cv,2025,Zárate - Buenos Aires Interior,13000.0,27000.0
Toyota Corolla,Toyota Corolla 1.8 Hev Seg Ecvt,2021,Pilar - Bs.As. G.B.A. Norte,61000.0,22600.0
Toyota Corolla,Toyota Corolla 1.8 Hev Seg Ecvt,2024,Capital Federal - Capital Federal,27000.0,29900.0
Toyota Corolla,Toyota Corolla 1.8 Hev Seg Ecvt,2024,Tigre - Bs.As. G.B.A. Norte,41000.0,26600.0
Toyota Corolla,Toyota Corolla 1.8 Xei Cvt 140cv,2020,Avellaneda - Bs.As. G.B.A. Sur,75600.0,20600.0
Toyota Corolla,Toyota Corolla 1.8 Xei Mt 140cv,2017,General San Martín - Bs.As. G.B.A. Norte,79000.0,17900.0
Toyota Corolla,Toyota Corolla 2.0 Xei Cvt 171cv,2025,Capital Federal - Capital Federal,20000.0,25666.666666666668
Toyota Corolla,Toyota Corolla 1.8 Xli Mt 140cv,2017,Capital Federal - Capital Federal,92680.0,16100.0
Toyota Corolla,Toyota Corolla 1.8 Se-g Cvt 140cv,2019,Capital Federal - Capital Federal,64000.0,18333.333333333332
Toyota Corolla,Toyota Corolla 2.0 Xei Cvt 170cv,2022,San Isidro - Bs.As. G.B.A. Norte,59000.0,21333.333333333332
Toyota Corolla,Toyota Corolla 1.8 Hev Seg Ecvt,2023,Quilmes - Bs.As. G.B.A. Sur,46000.0,26000.0
Toyota Corolla,Toyota Corolla 1.8 Xli Mt 140cv,2022,Malvinas Argentinas - Bs.As. G.B.A. Norte,87000.0,19933.333333333332
Toyota Corolla,Toyota Corolla 2.0 Xei Cvt 170cv,2021,Capital Federal - Capital Federal,76000.0,23500.0
Toyota Corolla,Toyota Corolla 1.8 Se-g Cvt 140cv,2016,Lanús - Bs.As. G.B.A. Sur,160000.0,15000.0
Toyota Corolla,Toyota Corolla 1.8 Hev Xei Ecvt,2024,San Miguel - Bs.As. G.B.A. Norte,80000.0,22333.333333333332
Toyota Corolla,Toyota Corolla 1.8 Se-g,2018,Capital Federal - Capital Federal,90573.0,17733.333333333332
Toyota Corolla,Toyota Corolla 1.8 Se-g Cvt 140cv,2018,Esteban Echeverría - Bs.As. G.B.A. Sur,135900.0,18000.0
Toyota Corolla,Toyota Corolla 2.0 Seg Cvt 170cv,2021,Vicente López - Bs.As. G.B.A. Norte,70000.0,24800.0
Toyota Corolla,Toyota Corolla 2.0 Seg Cvt 170cv,2026,Vicente López - Bs.As. G.B.A. Norte,0.0,32333.333333333332
Toyota Corolla,Toyota Corolla 2.0 Xli Cvt 171cv,2025,San Isidro - Bs.As. G.B.A. Norte,6805.0,25666.666666666668
Toyota Corolla,Toyota Corolla 2.0 Seg Cvt 140cv,2021,Pilar - Bs.As. G.B.A. Norte,61000.0,22600.0
Toyota Corolla,Toyota Corolla 2.0 Se-g Cvt,2021,Capital Federal - Capital Federal,136153.0,17666.666666666668
Toyota Corolla,Toyota Corolla 2.0 Xei Cvt 170cv,2022,Pilar - Buenos Aires Interior,27000.0,25500.0
Toyota Corolla,Toyota Corolla 1.8 Hev Seg Ecvt,2021,Capital Federal - Capital Federal,25000.0,26000.0
Toyota Corolla,Toyota Corolla 2.0 Xli Cvt 170cv,2022,Esteban Echeverría - Bs.As. G.B.A. Sur,52000.0,21200.0
Toyota Corolla,Toyota Corolla 2.0 Gr-s Cvt,2021,Capital Federal - Capital Federal,55507.0,25246.666666666668
Toyota Corolla,Toyota Corolla 1.8 Xei Cvt 140cv,2017,San Isidro - Bs.As. G.B.A. Norte,123000.0,17800.0
Toyota Corolla,Toyota Corolla 1.8 Se-g Mt 140cv,2017,Exaltación De La Cruz - Buenos Aires Interior,89000.0,19800.0
Toyota Corolla,Toyota Corolla 2.0 Xei Cvt 171cv,2025,Zárate - Buenos Aires Interior,18000.0,25333.333333333332
Toyota Corolla,Toyota Corolla 2.0 Xei Cvt 171cv,2025,Tigre - Bs.As. G.B.A. Norte,11000.0,25666.666666666668
Toyota Corolla,Toyota Corolla 1.8 Se-g Cvt 140cv,2019,San Isidro - Bs.As. G.B.A. Norte,83000.0,19500.0
Toyota Corolla,Toyota Corolla 2.0 Xei Cvt 171cv,2023,Del Viso - Bs.As. G.B.A. Norte,126000.0,25000.0
Toyota Corolla,Toyota Corolla 1.8 Hev Seg Ecvt,2021,Pilar - Bs.As. G.B.A. Norte,60590.0,22600.0
Toyota Corolla,Toyota Corolla 1.8 Hev Seg Ecvt,2021,Pilar - Bs.As. G.B.A. Norte,61000.0,22600.0
Toyota Corolla,Toyota Corolla 1.8 Hev Seg Ecvt,2021,Malvinas Argentinas - Bs.As. G.B.A. Norte,182000.0,19866.666666666668
Toyota Corolla,Toyota Corolla 1.8 Hev Seg Ecvt,2021,Pilar - Bs.As. G.B.A. Norte,61000.0,22600.0
Toyota Corolla,Toyota Corolla 1.8 Hev Seg Ecvt,2021,Pilar - Bs.As. G.B.A. Norte,61000.0,22600.0
Toyota Corolla,Toyota Corolla 1.8 Hev Seg Ecvt,2021,Pilar - Bs.As. G.B.A. Norte,61000.0,22600.0
Toyota Corolla,Toyota Corolla 1.8 Xei Cvt,2018,Capital Federal - Capital Federal,96211.0,17806.666666666668
Toyota Corolla,Toyota Corolla 1.8 Xei Cvt 140cv,2018,Escobar - Bs.As. G.B.A. Norte,76457.0,20300.0
Toyota Corolla,Toyota Corolla 1.8 Xei Cvt 140cv,2018,La Plata - Bs.As. G.B.A. Sur,110000.0,17500.0
Toyota Corolla,Toyota Corolla 2.0 Seg Cvt 170cv,2024,Lanús - Bs.As. G.B.A. Sur,1742.0,32000.0
Toyota Corolla,Toyota Corolla 2.0 Xli Cvt 171cv,2025,San Isidro - Bs.As. G.B.A. Norte,27000.0,23333.333333333332
Toyota Corolla,Toyota Corolla 2.0 Xli Mt 170cv,2021,Ensenada - Buenos Aires Interior,112000.0,18000.0
Toyota Corolla,Toyota Corolla 1.8 Xli Cvt 140cv,2024,Malvinas Argentinas - Bs.As. G.B.A. Norte,14500.0,24500.0
Toyota Corolla,Toyota Corolla 2.0 Xei Cvt 170cv,2022,Ezeiza - Bs.As. G.B.A. Sur,82000.0,22000.0
Toyota Corolla,Toyota Corolla 2.0 Seg Cvt,2020,Capital Federal - Capital Federal,69000.0,25000.0
Toyota Corolla,Toyota Corolla 1.8 Xei Hybrid Cvt,2024,Capital Federal - Capital Federal,34020.0,25466.666666666668
Toyota Corolla,Toyota Corolla 2.0 Xei Mt 170cv,2022,Exaltación De La Cruz - Buenos Aires Interior,105000.0,19866.666666666668
Toyota Corolla,Toyota Corolla 1.8 Xei Cvt 140cv,2019,Berazategui - Bs.As. G.B.A. Sur,70000.0,21000.0
Toyota Corolla,Toyota Corolla 2.0 Xei Cvt 171cv,2025,Zárate - Buenos Aires Interior,7523.0,26333.333333333332
Toyota Corolla,Toyota Corolla 2.0 Seg Cvt 170cv,2024,San Isidro - Bs.As. G.B.A. Norte,18892.0,29500.0
Toyota Corolla,Toyota Corolla 1.8 Xei Cvt Pack 140cv,2018,Capital Federal - Capital Federal,96000.0,15933.333333333334
Toyota Corolla,Toyota Corolla 1.8 Xei Cvt Pack 140cv,2019,Lomas De Zamora - Bs.As. G.B.A. Sur,176400.0,17700.0
Toyota Corolla,Toyota Corolla 1.8 Hev Xei Ecvt,2020,Capital Federal - Capital Federal,68000.0,21900.0
Toyota Corolla,Toyota Corolla 2.0 Xei Cvt 170cv,2022,General San Martín - Bs.As. G.B.A. Norte,38100.0,24500.0
Toyota Corolla,Toyota Corolla 1.8 Se-g Cvt 140cv,2018,Capital Federal - Capital Federal,148000.0,16000.0
Toyota Corolla,Toyota Corolla 2.0 Xei Cvt 171cv,2023,Capital Federal - Capital Federal,35600.0,24333.333333333332
Toyota Corolla,Toyota Corolla 1.8 Xei Mt 140cv,2018,Capital Federal - Capital Federal,112000.0,16666.666666666668
Toyota Corolla,Toyota Corolla 1.8 Xli Cvt,2018,Tigre - Bs.As. G.B.A. Norte,69700.0,16306.666666666666
Toyota Corolla,Toyota Corolla 2.0 Seg Cvt 170cv,2023,Capital Federal - Capital Federal,51500.0,28000.0
Toyota Corolla,Toyota Corolla 2.0 Se-g Cvt,2025,Capital Federal - Capital Federal,3823.0,28706.666666666668
Toyota Corolla,Toyota Corolla 1.8 Xei Cvt Pack 140cv,2024,Capital Federal - Capital Federal,23000.0,25900.0
Toyota Corolla,Toyota Corolla 1.8 Hev Seg Ecvt,2025,Morón - Bs.As. G.B.A. Oeste,10406.0,30666.666666666668
Toyota Corolla,Toyota Corolla 1.8 Hev Seg Ecvt,2025,Capital Federal - Capital Federal,13000.0,33066.666666666664
Toyota Corolla,Toyota Corolla 1.8 Hev Seg Ecvt,2024,Capital Federal - Capital Federal,39000.0,32000.0
Toyota Corolla,Toyota Corolla 1.8 Xei,2018,Capital Federal - Capital Federal,66000.0,19500.0
Toyota Corolla,Toyota Corolla 1.8 Xei Mt 140cv,2018,Capital Federal - Capital Federal,120000.0,15666.666666666666
Toyota Corolla,Toyota Corolla 2.0 Xei Cvt 171cv,2025,Campana - Buenos Aires Interior,6600.0,25266.666666666668
Toyota Corolla,Toyota Corolla 1.8 Hev Xei Ecvt,2020,Lobos - Buenos Aires Interior,133771.0,19666.666666666668
Toyota Corolla,Toyota Corolla 1.8 Hev Xei Ecvt,2025,Lanús - Bs.As. G.B.A. Sur,12800.0,26666.666666666668
Toyota Corolla,Toyota Corolla 2.0 Seg Cvt 170cv,2022,General San Martín - Bs.As. G.B.A. Norte,140000.0,21993.333333333332
Toyota Corolla,Toyota Corolla 2.0 Seg Cvt 170cv,2022,Pilar - Bs.As. G.B.A. Norte,69000.0,25266.666666666668
Toyota Corolla,Toyota Corolla 2.0 Seg Cvt 170cv,2022,Campana - Buenos Aires Interior,116000.0,25000.0
Toyota Corolla,Toyota Corolla 1.8 Hev Seg Ecvt,2020,San Isidro - Bs.As. G.B.A. Norte,70000.0,21000.0
Toyota Corolla,Toyota Corolla 2.0 Gr-sport Cvt 171cv,2025,Capital Federal - Capital Federal,31000.0,32193.333333333332
Toyota Corolla,Toyota Corolla 2.0 Xli Cvt,2023,Capital Federal - Capital Federal,52579.0,20273.333333333332
Toyota Corolla,Toyota Corolla 2.0 Xli Cvt,2023,Malvinas Argentinas - Bs.As. G.B.A. Norte,15682.0,24100.0
Toyota Corolla,Toyota Corolla 1.8 Hev Xei Ecvt,2023,Hurlingham - Bs.As. G.B.A. Oeste,36000.0,25466.666666666668
Toyota Corolla,Toyota Corolla 1.8 Hev Xei Ecvt,2023,Berazategui - Bs.As. G.B.A. Sur,60000.0,26000.0
Toyota Corolla,Toyota Corolla 1.8 Se-g Cvt,2016,Capital Federal - Capital Federal,138000.0,17553.333333333332
Toyota Corolla,Toyota Corolla 1.8 Hev Xei Ecvt,2021,Capital Federal - Capital Federal,78000.0,21333.333333333332
Toyota Corolla,Toyota Corolla 1.8 Xei Mt 140cv,2019,Capital Federal - Capital Federal,100000.0,16900.0
Toyota Corolla,Toyota Corolla Corolla Seg 1.8 Cvt,2019,Capital Federal - Capital Federal,65000.0,19266.666666666668
Toyota Corolla,Toyota Corolla 2.0 Seg Cvt 170cv,2023,General San Martín - Bs.As. G.B.A. Norte,38200.0,25666.666666666668
Toyota Corolla,Toyota Corolla 1.8 Hev Xei Ecvt,2026,Campana - Buenos Aires Interior,8000.0,27933.333333333332
Toyota Corolla,Toyota Corolla 1.8 Hev Seg Ecvt,2021,Pilar - Bs.As. G.B.A. Norte,60590.0,22600.0
Toyota Corolla,Toyota Corolla 1.8 Xli Cvt 140cv,2018,Lomas De Zamora - Bs.As. G.B.A. Sur,77000.0,17000.0
Toyota Corolla,Toyota Corolla 1.8 Se-g,2018,Ituzaingó - Bs.As. G.B.A. Oeste,84000.0,21000.0
Toyota Corolla,Toyota Corolla 1.8 Xli Mt 140cv,2017,Capital Federal - Capital Federal,61500.0,16300.0
Toyota Corolla,Toyota Corolla 2.0 Xei Cvt 170cv,2023,Capital Federal - Capital Federal,40675.0,25333.333333333332
Toyota Corolla,Toyota Corolla 2.0 Xei Cvt 171cv,2025,Capital Federal - Capital Federal,20000.0,24666.666666666668
Toyota Corolla,Toyota Corolla 2.0 Xei Mt,2021,Capital Federal - Capital Federal,74100.0,21660.0
Toyota Corolla,Toyota Corolla 1.8 Xei Mt Pack 140cv,2017,Capital Federal - Capital Federal,82000.0,18300.0
Toyota Corolla,Toyota Corolla 1.8 Xei Cvt Pack 140cv,2016,Esteban Echeverría - Bs.As. G.B.A. Sur,137000.0,16500.0
Toyota Corolla,Toyota Corolla 1.8 Hev Seg Ecvt,2021,Capital Federal - Capital Federal,100000.0,22500.0
Toyota Corolla,Toyota Corolla 1.8 Se-g Cvt,2017,Capital Federal - Capital Federal,75566.0,17280.0
Toyota Corolla,Toyota Corolla 2.0 Xei Cvt 170cv,2023,Capital Federal - Capital Federal,25000.0,23666.666666666668
Toyota Corolla,Toyota Corolla 2.0 Xei Cvt 171cv,2024,General San Martín - Bs.As. G.B.A. Norte,13107.0,26000.0
Toyota Corolla,Toyota Corolla 1.8 Hev Xei Ecvt,2025,Capital Federal - Capital Federal,9000.0,29800.0
Toyota Corolla,Toyota Corolla 1.8 Xei,2019,San Fernando - Bs.As. G.B.A. Norte,123000.0,18800.0
Toyota Corolla,Toyota Corolla 2.0 Xli Cvt 171cv,2025,Merlo - Bs.As. G.B.A. Oeste,6500.0,26600.0
Toyota Corolla,Toyota Corolla 2.0 Xei Cvt 170cv,2024,Moreno - Bs.As. G.B.A. Oeste,15000.0,25100.0
Toyota Corolla,Toyota Corolla 1.8 Se-g Cvt 140cv,2018,Capital Federal - Capital Federal,64000.0,20500.0
Toyota Corolla,Toyota Corolla 2.0 Seg Cvt 170cv,2024,Capital Federal - Capital Federal,15000.0,31900.0
Toyota Corolla,Toyota Corolla 1.8 Xei Cvt 140cv,2019,Capital Federal - Capital Federal,70050.0,19000.0
Toyota Corolla,Toyota Corolla 2.0 Xli Cvt 170cv,2022,Capital Federal - Capital Federal,52000.0,20266.666666666668
Toyota Corolla,Toyota Corolla 2.0 Xei Cvt,2022,Malvinas Argentinas - Bs.As. G.B.A. Norte,51064.0,21720.0
Toyota Corolla,Toyota Corolla 2.0 Xei Cvt,2022,Capital Federal - Capital Federal,14260.0,25200.0
Toyota Corolla,Toyota Corolla 2.0 Xli Cvt 171cv,2024,Capital Federal - Capital Federal,50025.0,25333.333333333332
Toyota Corolla,Toyota Corolla 2.0 Seg Cvt 170cv,2021,Berazategui - Bs.As. G.B.A. Sur,79000.0,23000.0
Toyota Corolla,Toyota Corolla 1.8 Xli Cvt 140cv,2021,Avellaneda - Bs.As. G.B.A. Sur,69000.0,20666.666666666668
Toyota Corolla,Toyota Corolla 1.8 Xei Cvt 140cv,2019,Lanús - Bs.As. G.B.A. Sur,145000.0,15993.333333333334
Toyota Corolla,Toyota Corolla 1.8 Xei Cvt 140cv,2019,Morón - Bs.As. G.B.A. Oeste,135000.0,19333.333333333332
Toyota Corolla,Toyota Corolla Hev 1.8 Seg Ectv,2025,Capital Federal - Capital Federal,12800.0,33200.0
Toyota Corolla,Toyota Corolla 2.0 Seg Cvt 170cv,2023,San Miguel - Bs.As. G.B.A. Norte,55000.0,28900.0
Toyota Corolla,Toyota Corolla 2.0 Seg Cvt 140cv,2022,Avellaneda - Bs.As. G.B.A. Sur,72900.0,25000.0
Toyota Corolla,Toyota Corolla 2.0 Xli Cvt 170cv,2023,Capital Federal - Capital Federal,37500.0,23333.333333333332
Toyota Corolla,Toyota Corolla 2.0 Seg Cvt 170cv,2021,Ituzaingó - Bs.As. G.B.A. Oeste,70000.0,24000.0
Toyota Corolla,Toyota Corolla 2.0 Seg Cvt 170cv,2021,Ezeiza - Bs.As. G.B.A. Sur,68000.0,25666.666666666668
Toyota Yaris,Toyota Yaris 1.5 107cv S Cvt,2026,Capital Federal - Capital Federal,0.0,27304.0
Toyota Yaris,Toyota Yaris 1.5 107cv Xls Pack Cvt,2019,Capital Federal - Capital Federal,52617.0,19333.333333333332
Toyota Yaris,Toyota Yaris 1.5 Xls 5p,2022,General San Martín - Bs.As. G.B.A. Norte,43273.0,17266.666666666668
Toyota Yaris,Toyota Yaris 1.5 107cv Xs Cvt,2026,Capital Federal - Capital Federal,0.0,22856.0
Toyota Yaris,Toyota Yaris 1.5 107cv Xls Pack Cvt Sedan,2020,Capital Federal - Capital Federal,88000.0,18000.0
Toyota Yaris,Toyota Yaris 1.5 107cv S Cvt,2022,Capital Federal - Capital Federal,53000.0,19333.333333333332
Toyota Yaris,Toyota Yaris 1.5 107cv S Cvt,2025,Campana - Buenos Aires Interior,9700.0,25800.0
Toyota Yaris,Toyota Yaris 1.5 107cv Xls Pack Cvt,2024,Morón - Bs.As. G.B.A. Oeste,49000.0,22660.0
Toyota Yaris,Toyota Yaris 1.5 107cv Xls Cvt,2026,Vicente López - Bs.As. G.B.A. Norte,0.0,23612.08
Toyota Yaris,Toyota Yaris 1.5 107cv S Cvt,2022,Malvinas Argentinas - Bs.As. G.B.A. Norte,128000.0,19990.0
Toyota Yaris,Toyota Yaris 1.5 107cv Xls,2023,Almirante Brown - Bs.As. G.B.A. Sur,72000.0,18666.666666666668
Toyota Yaris,Toyota Yaris 1.5 107cv Xs Cvt,2026,San Isidro - Bs.As. G.B.A. Norte,0.0,21256.08
Toyota Yaris,Toyota Yaris 1.5 107cv Xls,2024,Tigre - Bs.As. G.B.A. Norte,21000.0,22600.0
Toyota Yaris,Toyota Yaris 1.5 107cv Xls Pack Cvt,2022,General San Martín - Bs.As. G.B.A. Norte,80000.0,18660.0
Toyota Yaris,Toyota Yaris 1.5 107cv Xs Cvt,2024,General San Martín - Bs.As. G.B.A. Norte,19566.0,19666.666666666668
Toyota Yaris,Toyota Yaris 1.5 107cv Xls Pack Cvt Sedan,2023,Berazategui - Bs.As. G.B.A. Sur,50000.0,19333.333333333332
Toyota Yaris,Toyota Yaris 1.5 107cv Xls Sedan,2024,Capital Federal - Capital Federal,35000.0,19666.666666666668
Toyota Yaris,Toyota Yaris 1.5 107cv S Cvt,2026,Vicente López - Bs.As. G.B.A. Norte,0.0,24628.0
Toyota Yaris,Toyota Yaris 1.5 107cv Xls Pack Cvt Sedan,2024,Capital Federal - Capital Federal,20600.0,20333.333333333332
Toyota Yaris,Toyota Yaris 1.5 107cv Xls 5 P,2021,Vicente López - Bs.As. G.B.A. Norte,57000.0,18000.0
Toyota Yaris,Toyota Yaris 1.5 107cv Xls Cvt,2022,General San Martín - Bs.As. G.B.A. Norte,34040.0,19333.333333333332
Toyota Yaris,Toyota Yaris 1.5 107cv Xls Cvt Sedan,2023,Capital Federal - Capital Federal,27000.0,18600.0
Toyota Yaris,Toyota Yaris 1.5 107cv S Cvt,2026,San Isidro - Bs.As. G.B.A. Norte,0.0,24573.6
Toyota Yaris,Toyota Yaris 1.5 107cv Xs Sedan,2023,Capital Federal - Capital Federal,23000.0,21000.0
Toyota Yaris,Toyota Yaris 1.5 107cv S Cvt,2019,San Fernando - Bs.As. G.B.A. Norte,127000.0,16900.0
Toyota Yaris,Toyota Yaris 1.5 107cv Xls Cvt,2024,Tres De Febrero - Bs.As. G.B.A. Oeste,17709.0,20666.666666666668
Toyota Yaris,Toyota Yaris 1.5 107cv Xls Cvt,2024,Tres De Febrero - Bs.As. G.B.A. Oeste,17709.0,20666.666666666668
Toyota Yaris,Toyota Yaris 1.5 107cv Xls,2019,Avellaneda - Bs.As. G.B.A. Sur,66306.0,15500.0
Toyota Yaris,Toyota Yaris 1.5 107cv S Cvt,2026,Vicente López - Bs.As. G.B.A. Norte,0.0,24628.0
Toyota Yaris,Toyota Yaris 1.5 107cv Xls,2022,Capital Federal - Capital Federal,100000.0,17000.0
Toyota Yaris,Toyota Yaris 1.5 107cv Xs Cvt,2024,Lanús - Bs.As. G.B.A. Sur,60000.0,18333.333333333332
Toyota Yaris,Toyota Yaris 1.5 107cv S,2020,Capital Federal - Capital Federal,86000.0,19000.0
Toyota Yaris,Toyota Yaris 1.5 107cv Xs Cvt,2026,Vicente López - Bs.As. G.B.A. Norte,0.0,22500.0
Toyota Yaris,Toyota Yaris 1.5 107cv Xls Cvt,2026,Capital Federal - Capital Federal,0.0,22856.0
Toyota Yaris,Toyota Yaris 1.5 107cv Xls Pack Cvt Sedan,2023,General San Martín - Bs.As. G.B.A. Norte,71000.0,18666.666666666668
Toyota Yaris,Toyota Yaris 1.5 107cv Xls Pack Cvt,2024,Escobar - Bs.As. G.B.A. Norte,33000.0,21900.0
Toyota Yaris,Toyota Yaris 1.5 107cv Xs,2023,Vicente López - Bs.As. G.B.A. Norte,18000.0,21500.0
Toyota Yaris,Toyota Yaris Yaris Xls+cvt5p,2025,Pilar - Bs.As. G.B.A. Norte,6550.0,25500.0
Toyota Yaris,Toyota Yaris 1.5 107cv Xls Pack Cvt,2023,Castelar - Bs.As. G.B.A. Oeste,52000.0,20800.0
Toyota Yaris,Toyota Yaris 1.5 107cv Xls Pack Cvt,2021,José C. Paz - Bs.As. G.B.A. Norte,20600.0,20500.0
Toyota Yaris,Toyota Yaris 1.5 107cv Xls Pack Cvt,2019,Lobos - Buenos Aires Interior,143080.0,14600.0
Toyota Yaris,Toyota Yaris 1.5 S,2018,Hurlingham - Bs.As. G.B.A. Oeste,58000.0,17960.0
Toyota Yaris,Toyota Yaris 1.5 107cv S Cvt,2023,Capital Federal - Capital Federal,38000.0,21333.333333333332
Toyota Yaris,Toyota Yaris 1.5 107cv Xls Pack Cvt,2022,La Matanza - Bs.As. G.B.A. Oeste,40000.0,20500.0
Toyota Yaris,Toyota Yaris 1.5 107cv Xs Cvt,2025,San Isidro - Bs.As. G.B.A. Norte,43000.0,19326.666666666668
Toyota Yaris,Toyota Yaris 1.5 107cv S Cvt,2026,Capital Federal - Capital Federal,0.0,25938.8
Toyota Yaris,Toyota Yaris 1.5 107cv S Cvt,2025,Malvinas Argentinas - Bs.As. G.B.A. Norte,5200.0,25000.0
Toyota Yaris,Toyota Yaris 1.5 107cv Xls,2023,San Isidro - Bs.As. G.B.A. Norte,85000.0,18000.0
Toyota Yaris,Toyota Yaris 1.5 107cv Xls Cvt,2026,San Isidro - Bs.As. G.B.A. Norte,0.0,23612.08
Toyota Yaris,Toyota Yaris 1.5 107cv S Cvt,2020,Escobar - Bs.As. G.B.A. Norte,98000.0,16864.666666666668
Toyota Yaris,Toyota Yaris 1.5 107cv Xls Sedan,2022,Capital Federal - Capital Federal,72000.0,18000.0
Toyota Yaris,Toyota Yaris 1.5 107cv Xls,2019,Capital Federal - Capital Federal,97600.0,16000.0
Toyota Yaris,Toyota Yaris 1.5 107cv S Cvt,2022,General San Martín - Bs.As. G.B.A. Norte,89000.0,19993.333333333332
Toyota Yaris,Toyota Yaris 1.5 107cv S Cvt,2022,Capital Federal - Capital Federal,52000.0,23500.0
Toyota Yaris,Toyota Yaris 1.5 107cv S Cvt,2023,San Isidro - Bs.As. G.B.A. Norte,13500.0,23500.0
Toyota Yaris,Toyota Yaris 1.5 107cv Xls Cvt,2026,Capital Federal - Capital Federal,0.0,25600.0
Toyota Yaris,Toyota Yaris 1.5 107cv S Cvt,2024,Capital Federal - Capital Federal,50000.0,21000.0
Toyota Yaris,Toyota Yaris 1.5 107cv Xls Pack Cvt,2025,Capital Federal - Capital Federal,14000.0,24500.0
Toyota Yaris,Toyota Yaris 1.5 107cv S Cvt,2023,General San Martín - Bs.As. G.B.A. Norte,69000.0,20666.666666666668
Toyota Yaris,Toyota Yaris 1.5 107cv S Cvt,2019,Capital Federal - Capital Federal,30000.0,17933.333333333332
Toyota Yaris,Toyota Yaris 1.5 107cv Xls Pack Cvt,2020,Capital Federal - Capital Federal,45100.0,19500.0
Toyota Yaris,Toyota Yaris A76-yaris Xls 1.5 Cvt,2023,Capital Federal - Capital Federal,11572.0,22000.0
Toyota Yaris,Toyota Yaris 1.5 107cv Xls,2018,Capital Federal - Capital Federal,100000.0,16000.0
Toyota Yaris,Toyota Yaris Xls 1.5 6mt 5p 2022,2022,Pilar - Bs.As. G.B.A. Norte,70978.0,18000.0
Toyota Yaris,Toyota Yaris 1.5 107cv Xls Cvt,2026,Vicente López - Bs.As. G.B.A. Norte,1000.0,24666.666666666668
Toyota Yaris,Toyota Yaris 1.5 Xls,2021,Capital Federal - Capital Federal,45465.0,16200.0
Toyota Yaris,Toyota Yaris 1.5 107cv Xls,2025,San Isidro - Bs.As. G.B.A. Norte,0.0,22889.0
Toyota Yaris,Toyota Yaris 1.5 107cv Xs Cvt,2026,Vicente López - Bs.As. G.B.A. Norte,0.0,20993.333333333332
Toyota Yaris,Toyota Yaris 1.5 107cv Xls Pack Cvt,2025,San Miguel - Bs.As. G.B.A. Norte,13336.0,23000.0
Toyota Yaris,Toyota Yaris 1.5 107cv Xs Cvt,2025,Capital Federal - Capital Federal,40700.0,19000.0
Toyota Yaris,Toyota Yaris 1.5 107cv Xls Pack Cvt,2023,Tigre - Bs.As. G.B.A. Norte,57852.0,18200.0
Toyota Yaris,Toyota Yaris 1.5 107cv Xls Pack Cvt Sedan,2024,La Matanza - Bs.As. G.B.A. Oeste,31300.0,21000.0
Toyota Yaris,Toyota Yaris Xls + 1.5 Cvt 5p,2025,Capital Federal - Capital Federal,5000.0,24100.0
Toyota Yaris,Toyota Yaris 1.5 107cv Xls Pack,2022,Escobar - Bs.As. G.B.A. Norte,88000.0,19800.0
Toyota Yaris,Toyota Yaris 1.5 107cv Xs Cvt,2024,General San Martín - Bs.As. G.B.A. Norte,52700.0,17666.666666666668
Toyota Yaris,Toyota Yaris 1.5 Xls Cvt,2022,Capital Federal - Capital Federal,49000.0,19780.0
Toyota Yaris,Toyota Yaris 1.5 107cv S Cvt,2019,Quilmes - Bs.As. G.B.A. Sur,77000.0,18000.0
Toyota Yaris,Toyota Yaris 1.5 107cv Xls Cvt,2023,Del Viso - Bs.As. G.B.A. Norte,96000.0,20500.0
Toyota Yaris,Toyota Yaris 1.5 107cv Xls Cvt,2022,Capital Federal - Capital Federal,48000.0,20000.0
Toyota Yaris,Toyota Yaris 1.5 107cv Xls Pack Cvt,2024,Capital Federal - Capital Federal,21000.0,21326.666666666668
Toyota Yaris,Toyota Yaris 1.5 107cv Xs Cvt,2025,Escobar - Bs.As. G.B.A. Norte,11468.0,22000.0
Toyota Yaris,Toyota Yaris 1.5 107cv Xs Cvt,2025,Tigre - Bs.As. G.B.A. Norte,10000.0,22600.0
Toyota Yaris,Toyota Yaris 1.5 107cv S Cvt,2021,Capital Federal - Capital Federal,62000.0,19933.333333333332
Toyota Yaris,Toyota Yaris 1.5 107cv S Cvt,2025,La Matanza - Bs.As. G.B.A. Oeste,500.0,29800.0
Toyota Yaris,Toyota Yaris 1.5 107cv Xls Pack Cvt,2023,Capital Federal - Capital Federal,21500.0,23500.0
Toyota Yaris,Toyota Yaris 1.5 107cv Xs Cvt,2025,La Plata - Bs.As. G.B.A. Sur,29000.0,21000.0
Toyota Yaris,Toyota Yaris 1.5 S Cvt,2025,Capital Federal - Capital Federal,20330.0,24660.0
Toyota Yaris,Toyota Yaris 1.5 107cv Xls Pack Cvt,2025,Almirante Brown - Bs.As. G.B.A. Sur,9500.0,24000.0
Toyota Yaris,Toyota Yaris 1.5 S Mt,2019,Capital Federal - Capital Federal,91413.0,14173.333333333334
Toyota Yaris,Toyota Yaris 1.5 107cv S Cvt,2024,Esteban Echeverría - Bs.As. G.B.A. Sur,42000.0,21333.333333333332
Toyota Yaris,Toyota Yaris 1.5 Xls Cvt,2022,Capital Federal - Capital Federal,27000.0,22653.333333333332
Toyota Yaris,Toyota Yaris 1.5 107cv Xs,2024,Escobar - Bs.As. G.B.A. Norte,45000.0,17666.666666666668
Toyota Yaris,Toyota Yaris 1.5 107cv S Cvt,2021,Tigre - Bs.As. G.B.A. Norte,110000.0,19800.0
Toyota Yaris,Toyota Yaris 1.5 107cv Xls,2019,Capital Federal - Capital Federal,48925.0,16600.0
Toyota Yaris,Toyota Yaris 1.5 107cv S Cvt,2021,Capital Federal - Capital Federal,37000.0,19999.933333333334
Toyota Yaris,Toyota Yaris 1.5 107cv Xls Pack Cvt Sedan,2024,San Isidro - Bs.As. G.B.A. Norte,71000.0,19660.0
Toyota Yaris,Toyota Yaris 1.5 107cv S Cvt,2025,Berazategui - Bs.As. G.B.A. Sur,2300.0,25333.332666666665
Toyota Yaris,Toyota Yaris 1.5 107cv S Cvt,2023,Capital Federal - Capital Federal,28500.0,25900.0
Toyota Yaris,Toyota Yaris 1.5 107cv Xls Cvt,2023,Capital Federal - Capital Federal,29000.0,19333.333333333332
Toyota Yaris,Toyota Yaris 1.5 107cv Xls Pack Cvt Sedan,2024,Escobar - Bs.As. G.B.A. Norte,41000.0,22000.0
Toyota Yaris,Toyota Yaris 1.5 107cv Xls Pack Cvt Sedan,2021,Castelar - Bs.As. G.B.A. Oeste,78000.0,17666.666666666668
Toyota Yaris,Toyota Yaris 1.5 107cv Xls Pack Cvt Sedan,2021,Morón - Bs.As. G.B.A. Oeste,110000.0,16000.0
Toyota Yaris,Toyota Yaris 1.5 107cv S Cvt,2019,San Isidro - Bs.As. G.B.A. Norte,96000.0,17900.0
Toyota Yaris,Toyota Yaris 1.5 107cv Xs,2024,Tigre - Bs.As. G.B.A. Norte,19900.0,19000.0
Toyota Yaris,Toyota Yaris 1.5 107cv S Cvt,2024,Capital Federal - Capital Federal,19400.0,24000.0
Toyota Yaris,Toyota Yaris 1.5 107cv Xls Pack Cvt,2019,Capital Federal - Capital Federal,42000.0,18200.0
Toyota Yaris,Toyota Yaris 1.5 107cv Xs Cvt,2026,Capital Federal - Capital Federal,0.0,21713.2
Toyota Yaris,Toyota Yaris 1.5 107cv Xs Cvt,2025,Pilar - Bs.As. G.B.A. Norte,12000.0,23900.0
Toyota Yaris,Toyota Yaris 1.5 107cv S Cvt,2025,San Isidro - Bs.As. G.B.A. Norte,1000.0,27500.0
Toyota Yaris,Toyota Yaris 1.5 107cv Xls Cvt,2020,Castelar - Bs.As. G.B.A. Oeste,70000.0,18000.0
Toyota Yaris,Toyota Yaris 1.5 107cv S Cvt,2025,Hurlingham - Bs.As. G.B.A. Oeste,0.0,25413.333333333332
Toyota Yaris,Toyota Yaris 1.5 107cv S Cvt,2025,General San Martín - Bs.As. G.B.A. Norte,10200.0,25332.666666666668
Toyota Yaris,Toyota Yaris 1.5 107cv S,2021,La Matanza - Bs.As. G.B.A. Oeste,70000.0,20000.0
Toyota Yaris,Toyota Yaris 1.5 107cv Xs Cvt,2026,Ituzaingó - Bs.As. G.B.A. Oeste,0.0,22922.666666666668
Toyota Yaris,Toyota Yaris 1.5 107cv S Cvt,2023,Capital Federal - Capital Federal,41200.0,22700.0
Toyota Yaris,Toyota Yaris 1.5 107cv Xls Sedan,2021,La Plata - Bs.As. G.B.A. Sur,115000.0,13800.0
Toyota Yaris,Toyota Yaris 1.5 107cv Cvt,2017,San Miguel - Bs.As. G.B.A. Norte,112800.0,14600.0
Toyota Yaris,Toyota Yaris 1.5 107cv Xls Cvt,2023,Luján - Buenos Aires Interior,61000.0,22500.0
Toyota Yaris,Toyota Yaris 1.5 107cv Xls Cvt,2023,Escobar - Bs.As. G.B.A. Norte,64000.0,18466.666666666668
Toyota Yaris,Toyota Yaris 1.5 107cv S Cvt,2022,Morón - Bs.As. G.B.A. Oeste,55500.0,22000.0
Toyota Yaris,Toyota Yaris 1.5 107cv Xls Cvt,2023,San Andrés De Giles - Buenos Aires Interior,40000.0,21266.666666666668
Toyota Yaris,Toyota Yaris 1.5 107cv Cvt,2019,Capital Federal - Capital Federal,50000.0,18000.0
Toyota Yaris,Toyota Yaris 1.5 107cv Xls Cvt,2023,San Fernando - Bs.As. G.B.A. Norte,20500.0,20700.0
Toyota Yaris,Toyota Yaris 1.5 107cv S Cvt,2022,Capital Federal - Capital Federal,70000.0,19500.0
Toyota Yaris,Toyota Yaris 1.5 107cv S Cvt,2023,Capital Federal - Capital Federal,67000.0,22990.0
Toyota Yaris,Toyota Yaris 1.5 107cv Xls Pack Cvt,2021,Capital Federal - Capital Federal,67000.0,21000.0
Toyota Yaris,Toyota Yaris 1.5 107cv Xls Pack Cvt,2019,Capital Federal - Capital Federal,109200.0,14866.666666666666
Toyota Yaris,Toyota Yaris 1.5 107cv Xs Cvt,2025,Campana - Buenos Aires Interior,10000.0,21000.0
Toyota Yaris,Toyota Yaris 1.5 107cv Cvt,2017,Capital Federal - Capital Federal,75422.0,15666.666666666666
Toyota Yaris,Toyota Yaris 1.5 107cv S Cvt,2024,Capital Federal - Capital Federal,9594.0,22600.0
Toyota Yaris,Toyota Yaris 1.5 107cv Xls Cvt,2026,Capital Federal - Capital Federal,1000.0,23866.666666666668
Toyota Yaris,Toyota Yaris 1.5 Xls Pack Cvt,2023,Capital Federal - Capital Federal,23277.0,22746.666666666668
Toyota Yaris,Toyota Yaris 1.5 107cv Xls Cvt Sedan,2023,San Isidro - Bs.As. G.B.A. Norte,10460.0,24000.0
Toyota Yaris,Toyota Yaris 1.5 107cv Xls,2022,Lomas De Zamora - Bs.As. G.B.A. Sur,35000.0,20000.0
Toyota Yaris,Toyota Yaris 1.5 107cv Xls Cvt,2022,General San Martín - Bs.As. G.B.A. Norte,75550.0,18666.666666666668
Toyota Yaris,Toyota Yaris 1.5 107cv Cvt,2017,Pilar - Bs.As. G.B.A. Norte,110000.0,13666.666666666666
Toyota Yaris,Toyota Yaris 1.5 107cv Xs,2023,Pilar - Bs.As. G.B.A. Norte,48000.0,15933.333333333334
Toyota Yaris,Toyota Yaris 1.5 107cv S Cvt,2021,Capital Federal - Capital Federal,75000.0,18600.0
Toyota Yaris,Toyota Yaris 1.5 107cv Xls Cvt,2021,Capital Federal - Capital Federal,61000.0,18900.0
Toyota Yaris,Toyota Yaris 1.5 107cv Xls 5 P,2021,Almirante Brown - Bs.As. G.B.A. Sur,20000.0,19200.0
Toyota Yaris,Toyota Yaris 1.5 107cv S,2019,Capital Federal - Capital Federal,69000.0,16666.666666666668
Toyota Yaris,Toyota Yaris 1.5 107cv S Cvt,2024,San Isidro - Bs.As. G.B.A. Norte,1111.0,26600.0
Toyota Yaris,Toyota Yaris 1.5 107cv Xls 4 P,2022,Capital Federal - Capital Federal,41000.0,18000.0
Toyota Yaris,Toyota Yaris 1.5 107cv Xls Pack Cvt,2021,San Isidro - Bs.As. G.B.A. Norte,56000.0,20000.0
Toyota Yaris,Toyota Yaris 1.5 107cv S,2023,Capital Federal - Capital Federal,51000.0,21000.0
Toyota Yaris,Toyota Yaris 1.5 107cv S Cvt,2018,Capital Federal - Capital Federal,113000.0,16300.0
Toyota Yaris,Toyota Yaris 1.5 107cv S,2024,Capital Federal - Capital Federal,2000.0,23266.666666666668
Toyota Yaris,Toyota Yaris 1.5 107cv Xs Cvt,2025,Vicente López - Bs.As. G.B.A. Norte,12000.0,19666.666666666668
Toyota Yaris,Toyota Yaris 1.5 107cv S Cvt,2025,Capital Federal - Capital Federal,9000.0,25500.0
Toyota Yaris,Toyota Yaris 1.5 107cv Xls Pack Cvt,2021,Capital Federal - Capital Federal,23284.0,21700.0
Toyota Yaris,Toyota Yaris 1.5 107cv S Cvt,2021,Vicente López - Bs.As. G.B.A. Norte,98000.0,17000.0
Toyota Yaris,Toyota Yaris 1.5 107cv S Cvt,2025,La Plata - Bs.As. G.B.A. Sur,18000.0,24500.0
Toyota Yaris,Toyota Yaris Xls Pack 1.5 Cvt,2019,Bs.As. G.B.A. Norte,61987.0,19000.0
Toyota Yaris,Toyota Yaris 1.5 107cv S Cvt,2022,Escobar - Bs.As. G.B.A. Norte,54000.0,21500.0
Toyota Yaris,Toyota Yaris 1.5 107cv Xls Pack Cvt,2024,Malvinas Argentinas - Bs.As. G.B.A. Norte,10200.0,26000.0
Toyota Yaris,Toyota Yaris 1.5 107cv Xls Pack Cvt,2023,Vicente López - Bs.As. G.B.A. Norte,34140.0,21900.0
Toyota Yaris,Toyota Yaris 1.5 107cv Xls Pack Cvt Sedan,2020,Ituzaingó - Bs.As. G.B.A. Oeste,154000.0,17500.0
Toyota Yaris,Toyota Yaris 1.5 107cv Xls Pack Cvt,2022,Tigre - Bs.As. G.B.A. Norte,65500.0,17866.666666666668
Toyota Yaris,Toyota Yaris 1.5 107cv S Cvt,2023,Capital Federal - Capital Federal,25000.0,23500.0
Toyota Yaris,Toyota Yaris 1.5 107cv S,2024,Vicente López - Bs.As. G.B.A. Norte,27000.0,22666.666666666668
Toyota Yaris,Toyota Yaris 1.5 107cv S Cvt,2025,Pilar - Bs.As. G.B.A. Norte,9200.0,23666.666666666668
Toyota Yaris,Toyota Yaris 1.5 107cv S Cvt,2025,Capital Federal - Capital Federal,1000.0,23266.666666666668
Toyota Yaris,Toyota Yaris 1.5 107cv S Cvt,2026,General San Martín - Bs.As. G.B.A. Norte,0.0,27304.0
Toyota Yaris,Toyota Yaris 1.5 107cv S Cvt,2024,General San Martín - Bs.As. G.B.A. Norte,40000.0,23333.332666666665
Toyota Yaris,Toyota Yaris 1.5 107cv Xls Cvt,2023,Lanús - Bs.As. G.B.A. Sur,15000.0,23300.0
Toyota Yaris,Toyota Yaris 1.5 107cv Xls Cvt Sedan,2023,Capital Federal - Capital Federal,59700.0,17933.333333333332
Toyota Yaris,Toyota Yaris 1.5 107cv S Cvt,2019,Capital Federal - Capital Federal,63000.0,19333.333333333332
Toyota Yaris,Toyota Yaris 1.5 107cv Xs Cvt,2026,Capital Federal - Capital Federal,0.0,22856.0
Toyota Yaris,Toyota Yaris 1.5 107cv Xs Cvt,2026,Capital Federal - Capital Federal,0.0,22856.0
Toyota Yaris,Toyota Yaris 1.5 107cv Xs Cvt,2026,Capital Federal - Capital Federal,0.0,21999.933333333334
Toyota Yaris,Toyota Yaris 1.5 107cv Xs Cvt,2026,Capital Federal - Capital Federal,0.0,22856.0
Toyota Yaris,Toyota Yaris 1.5 107cv Xs Cvt,2026,Capital Federal - Capital Federal,0.0,23666.666666666668
Toyota Yaris,Toyota Yaris 1.5 107cv Xls Pack Cvt,2025,San Miguel - Bs.As. G.B.A. Norte,15000.0,22533.333333333332
Toyota Yaris,Toyota Yaris 1.5 107cv Xs,2023,Capital Federal - Capital Federal,1100.0,20900.0
Toyota Yaris,Toyota Yaris 1.5 107cv Xls,2022,Moreno - Bs.As. G.B.A. Oeste,0.0,24000.0
Toyota Yaris,Toyota Yaris 1.5 107cv Xls Cvt,2022,General San Martín - Bs.As. G.B.A. Norte,50000.0,19500.0
Toyota Yaris,Toyota Yaris 1.5 107cv S Cvt,2022,Zárate - Buenos Aires Interior,40000.0,19666.666666666668
Toyota Yaris,Toyota Yaris 1.5 107cv S Cvt,2019,Capital Federal - Capital Federal,37400.0,18866.666666666668
Toyota Yaris,Toyota Yaris 1.5 S Cvt,2022,Malvinas Argentinas - Bs.As. G.B.A. Norte,36666.0,20553.333333333332
Toyota Yaris,Toyota Yaris 1.5 107cv S Cvt,2025,Castelar - Bs.As. G.B.A. Oeste,8500.0,23666.666666666668
Toyota Yaris,Toyota Yaris 1.5 107cv S Cvt,2019,Capital Federal - Capital Federal,90000.0,18000.0
Toyota Yaris,Toyota Yaris 1.5 107cv S Cvt,2024,Morón - Bs.As. G.B.A. Oeste,31000.0,23000.0
Toyota Yaris,Toyota Yaris 1.5 107cv Xls,2019,Avellaneda - Bs.As. G.B.A. Sur,54500.0,16800.0
Toyota Yaris,Toyota Yaris 1.5 107cv S Cvt,2025,Capital Federal - Capital Federal,0.0,28200.0
Toyota Yaris,Toyota Yaris 1.5 107cv S Cvt,2026,Almirante Brown - Bs.As. G.B.A. Sur,0.0,27304.0
Toyota Yaris,Toyota Yaris 1.5 107cv Xls Pack,2022,La Matanza - Bs.As. G.B.A. Oeste,95000.0,19500.0
Toyota Yaris,Toyota Yaris 1.5 107cv S Cvt,2020,Capital Federal - Capital Federal,118000.0,17200.0
Toyota Yaris,Toyota Yaris 1.5 107cv Xls Cvt,2022,San Isidro - Bs.As. G.B.A. Norte,13000.0,20333.333333333332
Toyota Yaris,Toyota Yaris S 1.5 Cvt,2018,La Matanza - Bs.As. G.B.A. Oeste,48000.0,19500.0
Toyota Yaris,Toyota Yaris 1.5 107cv Xls Sedan,2019,Moreno - Bs.As. G.B.A. Oeste,80700.0,13266.666666666666
Toyota Yaris,Toyota Yaris 1.5 107cv Xls Pack Cvt Sedan,2019,Capital Federal - Capital Federal,64741.0,16043.62
Toyota Yaris,Toyota Yaris 1.5 107cv S Cvt,2026,Vicente López - Bs.As. G.B.A. Norte,0.0,27304.0
Toyota Yaris,Toyota Yaris 1.5 107cv Xls,2021,Malvinas Argentinas - Bs.As. G.B.A. Norte,50000.0,18500.0
Toyota Yaris,Toyota Yaris 1.5 107cv Xls,2021,Lanús - Bs.As. G.B.A. Sur,80000.0,16000.0
Toyota Yaris,Toyota Yaris 1.5 107cv Xls,2025,San Isidro - Bs.As. G.B.A. Norte,1000.0,21665.333333333332
Toyota Yaris,Toyota Yaris 1.5 107cv S,2019,Berazategui - Bs.As. G.B.A. Sur,113000.0,18000.0
Toyota Yaris,Toyota Yaris 1.5 107cv Xls Cvt Sedan,2021,Morón - Bs.As. G.B.A. Oeste,100000.0,16666.666666666668
Toyota Yaris,Toyota Yaris 1.5 107cv Xls Cvt,2024,Capital Federal - Capital Federal,9000.0,22600.0
Toyota Yaris,Toyota Yaris 1.5 107cv Xs Sedan,2024,Malvinas Argentinas - Bs.As. G.B.A. Norte,29200.0,17800.0
Toyota Yaris,Toyota Yaris 1.5 107cv Xs Sedan,2025,Tres De Febrero - Bs.As. G.B.A. Oeste,6000.0,20000.0
Toyota Yaris,Toyota Yaris 1.5 107cv Xs Sedan,2019,San Isidro - Bs.As. G.B.A. Norte,72000.0,14333.333333333334
Toyota Yaris,Toyota Yaris 1.5 107cv Xls Cvt,2026,Lanús - Bs.As. G.B.A. Sur,0.0,25389.333333333332
Toyota Yaris,Toyota Yaris 1.5 107cv Xls Sedan,2021,Capital Federal - Capital Federal,72000.0,18000.0
Toyota Yaris,Toyota Yaris 1.5 107cv Xs Cvt,2025,La Plata - Bs.As. G.B.A. Sur,11111.0,21333.333333333332
Toyota Yaris,Toyota Yaris 1.5 107cv S Cvt,2026,Capital Federal - Capital Federal,0.0,26333.333333333332
Toyota Yaris,Toyota Yaris 1.5 107cv Xls Cvt,2022,Castelar - Bs.As. G.B.A. Oeste,59200.0,20900.0
Toyota Yaris,Toyota Yaris 1.5 Xs Cvt,2025,Tigre - Bs.As. G.B.A. Norte,8533.0,22273.333333333332
Toyota Yaris,Toyota Yaris 1.5 Xs Cvt,2025,Capital Federal - Capital Federal,9465.0,21786.666666666668
Toyota Yaris,Toyota Yaris 1.5 107cv Xs Cvt,2025,Almirante Brown - Bs.As. G.B.A. Sur,9900.0,21266.666666666668
Toyota Yaris,Toyota Yaris 1.5 107cv Xs Cvt,2025,Almirante Brown - Bs.As. G.B.A. Sur,11000.0,21000.0
Toyota Yaris,Toyota Yaris 1.5 107cv Xls Pack Cvt,2023,La Matanza - Bs.As. G.B.A. Oeste,500.0,25999.0
Toyota Yaris,Toyota Yaris 1.5 107cv Xs Cvt,2025,Hurlingham - Bs.As. G.B.A. Oeste,18300.0,20000.0
Toyota Yaris,Toyota Yaris 1.5 107cv Xs Cvt,2024,Almirante Brown - Bs.As. G.B.A. Sur,36000.0,20000.0
Toyota Yaris,Toyota Yaris 1.5 107cv Xls Pack Cvt,2020,Capital Federal - Capital Federal,59600.0,18666.666666666668
Toyota Yaris,Toyota Yaris 1.5 107cv S Cvt,2019,La Matanza - Bs.As. G.B.A. Oeste,65000.0,18666.666666666668
Toyota Yaris,Toyota Yaris 1.5 107cv Xls Cvt,2021,Capital Federal - Capital Federal,117500.0,16500.0
Toyota Yaris,Toyota Yaris 1.5 107cv Xls Pack,2022,Tigre - Bs.As. G.B.A. Norte,39000.0,18600.0
Toyota Yaris,Toyota Yaris 1.5 107cv Xls Pack Cvt Sedan,2020,Vicente López - Bs.As. G.B.A. Norte,55000.0,18666.666666666668
Toyota Yaris,Toyota Yaris 1.5 107cv Xs Cvt,2025,Tigre - Bs.As. G.B.A. Norte,10000.0,21266.666666666668
Toyota Yaris,Toyota Yaris 1.5 107cv Cvt,2017,Lomas De Zamora - Bs.As. G.B.A. Sur,42000.0,15266.666666666666
Toyota Yaris,Toyota Yaris 1.5 107cv S Cvt,2022,La Plata - Bs.As. G.B.A. Sur,75000.0,20500.0
Toyota Yaris,Toyota Yaris 1.5 107cv Xs Cvt,2026,Ezeiza - Bs.As. G.B.A. Sur,0.0,22856.0
Toyota Yaris,Toyota Yaris 1.5 107cv Xs Cvt,2025,Hurlingham - Bs.As. G.B.A. Oeste,10000.0,19666.666666666668
Toyota Yaris,Toyota Yaris 1.5 107cv Xs Cvt,2025,Capital Federal - Capital Federal,26500.0,21350.0
Toyota Yaris,Toyota Yaris 1.5 107cv S Cvt,2021,Capital Federal - Capital Federal,92000.0,18300.0
Toyota Yaris,Toyota Yaris 1.5 107cv Xs Cvt,2025,San Isidro - Bs.As. G.B.A. Norte,0.0,22856.0
Toyota Yaris,Toyota Yaris 1.5 107cv S Cvt,2023,Capital Federal - Capital Federal,15000.0,20999.999333333333
Toyota Yaris,Toyota Yaris 1.5 107cv Xls Cvt Sedan,2023,Capital Federal - Capital Federal,60000.0,17333.333333333332
Toyota Yaris,Toyota Yaris 1.5 107cv Xls Sedan,2019,Vicente López - Bs.As. G.B.A. Norte,126000.0,14333.333333333334
Toyota Yaris,Toyota Yaris 1.5 Xls + Cvt,2025,Capital Federal - Capital Federal,12082.0,23200.0
Toyota Yaris,Toyota Yaris 1.5 107cv Xls Cvt,2025,Campana - Buenos Aires Interior,8300.0,24333.333333333332
Toyota Yaris,Toyota Yaris 1.5 107cv S Cvt,2025,Capital Federal - Capital Federal,0.0,29500.0
Toyota Yaris,Toyota Yaris 1.5 107cv S,2019,Mercedes - Buenos Aires Interior,75525.0,17666.666666666668
Toyota Yaris,Toyota Yaris 1.5 107cv Xls Cvt Sedan,2024,Tres De Febrero - Bs.As. G.B.A. Oeste,17709.0,20666.666666666668
Toyota Yaris,Toyota Yaris 1.5 107cv Xs Cvt,2026,San Isidro - Bs.As. G.B.A. Norte,1000.0,24000.0
Chevrolet Onix Plus,Chevrolet Onix Plus 1.0 Lt,2025,Tigre - Bs.As. G.B.A. Norte,700.0,17933.333333333332
Chevrolet Onix Plus,Chevrolet Onix Plus 1.0 Turbo Premier At,2026,,0.0,25047.933333333334
Chevrolet Onix Plus,Chevrolet Onix Plus 1.0 Lt,2025,Capital Federal - Capital Federal,0.0,17026.666
Chevrolet Onix Plus,Chevrolet Onix Plus 1.0 Lt,2026,Capital Federal - Capital Federal,0.0,17373.333333333332
Chevrolet Onix Plus,Chevrolet Onix Plus 1.0 Turbo Premier At,2025,Capital Federal - Capital Federal,0.0,20302.666
Chevrolet Onix Plus,Chevrolet Onix Plus 1.0 Turbo Premier At,2022,Capital Federal - Capital Federal,125101.0,14326.666666666666
Chevrolet Onix Plus,Chevrolet Onix Plus 1.0 Turbo Premier At,2026,Quilmes - Bs.As. G.B.A. Sur,0.0,21290.743333333332
Chevrolet Onix Plus,Chevrolet Onix Plus 1.0 Turbo Premier Mt,2020,Capital Federal - Capital Federal,82000.0,13000.0
Chevrolet Onix Plus,Chevrolet Onix Plus 1.0 Lt,2026,Capital Federal - Capital Federal,0.0,15346.666666666666
Chevrolet Onix Plus,Chevrolet Onix Plus 1.2,2024,Capital Federal - Capital Federal,11925.0,13266.666666666666
Chevrolet Onix Plus,Chevrolet Onix Plus 1.2 Lt,2021,Capital Federal - Capital Federal,99177.0,11326.666666666666
Chevrolet Onix Plus,Chevrolet Onix Plus 1.0 Lt,2025,Capital Federal - Capital Federal,0.0,16666.6
Chevrolet Onix Plus,Chevrolet Onix Plus 1.4 Black Edition,2022,Capital Federal - Capital Federal,103222.0,11000.0
Chevrolet Onix Plus,Chevrolet Onix Plus 1.0 Turbo Premier At,2026,Capital Federal - Capital Federal,0.0,19933.266666666666
Chevrolet Onix Plus,Chevrolet Onix Plus 1.0 Lt,2026,Capital Federal - Capital Federal,0.0,17200.0
Chevrolet Onix Plus,Chevrolet Onix Plus 1.0 Turbo Ltz At,2026,Capital Federal - Capital Federal,0.0,19333.333333333332
Chevrolet Onix Plus,Chevrolet Onix Plus 1.0 Turbo Premier At,2025,Capital Federal - Capital Federal,2500.0,19933.333333333332
Chevrolet Onix Plus,Chevrolet Onix Plus 1.2 Lt Tech Onstar,2020,Capital Federal - Capital Federal,43000.0,14000.0
Chevrolet Onix Plus,Chevrolet Onix Plus 1.2 Lt,2020,Capital Federal - Capital Federal,104272.0,11133.333333333334
Chevrolet Onix Plus,Chevrolet Onix Plus 1.0 Lt,2026,Campana - Buenos Aires Interior,0.0,17332.6
Chevrolet Onix Plus,Chevrolet Onix Plus 1.4 Black Edition,2021,Cañuelas - Buenos Aires Interior,86000.0,11666.666666666666
Chevrolet Onix Plus,Chevrolet Onix Plus 1.0 Turbo Premier At,2023,General San Martín - Bs.As. G.B.A. Norte,29000.0,17000.0
Chevrolet Onix Plus,Chevrolet Onix Plus 1.0 Turbo Ltz At,2025,San Isidro - Bs.As. G.B.A. Norte,35000.0,16266.666666666666
Chevrolet Onix Plus,Chevrolet Onix Plus 1.0 Lt,2024,Capital Federal - Capital Federal,9000.0,16600.0
Chevrolet Onix Plus,Chevrolet Onix Plus 1.0 Turbo Ltz At,2026,Tigre - Bs.As. G.B.A. Norte,0.0,19333.333333333332
Chevrolet Onix Plus,Chevrolet Onix Plus 1.0 Turbo Premier At,2025,Capital Federal - Capital Federal,1000.0,18600.0
Chevrolet Onix Plus,Chevrolet Onix Plus 1.0 Turbo Ltz Mt,2023,Tigre - Bs.As. G.B.A. Norte,68000.0,12992.0
Chevrolet Onix Plus,Chevrolet Onix Plus 1.0 Lt,2026,Tigre - Bs.As. G.B.A. Norte,0.0,17333.332666666665
Chevrolet Onix Plus,Chevrolet Onix Plus 1.0 Turbo Premier At,2026,Castelar - Bs.As. G.B.A. Oeste,0.0,21290.743333333332
Chevrolet Onix Plus,Chevrolet Onix Plus 1.0 Turbo Premier At,2026,Capital Federal - Capital Federal,0.0,20926.666666666668
Chevrolet Onix Plus,Chevrolet Onix Plus 1.0 Lt,2026,Capital Federal - Capital Federal,0.0,18903.54
Chevrolet Onix Plus,Chevrolet Onix Plus 1.0 Lt,2026,Vicente López - Bs.As. G.B.A. Norte,0.0,18903.54
Chevrolet Onix Plus,Chevrolet Onix Plus 1.0 Lt,2026,La Matanza - Bs.As. G.B.A. Oeste,0.0,18903.54
Chevrolet Onix Plus,Chevrolet Onix Plus 1.0 Lt,2026,Capital Federal - Capital Federal,0.0,18903.54
Chevrolet Onix Plus,Chevrolet Onix Plus 1.0 Lt,2026,Capital Federal - Capital Federal,0.0,18903.54
Chevrolet Onix Plus,Chevrolet Onix Plus 1.0 Lt,2026,Capital Federal - Capital Federal,0.0,18903.54
Chevrolet Onix Plus,Chevrolet Onix Plus 1.0 Lt,2026,Hurlingham - Bs.As. G.B.A. Oeste,0.0,18903.54
Chevrolet Onix Plus,Chevrolet Onix Plus 1.0 Lt,2026,La Plata - Bs.As. G.B.A. Sur,0.0,18903.54
Chevrolet Onix Plus,Chevrolet Onix Plus 1.0 Lt,2026,Capital Federal - Capital Federal,0.0,18903.54
Chevrolet Onix Plus,Chevrolet Onix Plus 1.0 Lt,2026,Castelar - Bs.As. G.B.A. Oeste,0.0,18903.54
Chevrolet Onix Plus,Chevrolet Onix Plus 1.0 Lt,2026,Capital Federal - Capital Federal,0.0,18903.54
Chevrolet Onix Plus,Chevrolet Onix Plus 1.0 Lt,2026,Capital Federal - Capital Federal,0.0,18903.54
Chevrolet Onix Plus,Chevrolet Onix Plus 1.0 Lt,2026,Capital Federal - Capital Federal,0.0,18903.54
Chevrolet Onix Plus,Chevrolet Onix Plus 1.0 Lt,2026,Capital Federal - Capital Federal,0.0,18903.54
Chevrolet Onix Plus,Chevrolet Onix Plus 1.0 Lt,2026,Ezeiza - Bs.As. G.B.A. Sur,0.0,18903.54
Chevrolet Onix Plus,Chevrolet Onix Plus 1.0 Lt,2026,La Matanza - Bs.As. G.B.A. Oeste,0.0,18903.54
Chevrolet Onix Plus,Chevrolet Onix Plus 1.0 Lt,2026,Capital Federal - Capital Federal,0.0,18903.54
Chevrolet Onix Plus,Chevrolet Onix Plus 1.0 Lt,2026,Capital Federal - Capital Federal,0.0,18903.54
Chevrolet Onix Plus,Chevrolet Onix Plus 1.0 Lt,2026,Capital Federal - Capital Federal,0.0,16800.0
Chevrolet Onix Plus,Chevrolet Onix Plus 1.0 Lt,2026,Escobar - Bs.As. G.B.A. Norte,0.0,17332.66
Chevrolet Onix Plus,Chevrolet Onix Plus 1.0 Lt,2026,Capital Federal - Capital Federal,0.0,16666.6
Chevrolet Onix Plus,Chevrolet Onix Plus 1.0 Turbo Ltz At,2026,Capital Federal - Capital Federal,0.0,21280.765333333333
Chevrolet Onix Plus,Chevrolet Onix Plus 1.0 Turbo Ltz At,2026,Capital Federal - Capital Federal,0.0,21280.765333333333
Chevrolet Onix Plus,Chevrolet Onix Plus 1.0 Turbo Ltz At,2026,Capital Federal - Capital Federal,0.0,21280.765333333333
Chevrolet Onix Plus,Chevrolet Onix Plus 1.0 Turbo Ltz At,2026,Almirante Brown - Bs.As. G.B.A. Sur,0.0,21280.765333333333
Chevrolet Onix Plus,Chevrolet Onix Plus 1.0 Turbo Ltz At,2026,La Matanza - Bs.As. G.B.A. Oeste,0.0,21280.765333333333
Chevrolet Onix Plus,Chevrolet Onix Plus 1.0 Turbo Ltz At,2026,Capital Federal - Capital Federal,0.0,21280.765333333333
Chevrolet Onix Plus,Chevrolet Onix Plus 1.0 Turbo Ltz At,2026,Capital Federal - Capital Federal,0.0,21280.765333333333
Chevrolet Onix Plus,Chevrolet Onix Plus 1.0 Turbo Ltz At,2026,Capital Federal - Capital Federal,0.0,21280.765333333333
Chevrolet Onix Plus,Chevrolet Onix Plus 1.0 Turbo Ltz At,2026,Capital Federal - Capital Federal,0.0,21280.765333333333
Chevrolet Onix Plus,Chevrolet Onix Plus 1.0 Turbo Ltz At,2026,Capital Federal - Capital Federal,0.0,21280.765333333333
Chevrolet Onix Plus,Chevrolet Onix Plus 1.0 Turbo Ltz At,2026,Vicente López - Bs.As. G.B.A. Norte,0.0,21280.765333333333
Chevrolet Onix Plus,Chevrolet Onix Plus 1.0 Turbo Ltz At,2026,Capital Federal - Capital Federal,0.0,21280.765333333333
Chevrolet Onix Plus,Chevrolet Onix Plus 1.0 Turbo Ltz At,2026,Capital Federal - Capital Federal,0.0,19333.332666666665
Chevrolet Onix Plus,Chevrolet Onix Plus 1.2 Lt,2020,Lanús - Bs.As. G.B.A. Sur,57000.0,12000.0
Chevrolet Onix Plus,Chevrolet Onix Plus 1.0 Turbo Premier At,2022,Tigre - Bs.As. G.B.A. Norte,55000.0,15325.333333333334
Chevrolet Onix Plus,Chevrolet Onix Plus 1.0 Lt,2025,Escobar - Bs.As. G.B.A. Norte,12200.0,18333.333333333332
Chevrolet Onix Plus,Chevrolet Onix Plus 1.0 Turbo Premier At,2026,Capital Federal - Capital Federal,0.0,21290.743333333332
Chevrolet Onix Plus,Chevrolet Onix Plus 1.0 Turbo Premier At,2026,Capital Federal - Capital Federal,0.0,21290.743333333332
Chevrolet Onix Plus,Chevrolet Onix Plus 1.0 Turbo Premier At,2026,Capital Federal - Capital Federal,0.0,21290.743333333332
Chevrolet Onix Plus,Chevrolet Onix Plus 1.0 Turbo Premier At,2026,Capital Federal - Capital Federal,0.0,21290.743333333332
Chevrolet Onix Plus,Chevrolet Onix Plus 1.0 Turbo Premier At,2026,Capital Federal - Capital Federal,0.0,21290.743333333332
Chevrolet Onix Plus,Chevrolet Onix Plus 1.0 Turbo Premier At,2026,Capital Federal - Capital Federal,0.0,21290.743333333332
Chevrolet Onix Plus,Chevrolet Onix Plus 1.0 Turbo Premier At,2026,Capital Federal - Capital Federal,0.0,20200.0
Chevrolet Onix Plus,Chevrolet Onix Plus 1.0 Turbo Premier At,2026,Malvinas Argentinas - Bs.As. G.B.A. Norte,0.0,20599.933333333334
Chevrolet Onix Plus,Chevrolet Onix Plus 1.0 Turbo Premier At,2026,Tigre - Bs.As. G.B.A. Norte,0.0,20600.0
Chevrolet Onix Plus,Chevrolet Onix Plus 1.2 Lt,2020,Lanús - Bs.As. G.B.A. Sur,33000.0,11666.666666666666
Chevrolet Onix Plus,Chevrolet Onix Plus 1.0 Turbo Premier Mt,2020,Merlo - Bs.As. G.B.A. Oeste,23200.0,15800.0
Chevrolet Onix Plus,Chevrolet Onix Plus 1.0 Lt,2026,Tres De Febrero - Bs.As. G.B.A. Oeste,0.0,16933.333333333332
Chevrolet Onix Plus,Chevrolet Onix Plus 1.0 Turbo Premier At,2026,Capital Federal - Capital Federal,0.0,20666.667333333335
Chevrolet Onix Plus,Chevrolet Onix Plus 1.0 Turbo Ltz At,2026,La Matanza - Bs.As. G.B.A. Oeste,0.0,21280.765333333333
Chevrolet Onix Plus,Chevrolet Onix Plus 1.0 Turbo Premier At,2021,La Plata - Bs.As. G.B.A. Sur,80000.0,14000.0
Chevrolet Onix Plus,Chevrolet Onix Plus 1.0 Turbo Premier At,2020,La Matanza - Bs.As. G.B.A. Oeste,31000.0,15866.666666666666
Chevrolet Onix Plus,Chevrolet Onix Plus 1.2 Lt,2021,Lanús - Bs.As. G.B.A. Sur,41773.0,14000.0
Chevrolet Onix Plus,Chevrolet Onix Plus 1.2 Lt,2023,Pilar - Bs.As. G.B.A. Norte,66000.0,12466.666666666666
Chevrolet Onix Plus,Chevrolet Onix Plus 1.0 Turbo Premier Mt,2020,La Matanza - Bs.As. G.B.A. Oeste,45000.0,14333.333333333334
Chevrolet Onix Plus,Chevrolet Onix Plus 1.4 Black Edition,2020,Escobar - Bs.As. G.B.A. Norte,78238.0,12333.333333333334
Chevrolet Onix Plus,Chevrolet Onix Plus 1.0 Turbo Premier At,2020,Quilmes - Bs.As. G.B.A. Sur,100000.0,13666.666666666666
Chevrolet Onix Plus,Chevrolet Onix Plus 1.0 Turbo Premier At,2020,Capital Federal - Capital Federal,77000.0,13933.333333333334
Chevrolet Onix Plus,Chevrolet Onix Plus 1.2,2023,Lanús - Bs.As. G.B.A. Sur,95500.0,14000.0
Chevrolet Onix Plus,Chevrolet Onix Plus 1.2 Lt,2020,Luján - Buenos Aires Interior,112300.0,10000.0
Chevrolet Onix Plus,Chevrolet Onix Plus 1.0 Lt,2026,Capital Federal - Capital Federal,0.0,16933.333333333332
Chevrolet Onix Plus,Chevrolet Onix Plus 1.0 Lt,2026,Capital Federal - Capital Federal,0.0,16933.333333333332
Chevrolet Onix Plus,Chevrolet Onix Plus 1.2 Lt Tech Onstar,2020,Pilar - Bs.As. G.B.A. Norte,113000.0,10333.333333333334
Chevrolet Onix Plus,Chevrolet Onix Plus 1.0 Lt,2024,Capital Federal - Capital Federal,9000.0,16600.0
Chevrolet Onix Plus,Chevrolet Onix Plus 1.2 Lt,2020,La Matanza - Bs.As. G.B.A. Oeste,108000.0,11000.0
Chevrolet Onix Plus,Chevrolet Onix Plus 1.0 Turbo Ltz At,2026,Capital Federal - Capital Federal,0.0,18799.933333333334
Chevrolet Onix Plus,Chevrolet Onix Plus 1.2,2021,Capital Federal - Capital Federal,36000.0,12333.333333333334
Chevrolet Onix Plus,Chevrolet Onix Plus 1.0 Lt,2025,Hurlingham - Bs.As. G.B.A. Oeste,10000.0,16666.666666666668
Chevrolet Onix Plus,Chevrolet Onix Plus 1.0 Turbo Premier At,2026,Capital Federal - Capital Federal,0.0,20400.0
Chevrolet Onix Plus,Chevrolet Onix Plus 1.0 Turbo Premier At,2026,Capital Federal - Capital Federal,0.0,20400.0
Chevrolet Onix Plus,Chevrolet Onix Plus 1.0 Turbo Premier At,2026,Tres De Febrero - Bs.As. G.B.A. Oeste,0.0,20400.0
Chevrolet Onix Plus,Chevrolet Onix Plus 1.0 Turbo Premier At,2026,Capital Federal - Capital Federal,0.0,21000.0
Chevrolet Onix Plus,Chevrolet Onix Plus 1.4 Base,2021,La Matanza - Bs.As. G.B.A. Oeste,67130.0,13000.0
Chevrolet Onix Plus,Chevrolet Onix Plus 1.0 Lt,2025,Capital Federal - Capital Federal,0.0,16726.666666666668
Chevrolet Onix Plus,Chevrolet Onix Plus 1.2,2020,Berazategui - Bs.As. G.B.A. Sur,72000.0,11933.333333333334
Chevrolet Onix Plus,Chevrolet Onix Plus 1.0 Turbo Premier At,2020,Tigre - Bs.As. G.B.A. Norte,36000.0,15933.333333333334
Chevrolet Onix Plus,Chevrolet Onix Plus 1.0 Turbo Premier At,2025,Pilar - Buenos Aires Interior,0.0,22316.941333333332
Chevrolet Onix Plus,Chevrolet Onix Plus 1.2 Lt,2021,Capital Federal - Capital Federal,58600.0,12260.0
Chevrolet Onix Plus,Chevrolet Onix Plus 1.2 Lt,2021,Avellaneda - Bs.As. G.B.A. Sur,110000.0,14666.666666666666
Chevrolet Onix Plus,Chevrolet Onix Plus 1.2 Lt Tech Onstar,2020,Capital Federal - Capital Federal,35000.0,12800.0
Chevrolet Onix Plus,Chevrolet Onix Plus 1.0 Turbo Premier At,2021,La Plata - Bs.As. G.B.A. Sur,78000.0,14333.333333333334
Chevrolet Onix Plus,Chevrolet Onix Plus 1.2 Lt Tech Onstar,2021,San Miguel - Bs.As. G.B.A. Norte,84000.0,11666.666666666666
Chevrolet Onix Plus,Chevrolet Onix Plus 1.0 Turbo Premier At,2023,Capital Federal - Capital Federal,21000.0,18900.0
Chevrolet Onix Plus,Chevrolet Onix Plus 1.0 Turbo Ltz At,2026,Lanús - Bs.As. G.B.A. Sur,0.0,20266.666666666668
Chevrolet Onix Plus,Chevrolet Onix Plus 1.0 Turbo Lt,2026,Capital Federal - Capital Federal,0.0,16933.333333333332
Chevrolet Onix Plus,Chevrolet Onix Plus 1.0 Turbo Ltz At,2025,Capital Federal - Capital Federal,24880.0,19000.0
Chevrolet Onix Plus,Chevrolet Onix Plus 1.0 Turbo Ltz At,2025,Capital Federal - Capital Federal,24880.0,18000.0
Chevrolet Onix Plus,Chevrolet Onix Plus 1.2,2023,Escobar - Bs.As. G.B.A. Norte,74019.0,16000.0
Chevrolet Onix Plus,Chevrolet Onix Plus 1.2 Mt,2020,Capital Federal - Capital Federal,93000.0,11333.333333333334
Chevrolet Onix Plus,Chevrolet Onix Plus 1.0 Turbo Premier At,2020,Capital Federal - Capital Federal,92635.0,13933.333333333334
Chevrolet Onix Plus,Chevrolet Onix Plus 1.0 Lt,2026,Capital Federal - Capital Federal,0.0,16933.333333333332
Chevrolet Onix Plus,Chevrolet Onix Plus 1.0 Lt,2026,Capital Federal - Capital Federal,0.0,16933.333333333332
Chevrolet Onix Plus,Chevrolet Onix Plus 1.0 Lt,2026,La Plata - Bs.As. G.B.A. Sur,0.0,17652.531333333332
Chevrolet Onix Plus,Chevrolet Onix Plus 1.2 Lt,2020,Campana - Buenos Aires Interior,83000.0,13000.0
Chevrolet Onix Plus,Chevrolet Onix Plus 1.0 Turbo Premier At,2026,Capital Federal - Capital Federal,0.0,20400.0
Chevrolet Onix Plus,Chevrolet Onix Plus 1.0 Turbo Premier At,2026,Capital Federal - Capital Federal,0.0,21516.666666666668
Chevrolet Onix Plus,Chevrolet Onix Plus 1.0 Turbo Premier At,2026,Capital Federal - Capital Federal,0.0,19548.666666666668
Chevrolet Onix Plus,Chevrolet Onix Plus 1.0 Turbo Premier Mt,2020,Lanús - Bs.As. G.B.A. Sur,49000.0,14666.666666666666
Chevrolet Onix Plus,Chevrolet Onix Plus 1.2,2024,Castelar - Bs.As. G.B.A. Oeste,22000.0,14500.0
Chevrolet Onix Plus,Chevrolet Onix Plus 1.4 Black Edition,2023,Malvinas Argentinas - Bs.As. G.B.A. Norte,28000.0,14000.0
Chevrolet Onix Plus,Chevrolet Onix Plus 1.0 Turbo Premier At,2024,Capital Federal - Capital Federal,2500.0,20600.0
Chevrolet Onix Plus,Chevrolet Onix Plus 1.4 Joy,2020,Lanús - Bs.As. G.B.A. Sur,72000.0,11333.333333333334
Chevrolet Onix Plus,Chevrolet Onix Plus 1.2 Lt,2020,Esteban Echeverría - Bs.As. G.B.A. Sur,34000.0,13333.333333333334
Chevrolet Onix Plus,Chevrolet Onix Plus 1.0 Turbo Premier At,2021,Capital Federal - Capital Federal,68710.0,14333.333333333334
Chevrolet Onix Plus,Chevrolet Onix Plus 1.0 Turbo Premier At,2020,Capital Federal - Capital Federal,70000.0,13166.666666666666
Chevrolet Onix Plus,Chevrolet Onix Plus 1.4 Joy,2020,Capital Federal - Capital Federal,12000.0,14900.0
Chevrolet Onix Plus,Chevrolet Onix Plus 1.0 Turbo Premier At,2020,Morón - Bs.As. G.B.A. Oeste,53000.0,14600.0
Chevrolet Onix Plus,Chevrolet Onix Plus 1.4 Black Edition,2021,Avellaneda - Bs.As. G.B.A. Sur,38000.0,12326.666666666666
Chevrolet Onix Plus,Chevrolet Onix Plus 1.2 Lt Tech Onstar,2023,Caseros - Bs.As. G.B.A. Oeste,74000.0,14200.0
Chevrolet Onix Plus,Chevrolet Onix Plus 1.0 Turbo Ltz At,2022,Vicente López - Bs.As. G.B.A. Norte,51000.0,18999.0
Chevrolet Onix Plus,Chevrolet Onix Plus 1.2 Lt,2023,Capital Federal - Capital Federal,22000.0,15833.333333333334
Chevrolet Onix Plus,Chevrolet Onix Plus 1.4 Black Edition,2020,Mar Del Plata - Bs.As. Costa Atlántica,71000.0,11333.333333333334
Chevrolet Onix Plus,Chevrolet Onix Plus 1.0 Turbo Premier At,2025,Córdoba - Córdoba,0.0,22000.0
Chevrolet Onix Plus,Chevrolet Onix Plus 1.2 Lt,2020,Maracó - La Pampa,81000.0,10666.666666666666
Chevrolet Onix Plus,Chevrolet Onix Plus Onix Plus 1.0t At Ltz,2025,Bariloche - Río Negro,29048.0,17500.0
Chevrolet Onix Plus,Chevrolet Onix Plus 1.2 Lt Tech,2020,Pinamar - Província De Buenos Aires,87415.0,13000.0
Chevrolet Onix Plus,Chevrolet Onix Plus 1.0 Turbo Ltz At,2026,San Bernardo - Bs.As. Costa Atlántica,0.0,21280.765333333333
Chevrolet Onix Plus,Chevrolet Onix Plus 1.0 Lt,2026,Córdoba - Córdoba,0.0,18333.333333333332
Chevrolet Onix Plus,Chevrolet Onix Plus 1.2 Lt,2023,Mar Del Plata - Bs.As. Costa Atlántica,60000.0,13266.666666666666
Chevrolet Onix Plus,Chevrolet Onix Plus 1.2 Lt,2020,25 De Mayo - Buenos Aires Interior,90000.0,12400.0
Chevrolet Onix Plus,Chevrolet Onix Plus 1.2 Lt Tech Onstar,2020,San Miguel De Tucumán - Tucumán,111000.0,12333.333333333334
Chevrolet Onix Plus,Chevrolet Onix Plus 1.0 Lt,2026,Mar Del Plata - Bs.As. Costa Atlántica,0.0,18903.54
Chevrolet Onix Plus,Chevrolet Onix Plus 1.2 Ls,2020,Córdoba - Córdoba,81000.0,11932.666666666666
Chevrolet Onix Plus,Chevrolet Onix Plus 1.0 Turbo Premier At,2026,Córdoba - Córdoba,0.0,21866.666666666668
Chevrolet Onix Plus,Chevrolet Onix Plus 1.2 Lt Tech Onstar,2020,Paraná - Entre Ríos,112000.0,12666.666666666666
Chevrolet Onix Plus,Chevrolet Onix Plus 1.0 Turbo Premier At,2026,Córdoba - Córdoba,0.0,23333.333333333332
Chevrolet Onix Plus,Chevrolet Onix Plus 1.2 Lt Tech,2021,Mar Del Plata - Bs.As. Costa Atlántica,45000.0,14900.0
Chevrolet Onix Plus,Chevrolet Onix Plus 1.2 Lt Tech Onstar,2020,Córdoba - Córdoba,170000.0,11666.666666666666
Chevrolet Onix Plus,Chevrolet Onix Plus 1.2 Lt Tech,2020,Paraná - Entre Ríos,108392.0,12333.333333333334
Chevrolet Onix Plus,Chevrolet Onix Plus 1.0 Turbo Ltz At,2023,Tapalqué - Buenos Aires Interior,25000.0,16500.0
Chevrolet Onix Plus,Chevrolet Onix Plus 1.2 Lt Tech,2020,Santo Tomé - Santa Fe,75000.0,12333.333333333334
Chevrolet Onix Plus,Chevrolet Onix Plus 1.0 Lt,2026,Azul - Buenos Aires Interior,0.0,18903.54
Chevrolet Onix Plus,Chevrolet Onix Plus 1.0 Lt,2026,Las Toninas - Bs.As. Costa Atlántica,0.0,18903.54
Chevrolet Onix Plus,Chevrolet Onix Plus 1.0 Lt,2026,Ayacucho - Buenos Aires Interior,0.0,18903.54
Chevrolet Onix Plus,Chevrolet Onix Plus 1.0 Lt,2026,Concordia - Entre Ríos,0.0,17733.333333333332
Chevrolet Onix Plus,Chevrolet Onix Plus 1.0 Turbo Ltz At,2026,Olavarría - Buenos Aires Interior,0.0,21280.765333333333
Chevrolet Onix Plus,Chevrolet Onix Plus 1.0 Turbo Ltz At,2026,Concordia - Entre Ríos,0.0,19800.0
Chevrolet Onix Plus,Chevrolet Onix Plus 1.0 Turbo Premier Mt,2020,Oncativo - Córdoba,80000.0,13000.0
Chevrolet Onix Plus,Chevrolet Onix Plus 1.0 Turbo Premier At,2026,Rauch - Buenos Aires Interior,0.0,21290.743333333332
Chevrolet Onix Plus,Chevrolet Onix Plus 1.0 Turbo Premier At,2026,Las Toninas - Bs.As. Costa Atlántica,0.0,21290.743333333332
Chevrolet Onix Plus,Chevrolet Onix Plus 1.4 Black Edition,2023,Punilla - Córdoba,45000.0,12600.0
Chevrolet Onix Plus,Chevrolet Onix Plus 1.0 Turbo Ltz Mt,2024,Concordia - Entre Ríos,114925.0,16266.666666666666
Chevrolet Onix Plus,Chevrolet Onix Plus 1.0 Turbo Premier I Mt,2020,Córdoba - Córdoba,106600.0,12333.333333333334
Chevrolet Onix Plus,Chevrolet Onix Plus 1.2 Lt Tech,2023,Córdoba - Córdoba,78000.0,15333.333333333334
Chevrolet Onix Plus,Chevrolet Onix Plus 1.2 Lt Tech Onstar,2020,Paraná - Entre Ríos,112000.0,12666.666666666666
Chevrolet Onix Plus,Chevrolet Onix Plus 1.0 Turbo Premier At,2024,Concordia - Entre Ríos,33000.0,18350.0
Chevrolet Onix Plus,Chevrolet Onix Plus 1.0 Turbo Premier At,2026,Concordia - Entre Ríos,0.0,21066.666666666668
Chevrolet Onix Plus,Chevrolet Onix Plus 1.4 Black Edition,2023,Cruz Del Eje - Córdoba,35000.0,13000.0
Chevrolet Prisma,Chevrolet Prisma 1.4 Ltz At 98cv,2016,Lomas De Zamora - Bs.As. G.B.A. Sur,88000.0,10000.0
Chevrolet Prisma,Chevrolet Prisma 1.4 Joy Ls 98cv,2018,San Isidro - Bs.As. G.B.A. Norte,90000.0,9150.0
Chevrolet Prisma,Chevrolet Prisma 1.4 Joy Ls 98cv,2018,Capital Federal - Capital Federal,214000.0,8000.0
Chevrolet Prisma,Chevrolet Prisma 1.4 Joy Ls 98cv,2018,Capital Federal - Capital Federal,125000.0,8333.333333333334
Chevrolet Prisma,Chevrolet Prisma 1.4 Ltz 98cv,2018,Morón - Bs.As. G.B.A. Oeste,160000.0,11800.0
Chevrolet Prisma,Chevrolet Prisma 1.4 Joy Ls 98cv,2017,Capital Federal - Capital Federal,114000.0,9533.333333333334
Chevrolet Prisma,Chevrolet Prisma 1.4 Lt 98cv,2019,Lomas De Zamora - Bs.As. G.B.A. Sur,85000.0,11200.0
Chevrolet Prisma,Chevrolet Prisma 1.4 Ltz 98cv,2017,Capital Federal - Capital Federal,112000.0,10066.666666666666
Chevrolet Prisma,Chevrolet Prisma 1.4 Lt 98cv,2019,Hurlingham - Bs.As. G.B.A. Oeste,95127.0,10533.333333333334
Chevrolet Prisma,Chevrolet Prisma 1.4 Lt 98cv,2020,Capital Federal - Capital Federal,144000.0,11500.0
Chevrolet Prisma,Chevrolet Prisma 1.4 Ls,2019,Capital Federal - Capital Federal,135000.0,8946.666666666666
Chevrolet Prisma,Chevrolet Prisma 1.4 Ltz 98cv,2018,Almirante Brown - Bs.As. G.B.A. Sur,97000.0,11800.0
Chevrolet Prisma,Chevrolet Prisma 1.4 Joy Ls 98cv,2020,Capital Federal - Capital Federal,105000.0,9666.666666666666
Chevrolet Prisma,Chevrolet Prisma 1.4 Joy Ls 98cv,2017,Tigre - Bs.As. G.B.A. Norte,75000.0,9990.0
Chevrolet Prisma,Chevrolet Prisma 1.4 Lt 98cv,2018,Avellaneda - Bs.As. G.B.A. Sur,120000.0,10666.666666666666
Chevrolet Prisma,Chevrolet Prisma 1.4 Ltz 98cv,2016,Capital Federal - Capital Federal,96000.0,10333.333333333334
Chevrolet Prisma,Chevrolet Prisma 1.4 Joy Ls 98cv,2018,La Matanza - Bs.As. G.B.A. Oeste,71000.0,9333.333333333334
Chevrolet Prisma,Chevrolet Prisma 1.4 Joy Ls 98cv,2018,Capital Federal - Capital Federal,166000.0,10600.0
Chevrolet Prisma,Chevrolet Prisma 1.4 Joy Ls,2019,General San Martín - Bs.As. G.B.A. Norte,95000.0,10333.333333333334
Chevrolet Prisma,Chevrolet Prisma 1.4 Lt 98cv,2018,Cañuelas - Buenos Aires Interior,117000.0,11666.666
Chevrolet Prisma,Chevrolet Prisma 1.4 Ltz 98cv,2017,Morón - Bs.As. G.B.A. Oeste,92305.0,12700.0
Chevrolet Prisma,Chevrolet Prisma 1.4 Joy Ls 98cv,2018,Quilmes - Bs.As. G.B.A. Sur,120400.0,10592.0
Chevrolet Prisma,Chevrolet Prisma 1.4 Ls+,2017,Tigre - Bs.As. G.B.A. Norte,64451.0,10206.666666666666
Chevrolet Prisma,Chevrolet Prisma 1.4 Lt 98cv,2017,Moreno - Bs.As. G.B.A. Oeste,156200.0,9190.571333333333
Chevrolet Prisma,Chevrolet Prisma 1.4 Joy Ls 98cv,2016,Tres De Febrero - Bs.As. G.B.A. Oeste,89000.0,8600.0
Chevrolet Prisma,Chevrolet Prisma 1.4 Lt 98cv,2016,La Plata - Bs.As. G.B.A. Sur,179000.0,9000.0
Chevrolet Prisma,Chevrolet Prisma 1.4 Ltz 98cv,2017,San Isidro - Bs.As. G.B.A. Norte,118451.0,10000.0
Chevrolet Prisma,Chevrolet Prisma 1.4 Lt 98cv,2018,La Matanza - Bs.As. G.B.A. Oeste,80000.0,9666.666666666666
Chevrolet Prisma,Chevrolet Prisma 1.4 Lt 98cv,2019,Hurlingham - Bs.As. G.B.A. Oeste,104000.0,12000.0
Chevrolet Prisma,Chevrolet Prisma 1.4 Lt 98cv,2019,Hurlingham - Bs.As. G.B.A. Oeste,95000.0,11200.0
Chevrolet Prisma,Chevrolet Prisma 1.4 Ls+,2017,Malvinas Argentinas - Bs.As. G.B.A. Norte,47154.0,9720.0
Chevrolet Prisma,Chevrolet Prisma 1.4 Joy Ls,2019,Berazategui - Bs.As. G.B.A. Sur,88000.0,11500.0
Chevrolet Prisma,Chevrolet Prisma 1.4 Joy Ls 98cv,2018,Tres De Febrero - Bs.As. G.B.A. Oeste,113000.0,8600.0
Chevrolet Prisma,Chevrolet Prisma 1.4 Lt 98cv,2016,Tigre - Bs.As. G.B.A. Norte,216000.0,8666.666666666666
Chevrolet Prisma,Chevrolet Prisma 1.4 Lt 98cv,2018,Capital Federal - Capital Federal,76000.0,11666.666666666666
Chevrolet Prisma,Chevrolet Prisma 1.4 Lt 98cv,2017,Capital Federal - Capital Federal,170000.0,9333.333333333334
Chevrolet Prisma,Chevrolet Prisma 1.4 Lt 98cv,2020,Capital Federal - Capital Federal,146000.0,11900.0
Chevrolet Prisma,Chevrolet Prisma 1.4 Joy Ls,2020,General Rodríguez - Bs.As. G.B.A. Oeste,70000.0,14500.0
Chevrolet Prisma,Chevrolet Prisma 1.4 Joy Ls 98cv,2018,Capital Federal - Capital Federal,130000.0,7200.0
Chevrolet Prisma,Chevrolet Prisma 1.4 Ltz At 98cv,2018,Ituzaingó - Bs.As. G.B.A. Oeste,138737.0,12500.0
Chevrolet Prisma,Chevrolet Prisma 1.4 Lt 98cv,2017,Capital Federal - Capital Federal,88400.0,10466.666666666666
Chevrolet Prisma,Chevrolet Prisma 1.4 Lt 98cv,2016,La Plata - Bs.As. G.B.A. Sur,135000.0,9000.0
Chevrolet Prisma,Chevrolet Prisma 1.4 Ltz 98cv,2018,Capital Federal - Capital Federal,74826.0,11933.333333333334
Chevrolet Prisma,Chevrolet Prisma 1.4 Ltz At 98cv,2018,Pilar - Bs.As. G.B.A. Norte,97000.0,9666.666666666666
Chevrolet Prisma,Chevrolet Prisma 1.4 Ltz At 98cv,2018,Tigre - Bs.As. G.B.A. Norte,101000.0,11166.666666666666
Chevrolet Prisma,Chevrolet Prisma 1.4 Ltz At 98cv,2017,La Matanza - Bs.As. G.B.A. Oeste,110000.0,9866.666666666666
Chevrolet Prisma,Chevrolet Prisma 1.4 Joy Ls 98cv,2018,Capital Federal - Capital Federal,225000.0,6866.666666666667
Chevrolet Prisma,Chevrolet Prisma 1.4 Lt 98cv,2016,La Matanza - Bs.As. G.B.A. Oeste,110000.0,8333.333333333334
Chevrolet Prisma,Chevrolet Prisma 1.4 Joy Ls 98cv,2017,Capital Federal - Capital Federal,97000.0,10333.333333333334
Chevrolet Prisma,Chevrolet Prisma 1.4 Lt 98cv,2016,Capital Federal - Capital Federal,221000.0,6600.0
Chevrolet Prisma,Chevrolet Prisma 1.4 Lt 98cv,2018,La Matanza - Bs.As. G.B.A. Oeste,144000.0,10266.666666666666
Chevrolet Prisma,Chevrolet Prisma 1.4 Joy Ls 98cv,2018,Quilmes - Bs.As. G.B.A. Sur,144000.0,9326.666666666666
Chevrolet Prisma,Chevrolet Prisma 1.4 Ltz 98cv,2018,Capital Federal - Capital Federal,90000.0,9600.0
Chevrolet Prisma,Chevrolet Prisma 1.4 N Lt,2019,San Fernando - Bs.As. G.B.A. Norte,74000.0,12000.0
Chevrolet Prisma,Chevrolet Prisma 1.4 Ltz 98cv,2018,Lomas De Zamora - Bs.As. G.B.A. Sur,100000.0,11000.0
Chevrolet Prisma,Chevrolet Prisma 1.4 Joy Ls,2019,Capital Federal - Capital Federal,96000.0,11333.333333333334
Chevrolet Prisma,Chevrolet Prisma 1.4 Joy Ls,2019,La Plata - Bs.As. G.B.A. Sur,136000.0,11000.0
Chevrolet Prisma,Chevrolet Prisma 1.4 Joy Ls,2019,La Plata - Bs.As. G.B.A. Sur,60000.0,11166.666666666666
Chevrolet Prisma,Chevrolet Prisma 1.4 Joy Ls,2019,Pilar - Bs.As. G.B.A. Norte,80000.0,13000.0
Chevrolet Prisma,Chevrolet Prisma 1.4 Joy Ls,2019,Escobar - Bs.As. G.B.A. Norte,138000.0,13200.0
Chevrolet Prisma,Chevrolet Prisma 1.4 Joy Ls,2019,Capital Federal - Capital Federal,96000.0,12000.0
Chevrolet Prisma,Chevrolet Prisma 1.4 Joy Ls 98cv,2018,Avellaneda - Bs.As. G.B.A. Sur,92000.0,10333.333333333334
Chevrolet Prisma,Chevrolet Prisma 1.4 Ltz 98cv,2018,Morón - Bs.As. G.B.A. Oeste,125000.0,11200.0
Chevrolet Prisma,Chevrolet Prisma 1.4 Ltz At 98cv,2016,La Matanza - Bs.As. G.B.A. Oeste,136000.0,9666.666666666666
Chevrolet Prisma,Chevrolet Prisma 1.4 Lt 98cv,2021,Capital Federal - Capital Federal,87000.0,11333.333333333334
Chevrolet Prisma,Chevrolet Prisma 1.4 Ltz 98cv,2017,Avellaneda - Bs.As. G.B.A. Sur,86000.0,10800.0
Chevrolet Prisma,Chevrolet Prisma 1.4 Ltz At 98cv,2017,Capital Federal - Capital Federal,160106.0,9266.666666666666
Chevrolet Prisma,Chevrolet Prisma 1.4 Ltz 98cv,2016,Lomas De Zamora - Bs.As. G.B.A. Sur,123000.0,9500.0
Chevrolet Prisma,Chevrolet Prisma 1.4 Joy Ls,2019,Tigre - Bs.As. G.B.A. Norte,136000.0,11500.0
Chevrolet Prisma,Chevrolet Prisma 1.4 Lt 98cv,2019,Berazategui - Bs.As. G.B.A. Sur,90000.0,11266.666666666666
Chevrolet Prisma,Chevrolet Prisma 1.4 Joy Ls 98cv,2017,Capital Federal - Capital Federal,83500.0,8333.333333333334
Chevrolet Prisma,Chevrolet Prisma 1.4 Ltz At 98cv,2018,General San Martín - Bs.As. G.B.A. Norte,94500.0,9900.0
Chevrolet Prisma,Chevrolet Prisma 1.4 Ltz 98cv,2016,La Matanza - Bs.As. G.B.A. Oeste,148000.0,9933.333333333334
Chevrolet Prisma,Chevrolet Prisma 1.4 Ltz 98cv,2016,La Plata - Bs.As. G.B.A. Sur,115000.0,9666.666666666666
Chevrolet Prisma,Chevrolet Prisma 1.4 Ltz 98cv,2016,Avellaneda - Bs.As. G.B.A. Sur,97000.0,9933.333333333334
Chevrolet Prisma,Chevrolet Prisma 1.4 Ltz 98cv,2016,Capital Federal - Capital Federal,193000.0,9000.0
Chevrolet Prisma,Chevrolet Prisma 1.4 Ls Joy L16,2018,Malvinas Argentinas - Bs.As. G.B.A. Norte,44891.0,9333.333333333334
Chevrolet Prisma,Chevrolet Prisma 1.4 Joy Ls 98cv,2018,La Matanza - Bs.As. G.B.A. Oeste,71000.0,9333.333333333334
Chevrolet Prisma,Chevrolet Prisma 1.4 Joy Ls 98cv,2018,Quilmes - Bs.As. G.B.A. Sur,163900.0,6520.0
Chevrolet Prisma,Chevrolet Prisma 1.4 Joy Ls 98cv,2018,Capital Federal - Capital Federal,164000.0,9000.0
Chevrolet Prisma,Chevrolet Prisma 1.4 Joy Ls 98cv,2018,Ituzaingó - Bs.As. G.B.A. Oeste,82000.0,11000.0
Chevrolet Prisma,Chevrolet Prisma 1.4 Joy Ls 98cv,2018,Quilmes - Bs.As. G.B.A. Sur,106000.0,9400.0
Chevrolet Prisma,Chevrolet Prisma 1.4 Ltz 98cv,2017,Capital Federal - Capital Federal,82000.0,11000.0
Chevrolet Prisma,Chevrolet Prisma 1.4 Ltz 98cv,2017,Capital Federal - Capital Federal,100500.0,11000.0
Chevrolet Prisma,Chevrolet Prisma 1.4 Ltz 98cv,2017,La Matanza - Bs.As. G.B.A. Oeste,115000.0,8666.666666666666
Chevrolet Prisma,Chevrolet Prisma 1.4 Joy Ls 98cv,2017,Malvinas Argentinas - Bs.As. G.B.A. Norte,105000.0,9866.666666666666
Chevrolet Prisma,Chevrolet Prisma 1.4 Ltz At 98cv,2016,Capital Federal - Capital Federal,88000.0,10333.333333333334
Chevrolet Prisma,Chevrolet Prisma 1.4 Ltz 98cv,2018,General Rodríguez - Bs.As. G.B.A. Oeste,100000.0,13000.0
Chevrolet Prisma,Chevrolet Prisma 1.4 Joy Ls 98cv,2018,Escobar - Bs.As. G.B.A. Norte,120780.0,11133.333333333334
Chevrolet Prisma,Chevrolet Prisma 1.4 Joy Ls 98cv,2018,Pilar - Bs.As. G.B.A. Norte,110000.0,8866.666666666666
Chevrolet Prisma,Chevrolet Prisma 1.4 Joy Ls 98cv,2018,San Fernando - Bs.As. G.B.A. Norte,104000.0,9266.666666666666
Chevrolet Prisma,Chevrolet Prisma 1.4 Ltz 98cv,2016,Capital Federal - Capital Federal,114000.0,9666.666666666666
Chevrolet Prisma,Chevrolet Prisma 1.4 Lt 98cv,2017,San Miguel - Bs.As. G.B.A. Norte,124000.0,9066.666666666666
Chevrolet Prisma,Chevrolet Prisma 1.4 Ltz 98cv,2018,Capital Federal - Capital Federal,77000.0,10733.333333333334
Chevrolet Prisma,Chevrolet Prisma 1.4 Ltz 98cv,2020,Capital Federal - Capital Federal,96800.0,13200.0
Chevrolet Prisma,Chevrolet Prisma 1.4 Ltz 98cv,2016,Escobar - Bs.As. G.B.A. Norte,243000.0,11500.0
Chevrolet Prisma,Chevrolet Prisma 1.4 Joy Ls 98cv,2017,Capital Federal - Capital Federal,124916.0,9900.0
Chevrolet Prisma,Chevrolet Prisma 1.4 Joy Ls 98cv,2017,Caseros - Bs.As. G.B.A. Oeste,132000.0,10000.0
Chevrolet Prisma,Chevrolet Prisma 1.4 Joy Ls 98cv,2017,Capital Federal - Capital Federal,110000.0,10333.333333333334
Chevrolet Prisma,Chevrolet Prisma 1.4 Joy Ls 98cv,2017,Cañuelas - Buenos Aires Interior,116000.0,9999.999333333333
Chevrolet Prisma,Chevrolet Prisma 1.4 Joy Ls 98cv,2017,Avellaneda - Bs.As. G.B.A. Sur,74500.0,8330.0
Chevrolet Prisma,Chevrolet Prisma 1.4 Joy Ls 98cv,2017,General San Martín - Bs.As. G.B.A. Norte,110000.0,9333.333333333334
Chevrolet Prisma,Chevrolet Prisma 1.4 Joy Ls+,2017,La Plata - Bs.As. G.B.A. Sur,132000.0,8333.333333333334
Chevrolet Prisma,Chevrolet Prisma 1.4 Joy Ls 98cv,2017,Capital Federal - Capital Federal,165000.0,8600.0
Chevrolet Prisma,Chevrolet Prisma 1.4 Joy Ls 98cv,2017,Avellaneda - Bs.As. G.B.A. Sur,116000.0,8333.333333333334
Chevrolet Prisma,Chevrolet Prisma 1.4 Joy Ls 98cv,2018,Lomas De Zamora - Bs.As. G.B.A. Sur,125000.0,9200.0
Chevrolet Prisma,Chevrolet Prisma 1.4 Ltz 98cv,2018,Hurlingham - Bs.As. G.B.A. Oeste,106000.0,11000.0
Chevrolet Prisma,Chevrolet Prisma 1.4 Lt 98cv,2018,Lanús - Bs.As. G.B.A. Sur,80000.0,11326.666666666666
Chevrolet Prisma,Chevrolet Prisma 1.4 Lt 98cv,2017,Capital Federal - Capital Federal,130000.0,7666.666666666667
Chevrolet Prisma,Chevrolet Prisma 1.4 Ltz 98cv,2017,La Matanza - Bs.As. G.B.A. Oeste,115000.0,8666.666666666666
Chevrolet Prisma,Chevrolet Prisma 1.4 Joy Ls 98cv,2018,San Fernando - Bs.As. G.B.A. Norte,104000.0,9266.666666666666
Chevrolet Prisma,Chevrolet Prisma 1.4 Joy Ls,2019,Capital Federal - Capital Federal,96000.0,12200.0
Chevrolet Prisma,Chevrolet Prisma 1.4 Ltz At 98cv,2016,Capital Federal - Capital Federal,150000.0,8900.0
Chevrolet Prisma,Chevrolet Prisma 1.4 Joy Ls 98cv,2017,Quilmes - Bs.As. G.B.A. Sur,100000.0,9333.333333333334
Chevrolet Prisma,Chevrolet Prisma 1.4 Joy Ls 98cv,2017,Vicente López - Bs.As. G.B.A. Norte,128000.0,8466.666666666666
Chevrolet Prisma,Chevrolet Prisma 1.4 Lt 98cv,2016,Avellaneda - Bs.As. G.B.A. Sur,121000.0,9000.0
Chevrolet Prisma,Chevrolet Prisma 1.4 Lt 98cv,2018,Capital Federal - Capital Federal,95000.0,10333.333333333334
Chevrolet Prisma,Chevrolet Prisma 1.4 Joy Ls 98cv,2018,Ituzaingó - Bs.As. G.B.A. Oeste,82000.0,11000.0
Chevrolet Prisma,Chevrolet Prisma 1.4 Lt 98cv,2017,Moreno - Bs.As. G.B.A. Oeste,111111.0,6600.0
Chevrolet Prisma,Chevrolet Prisma 1.4 Joy Ls 98cv,2017,Pilar - Bs.As. G.B.A. Norte,120334.0,9000.0
Chevrolet Prisma,Chevrolet Prisma 1.4 Ltz 98cv,2018,Berazategui - Bs.As. G.B.A. Sur,144000.0,10000.0
Chevrolet Prisma,Chevrolet Prisma 1.4 Joy Ls 98cv,2018,Lanús - Bs.As. G.B.A. Sur,66000.0,10333.333333333334
Chevrolet Prisma,Chevrolet Prisma 1.4 Ltz 98cv,2016,San Isidro - Bs.As. G.B.A. Norte,100000.0,9933.333333333334
Chevrolet Prisma,Chevrolet Prisma 1.4 Joy Ls,2019,Capital Federal - Capital Federal,165000.0,7666.666666666667
Chevrolet Prisma,Chevrolet Prisma 1.4 Joy Ls,2019,Quilmes - Bs.As. G.B.A. Sur,64000.0,14900.0
Chevrolet Prisma,Chevrolet Prisma 1.4 Lt 98cv,2019,Capital Federal - Capital Federal,110000.0,11266.666666666666
Chevrolet Prisma,Chevrolet Prisma 1.4 Ltz 98cv,2019,Malvinas Argentinas - Bs.As. G.B.A. Norte,87000.0,11866.666666666666
Chevrolet Prisma,Chevrolet Prisma 1.4 Joy Ls,2019,Avellaneda - Bs.As. G.B.A. Sur,59400.0,12000.0
Chevrolet Prisma,Chevrolet Prisma 1.4 Joy Ls 98cv,2018,Quilmes - Bs.As. G.B.A. Sur,55000.0,10200.0
Chevrolet Prisma,Chevrolet Prisma 1.4 Lt 98cv,2018,Tigre - Bs.As. G.B.A. Norte,150000.0,9666.666666666666
Chevrolet Prisma,Chevrolet Prisma 1.4 Lt 98cv,2016,Capital Federal - Capital Federal,200000.0,7000.0
Chevrolet Prisma,Chevrolet Prisma 1.4 Lt 98cv,2017,Capital Federal - Capital Federal,103683.0,8820.0
Chevrolet Prisma,Chevrolet Prisma 1.4 Ltz 98cv,2017,Quilmes - Bs.As. G.B.A. Sur,110000.0,10533.333333333334
Chevrolet Prisma,Chevrolet Prisma 1.4 Lt 98cv,2016,Capital Federal - Capital Federal,88000.0,9266.666666666666
Chevrolet Prisma,Chevrolet Prisma 1.4 Lt 98cv,2017,La Plata - Bs.As. G.B.A. Sur,135000.0,9400.0
Chevrolet Prisma,Chevrolet Prisma 1.4 Joy Ls 98cv,2017,Capital Federal - Capital Federal,95000.0,10000.0
Chevrolet Prisma,Chevrolet Prisma 1.4 Joy Ls 98cv,2018,Almirante Brown - Bs.As. G.B.A. Sur,150000.0,9000.0
Chevrolet Prisma,Chevrolet Prisma 1.4 Ltz 98cv,2016,General San Martín - Bs.As. G.B.A. Norte,136000.0,9666.666666666666
Chevrolet Prisma,Chevrolet Prisma 1.4 Ltz 98cv,2016,Vicente López - Bs.As. G.B.A. Norte,112000.0,10333.333333333334
Chevrolet Prisma,Chevrolet Prisma 1.4 Joy Ls 98cv,2018,La Matanza - Bs.As. G.B.A. Oeste,116000.0,9200.0
Chevrolet Prisma,Chevrolet Prisma 1.4 Joy Ls 98cv,2018,Lanús - Bs.As. G.B.A. Sur,157000.0,8333.333333333334
Chevrolet Prisma,Chevrolet Prisma 1.4 Joy Ls 98cv,2017,Quilmes - Bs.As. G.B.A. Sur,84200.0,9725.333333333334
Chevrolet Prisma,Chevrolet Prisma 1.4 Ltz At 98cv,2016,Lomas De Zamora - Bs.As. G.B.A. Sur,120000.0,9333.333333333334
Chevrolet Prisma,Chevrolet Prisma 1.4 Joy Ls 98cv,2017,Capital Federal - Capital Federal,54000.0,9333.333333333334
Chevrolet Prisma,Chevrolet Prisma 1.4 Ltz 98cv,2016,Lanús - Bs.As. G.B.A. Sur,72890.0,11500.0
Chevrolet Prisma,Chevrolet Prisma 1.4 Lt 98cv,2019,Ezeiza - Bs.As. G.B.A. Sur,216000.0,9333.333333333334
Chevrolet Prisma,Chevrolet Prisma 1.4 Lt 98cv,2019,Ezeiza - Bs.As. G.B.A. Sur,120000.0,9933.333333333334
Chevrolet Prisma,Chevrolet Prisma 1.4 Lt 98cv,2017,La Matanza - Bs.As. G.B.A. Oeste,165000.0,8333.333333333334
Chevrolet Prisma,Chevrolet Prisma 1.4 Lt 98cv,2019,Pilar - Bs.As. G.B.A. Norte,85000.0,13500.0
Chevrolet Prisma,Chevrolet Prisma 1.4 Ltz 98cv,2019,Capital Federal - Capital Federal,113000.0,13800.0
Chevrolet Prisma,Chevrolet Prisma 1.4 Ls+,2017,Capital Federal - Capital Federal,91088.0,9226.666666666666
Chevrolet Prisma,Chevrolet Prisma 1.4 Ltz 98cv,2016,Morón - Bs.As. G.B.A. Oeste,138539.0,11500.0
Chevrolet Prisma,Chevrolet Prisma 1.4 Lt 98cv,2019,Vicente López - Bs.As. G.B.A. Norte,45000.0,12000.0
Chevrolet Prisma,Chevrolet Prisma 1.4 Joy Ls 98cv,2018,Capital Federal - Capital Federal,127000.0,8600.0
Chevrolet Prisma,Chevrolet Prisma 1.4 Joy Ls 98cv,2018,Capital Federal - Capital Federal,117000.0,9900.0
Chevrolet Prisma,Chevrolet Prisma 1.4 Ltz At 98cv,2018,Quilmes - Bs.As. G.B.A. Sur,98000.0,12333.333333333334
Chevrolet Prisma,Chevrolet Prisma 1.4 Lt 98cv,2017,Capital Federal - Capital Federal,115000.0,9666.666666666666
Chevrolet Prisma,Chevrolet Prisma 1.4 Lt 98cv,2016,Tigre - Bs.As. G.B.A. Norte,165000.0,8499.0
Chevrolet Prisma,Chevrolet Prisma 1.4 Ltz 98cv,2018,Morón - Bs.As. G.B.A. Oeste,73000.0,12500.0
Chevrolet Prisma,Chevrolet Prisma 1.4 Ltz 98cv,2018,Avellaneda - Bs.As. G.B.A. Sur,88000.0,12000.0
Chevrolet Prisma,Chevrolet Prisma 1.4 Lt 98cv,2017,Tres De Febrero - Bs.As. G.B.A. Oeste,120000.0,8333.333333333334
Chevrolet Prisma,Chevrolet Prisma 1.4 Ltz At 98cv,2020,Lomas De Zamora - Bs.As. G.B.A. Sur,61000.0,13000.0
Chevrolet Prisma,Chevrolet Prisma 1.4 Lt 98cv,2017,San Miguel - Bs.As. G.B.A. Norte,120000.0,8333.333333333334
Chevrolet Prisma,Chevrolet Prisma 1.4 Lt 98cv,2017,Lanús - Bs.As. G.B.A. Sur,60000.0,10600.0
Chevrolet Prisma,Chevrolet Prisma 1.4 Lt 98cv,2018,Lomas De Zamora - Bs.As. G.B.A. Sur,101000.0,9333.333333333334
Chevrolet Prisma,Chevrolet Prisma 1.4 Lt 98cv,2019,Vicente López - Bs.As. G.B.A. Norte,59700.0,11700.0
Chevrolet Prisma,Chevrolet Prisma 1.4 Lt 98cv,2019,La Matanza - Bs.As. G.B.A. Oeste,70000.0,11000.0
Chevrolet Prisma,Chevrolet Prisma 1.4 Lt 98cv,2018,Capital Federal - Capital Federal,42407.0,12400.0
Chevrolet Prisma,Chevrolet Prisma 1.4 Ltz 98cv,2016,Hurlingham - Bs.As. G.B.A. Oeste,130000.0,9333.333333333334
Chevrolet Prisma,Chevrolet Prisma 1.4 Ltz 98cv,2016,La Plata - Bs.As. G.B.A. Sur,115000.0,10500.0
Chevrolet Prisma,Chevrolet Prisma 1.4 Ltz 98cv,2016,Capital Federal - Capital Federal,115000.0,9200.0
Chevrolet Prisma,Chevrolet Prisma 1.4 Ltz 98cv,2016,Capital Federal - Capital Federal,130000.0,7666.666666666667
Chevrolet Prisma,Chevrolet Prisma 1.4 Joy Ls 98cv,2017,La Matanza - Bs.As. G.B.A. Oeste,238000.0,9000.0
Chevrolet Prisma,Chevrolet Prisma 1.4 Lt 98cv,2016,Capital Federal - Capital Federal,133000.0,9000.0
Chevrolet Prisma,Chevrolet Prisma Joy,2017,Capital Federal - Capital Federal,115000.0,10600.0
Chevrolet Prisma,Chevrolet Prisma 1.4 Lt 98cv,2020,Capital Federal - Capital Federal,122000.0,10200.0
Chevrolet Prisma,Chevrolet Prisma 1.4 Joy Ls 98cv,2017,La Matanza - Bs.As. G.B.A. Oeste,215000.0,7333.333333333333
Chevrolet Prisma,Chevrolet Prisma 1.4 Joy Ls 98cv,2016,Merlo - Bs.As. G.B.A. Oeste,99600.0,9000.0
Chevrolet Prisma,Chevrolet Prisma 1.4 Ltz At 98cv,2016,Capital Federal - Capital Federal,117000.0,10333.333333333334
Chevrolet Prisma,Chevrolet Prisma 1.4 Ltz At 98cv,2016,San Miguel - Bs.As. G.B.A. Norte,120000.0,10600.0
Chevrolet Prisma,Chevrolet Prisma 1.4 Lt 98cv,2019,Ezeiza - Bs.As. G.B.A. Sur,92000.0,9933.333333333334
Chevrolet Prisma,Chevrolet Prisma 1.4 Lt 98cv,2016,San Miguel - Bs.As. G.B.A. Norte,93000.0,7000.0
Chevrolet Prisma,Chevrolet Prisma 1.4 Lt 98cv,2019,Capital Federal - Capital Federal,205000.0,9200.0
Chevrolet Prisma,Chevrolet Prisma 1.4 Ltz At 98cv,2017,Moreno - Bs.As. G.B.A. Oeste,155000.0,12000.0
Chevrolet Prisma,Chevrolet Prisma 1.4 Ltz At 98cv,2019,Merlo - Bs.As. G.B.A. Oeste,68000.0,11666.0
Chevrolet Prisma,Chevrolet Prisma 1.4 Joy Ls 98cv,2018,Capital Federal - Capital Federal,45000.0,11900.0
Chevrolet Prisma,Chevrolet Prisma 1.4 Ltz 98cv,2017,Pilar - Bs.As. G.B.A. Norte,215000.0,10000.0
Fiat Cronos,Fiat Cronos 1.3 Gse Precision Cvt,2026,Moreno - Bs.As. G.B.A. Oeste,0.0,21333.333333333332
Fiat Cronos,Fiat Cronos 1.3 Gse Precision Cvt,2026,Capital Federal - Capital Federal,0.0,19333.333333333332
Fiat Cronos,Fiat Cronos 1.3 Gse Like,2025,Capital Federal - Capital Federal,60000.0,14333.333333333334
Fiat Cronos,Fiat Cronos 1.3 Gse Drive Pack Plus,2025,Capital Federal - Capital Federal,0.0,18333.333333333332
Fiat Cronos,Fiat Cronos 1.3 Precision Cvt,2023,Lomas De Zamora - Bs.As. G.B.A. Sur,53600.0,15666.666666666666
Fiat Cronos,Fiat Cronos 1.3 Gse Drive Pack Plus,2026,Capital Federal - Capital Federal,0.0,20600.0
Fiat Cronos,Fiat Cronos 1.3 Gse Drive,2020,Caseros - Bs.As. G.B.A. Oeste,45000.0,13200.0
Fiat Cronos,Fiat Cronos 1.8 16v Precision Pack Premium,2025,Capital Federal - Capital Federal,0.0,9266.666666666666
Fiat Cronos,Fiat Cronos 1.8 16v Precision Pack Premium,2021,Capital Federal - Capital Federal,76000.0,12599.999333333333
Fiat Cronos,Fiat Cronos 1.8 16v Precision,2022,San Fernando - Bs.As. G.B.A. Norte,56390.0,12800.0
Fiat Cronos,Fiat Cronos 1.3 Drive Mt,2022,General San Martín - Bs.As. G.B.A. Norte,135000.0,13000.0
Fiat Cronos,Fiat Cronos 1.3 Gse Precision Cvt,2025,San Miguel - Bs.As. G.B.A. Norte,0.0,18600.0
Fiat Cronos,Fiat Cronos 1.3 Gse Drive Pack Conectividad,2022,Florencio Varela - Bs.As. G.B.A. Sur,48000.0,12000.0
Fiat Cronos,Fiat Cronos 1.3 Gse Like,2026,Capital Federal - Capital Federal,0.0,14266.666666666666
Fiat Cronos,Fiat Cronos 1.3 Gse Stile Mt,2024,San Fernando - Bs.As. G.B.A. Norte,100000.0,15000.0
Fiat Cronos,Fiat Cronos 1.3 Gse Drive Pack Plus Cvt,2025,Capital Federal - Capital Federal,0.0,19333.333333333332
Fiat Cronos,Fiat Cronos 1.3 Drive Mt,2027,Capital Federal - Capital Federal,0.0,10333.333333333334
Fiat Cronos,Fiat Cronos 1.3 Gse Drive Pack Plus,2025,Avellaneda - Bs.As. G.B.A. Sur,0.0,17933.333333333332
Fiat Cronos,Fiat Cronos 1.3 Gse Drive,2024,San Isidro - Bs.As. G.B.A. Norte,37000.0,13800.0
Fiat Cronos,Fiat Cronos 1.3 Gse Like,2023,La Matanza - Bs.As. G.B.A. Oeste,0.0,12400.0
Fiat Cronos,Fiat Cronos 1.3 Drive Mt,2027,San Isidro - Bs.As. G.B.A. Norte,0.0,10333.333333333334
Fiat Cronos,Fiat Cronos 1.3 Gse Precision Cvt,2026,Avellaneda - Bs.As. G.B.A. Sur,0.0,20400.0
Fiat Cronos,Fiat Cronos 1.3 Gse Like,2027,Capital Federal - Capital Federal,0.0,14000.0
Fiat Cronos,Fiat Cronos 1.3 Gse Drive Pack Plus,2027,Avellaneda - Bs.As. G.B.A. Sur,0.0,9333.333333333334
Fiat Cronos,Fiat Cronos 1.3 Drive Cvt,2022,Esteban Echeverría - Bs.As. G.B.A. Sur,39000.0,16300.0
Fiat Cronos,Fiat Cronos 1.3 Drive Mt,2021,Pilar - Bs.As. G.B.A. Norte,122000.0,12266.666666666666
Fiat Cronos,Fiat Cronos 1.3 Gse Like,2024,La Plata - Bs.As. G.B.A. Sur,25000.0,14900.0
Fiat Cronos,Fiat Cronos 1.3 Gse Like,2027,Capital Federal - Capital Federal,0.0,3333.3333333333335
Fiat Cronos,Fiat Cronos 1.3 Gse Like,2027,Capital Federal - Capital Federal,0.0,3333.3333333333335
Fiat Cronos,Fiat Cronos 1.3 Pack Plus Manual,2026,Avellaneda - Bs.As. G.B.A. Sur,0.0,19106.666666666668
Fiat Cronos,Fiat Cronos 1.3 Gse Drive Pack Plus,2026,Capital Federal - Capital Federal,0.0,17560.0
Fiat Cronos,Fiat Cronos 1.3 Drive Low Attractive L21,2022,San Isidro - Bs.As. G.B.A. Norte,18780.0,14533.333333333334
Fiat Cronos,Fiat Cronos 1.3 Gse Like,2027,La Matanza - Bs.As. G.B.A. Oeste,0.0,3333.3333333333335
Fiat Cronos,Fiat Cronos 1.3 Gse Drive Pack Conectividad,2020,Beccar - Bs.As. G.B.A. Norte,18000.0,13999.0
Fiat Cronos,Fiat Cronos 1.3 Gse Drive Pack Plus,2024,Ituzaingó - Bs.As. G.B.A. Oeste,0.0,16666.666666666668
Fiat Cronos,Fiat Cronos 1.3 Stile Mt,2023,Capital Federal - Capital Federal,38900.0,15966.666666666666
Fiat Cronos,Fiat Cronos 1.8 16v Precision,2021,Avellaneda - Bs.As. G.B.A. Sur,42000.0,13266.666666666666
Fiat Cronos,Fiat Cronos 1.3 Gse Like,2027,Capital Federal - Capital Federal,0.0,3333.3333333333335
Fiat Cronos,Fiat Cronos 1.3 Gse Like,2025,San Miguel - Bs.As. G.B.A. Norte,0.0,17300.0
Fiat Cronos,Fiat Cronos 1.3 Gse Drive Pack Conectividad,2027,Capital Federal - Capital Federal,0.0,9000.0
Fiat Cronos,Fiat Cronos 1.3 Gse Drive Pack Conectividad,2021,Pilar - Bs.As. G.B.A. Norte,106000.0,12000.0
Fiat Cronos,Fiat Cronos 1.3 Precision Cvt,2023,Capital Federal - Capital Federal,57000.0,14999.999333333333
Fiat Cronos,Fiat Cronos 1.3 Gse Like,2027,Capital Federal - Capital Federal,0.0,2500.0
Fiat Cronos,Fiat Cronos 1.3 Gse Like,2027,Capital Federal - Capital Federal,0.0,2500.0
Fiat Cronos,Fiat Cronos 1.3 Attractive Mt,2025,Capital Federal - Capital Federal,0.0,17936.0
Fiat Cronos,Fiat Cronos 1.3 Gse Precision Cvt,2025,Capital Federal - Capital Federal,0.0,21266.666666666668
Fiat Cronos,Fiat Cronos 1.3 Gse Precision Cvt,2025,La Matanza - Bs.As. G.B.A. Oeste,0.0,21000.0
Fiat Cronos,Fiat Cronos 1.3 Gse Precision Cvt,2025,25 De Mayo - Buenos Aires Interior,0.0,21076.0
Fiat Cronos,Fiat Cronos 1.3 Gse Precision Cvt,2025,Mercedes - Buenos Aires Interior,0.0,21076.0
Fiat Cronos,Fiat Cronos 1.3 Gse Drive,2021,Avellaneda - Bs.As. G.B.A. Sur,66000.0,12000.0
Fiat Cronos,Fiat Cronos 1.3 Gse Like,2025,Capital Federal - Capital Federal,0.0,18000.0
Fiat Cronos,Fiat Cronos 1.3 Gse Like,2025,Capital Federal - Capital Federal,0.0,19200.0
Fiat Cronos,Fiat Cronos 1.3 Gse Like,2025,San Miguel - Bs.As. G.B.A. Norte,0.0,16654.02666666667
Fiat Cronos,Fiat Cronos 1.8 16v Precision,2022,Berazategui - Bs.As. G.B.A. Sur,49800.0,12666.666666666666
Fiat Cronos,Fiat Cronos 1.3 Gse Drive,2021,Capital Federal - Capital Federal,69000.0,12600.0
Fiat Cronos,Fiat Cronos 1.3 Gse Drive,2018,Capital Federal - Capital Federal,198000.0,8666.666666666666
Fiat Cronos,Fiat Cronos 1.3 Gse Like,2027,Pilar - Bs.As. G.B.A. Norte,0.0,2500.0
Fiat Cronos,Fiat Cronos 1.3 Pack Plus Manual,2026,Avellaneda - Bs.As. G.B.A. Sur,0.0,19496.666666666668
Fiat Cronos,Fiat Cronos 1.3 Gse Drive Pack Conectividad,2019,Quilmes - Bs.As. G.B.A. Sur,130000.0,12500.0
Fiat Cronos,Fiat Cronos 1.3 Gse Like,2026,Capital Federal - Capital Federal,0.0,16653.333333333332
Fiat Cronos,Fiat Cronos 1.3 Gse Like,2025,José C. Paz - Bs.As. G.B.A. Norte,0.0,16266.666666666666
Fiat Cronos,Fiat Cronos 1.3 Gse Like,2026,San Isidro - Bs.As. G.B.A. Norte,0.0,17573.333333333332
Fiat Cronos,Fiat Cronos Drive 1.3 Pack Plus Mt My26,2026,Capital Federal - Capital Federal,0.0,12800.0
Fiat Cronos,Fiat Cronos 1.3 Drive Cvt,2022,Capital Federal - Capital Federal,40000.0,13533.333333333334
Fiat Cronos,Fiat Cronos 1.3 Attractive Mt,2026,Capital Federal - Capital Federal,0.0,17933.333333333332
Fiat Cronos,Fiat Cronos 1.3 Gse Drive Pack Plus,2025,Capital Federal - Capital Federal,0.0,19000.0
Fiat Cronos,Fiat Cronos 1.3 Gse Like,2027,San Isidro - Bs.As. G.B.A. Norte,0.0,4666.666666666667
Fiat Cronos,Fiat Cronos 1.3 Gse Precision Cvt,2026,La Matanza - Bs.As. G.B.A. Oeste,0.0,17733.333333333332
Fiat Cronos,Fiat Cronos 1.3 Gse Drive Pack Plus Cvt,2025,Moreno - Bs.As. G.B.A. Oeste,0.0,18666.666666666668
Fiat Cronos,Fiat Cronos 1.3 Gse Drive Pack Plus Cvt,2025,San Isidro - Bs.As. G.B.A. Norte,0.0,21333.333333333332
Fiat Cronos,Fiat Cronos 1.3 Gse Drive Pack Plus Cvt,2025,Capital Federal - Capital Federal,0.0,19333.333333333332
Fiat Cronos,Fiat Cronos 1.3 Gse Drive Pack Plus Cvt,2025,San Isidro - Bs.As. G.B.A. Norte,0.0,19866.666666666668
Fiat Cronos,Fiat Cronos 1.3 Gse Drive Pack Plus Cvt,2025,General San Martín - Bs.As. G.B.A. Norte,0.0,20813.333333333332
Fiat Cronos,Fiat Cronos 1.3 Gse Drive Pack Conectividad,2022,Quilmes - Bs.As. G.B.A. Sur,13000.0,16000.0
Fiat Cronos,Fiat Cronos 1.3 Gse Drive Pack Plus,2026,Capital Federal - Capital Federal,0.0,19000.0
Fiat Cronos,Fiat Cronos 1.8 16v Precision,2021,Pilar - Bs.As. G.B.A. Norte,91139.0,12333.333333333334
Fiat Cronos,Fiat Cronos 1.3 Gse Drive Pack Conectividad,2026,Capital Federal - Capital Federal,0.0,17671.333333333332
Fiat Cronos,Fiat Cronos 1.3 Gse Drive Cvt Pack Plus,2024,San Isidro - Bs.As. G.B.A. Norte,0.0,20916.666666666668
Fiat Cronos,Fiat Cronos 1.3 Gse Precision Cvt,2026,San Isidro - Bs.As. G.B.A. Norte,0.0,17799.999333333333
Fiat Cronos,Fiat Cronos 1.3 Gse Drive,2023,Capital Federal - Capital Federal,82000.0,14333.333333333334
Fiat Cronos,Fiat Cronos 1.3 Drive Mt,2023,Capital Federal - Capital Federal,0.0,7066.666666666667
Fiat Cronos,Fiat Cronos 1.3 Gse Precision Cvt,2025,Pilar - Buenos Aires Interior,0.0,21076.0
Fiat Cronos,Fiat Cronos 1.8 16v Precision,2022,La Matanza - Bs.As. G.B.A. Oeste,57000.0,15000.0
Fiat Cronos,Fiat Cronos 1.3 Gse Precision Cvt,2025,Capital Federal - Capital Federal,0.0,18066.666666666668
Fiat Cronos,Fiat Cronos 1.3 Drive Mt,2022,San Miguel - Bs.As. G.B.A. Norte,165000.0,13000.0
Fiat Cronos,Fiat Cronos 1.3 Gse Drive Pack Plus,2026,Capital Federal - Capital Federal,0.0,19000.0
Fiat Cronos,Fiat Cronos 1.3 Precision Cvt 0 Km,2026,Avellaneda - Bs.As. G.B.A. Sur,0.0,20666.666666666668
Fiat Cronos,Fiat Cronos 1.3 Attractive Mt,2025,Capital Federal - Capital Federal,0.0,17934.666666666668
Fiat Cronos,Fiat Cronos 1.3 Gse Drive Pack Plus,2026,San Isidro - Bs.As. G.B.A. Norte,0.0,19766.666666666668
Fiat Cronos,Fiat Cronos 1.8 16v Precision At6,2019,Capital Federal - Capital Federal,71200.0,14333.333333333334
Fiat Cronos,Fiat Cronos 1.8 16v Precision,2021,Moreno - Bs.As. G.B.A. Oeste,76000.0,13000.0
Fiat Cronos,Fiat Cronos 1.3 Gse Precision Cvt,2025,Avellaneda - Bs.As. G.B.A. Sur,0.0,21273.333333333332
Fiat Cronos,Fiat Cronos 1.3,2026,Quilmes - Bs.As. G.B.A. Sur,0.0,13000.0
Fiat Cronos,Fiat Cronos 1.3 Gse Drive Pack Plus,2026,Capital Federal - Capital Federal,0.0,17453.333333333332
Fiat Cronos,Fiat Cronos 1.3 Precision Cvt Full,2026,Avellaneda - Bs.As. G.B.A. Sur,0.0,20429.333333333332
Fiat Cronos,Fiat Cronos 1.3 Gse Drive Pack Conectividad,2027,Capital Federal - Capital Federal,0.0,3333.3333333333335
Fiat Cronos,Fiat Cronos 1.3 Gse Like,2027,Capital Federal - Capital Federal,0.0,4666.666666666667
Fiat Cronos,Fiat Cronos 1.3 Like,2026,San Miguel - Bs.As. G.B.A. Norte,0.0,16654.02666666667
Fiat Cronos,Fiat Cronos 1.3 Gse Like,2027,Morón - Bs.As. G.B.A. Oeste,0.0,3333.3333333333335
Fiat Cronos,Fiat Cronos 1.3 Gse Like,2025,Mercedes - Buenos Aires Interior,0.0,18361.333333333332
Fiat Cronos,Fiat Cronos 1.8 Pack Style,2021,Capital Federal - Capital Federal,84000.0,13666.666666666666
Fiat Cronos,Fiat Cronos 1.3 Gse Like,2027,La Plata - Bs.As. G.B.A. Sur,0.0,4666.666666666667
Fiat Cronos,Fiat Cronos 1.3 Gse Like,2025,General San Martín - Bs.As. G.B.A. Norte,0.0,17200.0
Fiat Cronos,Fiat Cronos 1.3 Precision Cvt,2023,La Matanza - Bs.As. G.B.A. Oeste,0.0,15333.333333333334
Fiat Cronos,Fiat Cronos 1.3 Gse Precision Cvt,2026,Capital Federal - Capital Federal,0.0,19933.333333333332
Fiat Cronos,Fiat Cronos 1.3 Gse Like,2027,Florencio Varela - Bs.As. G.B.A. Sur,0.0,14000.0
Fiat Cronos,Fiat Cronos 1.3 Gse Drive Pack Plus,2026,Avellaneda - Bs.As. G.B.A. Sur,0.0,19066.666666666668
Fiat Cronos,Fiat Cronos 1.3 Drive Mt,2025,Capital Federal - Capital Federal,0.0,19133.333333333332
Fiat Cronos,Fiat Cronos 1.3 Gse Drive Pack Plus,2025,Capital Federal - Capital Federal,0.0,21333.333333333332
Fiat Cronos,Fiat Cronos 1.3 Gse Drive Pack Plus,2025,Capital Federal - Capital Federal,0.0,19000.0
Fiat Cronos,Fiat Cronos 1.3 Gse Drive Pack Plus,2025,San Isidro - Bs.As. G.B.A. Norte,0.0,19100.0
Fiat Cronos,Fiat Cronos 1.3 Gse Drive Pack Plus,2025,Luján - Buenos Aires Interior,0.0,20071.333333333332
Fiat Cronos,Fiat Cronos 1.3 Gse Drive Pack Plus,2025,Mercedes - Buenos Aires Interior,0.0,20071.333333333332
Fiat Cronos,Fiat Cronos 1.3 Gse Drive Pack Plus,2025,Campana - Buenos Aires Interior,0.0,20071.333333333332
Fiat Cronos,Fiat Cronos 1.3,2026,Capital Federal - Capital Federal,0.0,12866.666666666666
Fiat Cronos,Fiat Cronos 1.3 Gse Drive Pack Conectividad,2021,Avellaneda - Bs.As. G.B.A. Sur,90000.0,13200.0
Fiat Cronos,Fiat Cronos 1.8 16v Precision,2021,Caseros - Bs.As. G.B.A. Oeste,95000.0,13133.333333333334
Fiat Cronos,Fiat Cronos 1.3 Gse Drive Pack Plus,2026,Capital Federal - Capital Federal,0.0,17600.0
Fiat Cronos,Fiat Cronos 1.3 Gse Drive Pack Conectividad,2024,Lanús - Bs.As. G.B.A. Sur,0.0,16000.0
Fiat Cronos,Fiat Cronos 1.3 Gse Drive Pack Plus,2026,San Isidro - Bs.As. G.B.A. Norte,0.0,17000.2
Fiat Cronos,Fiat Cronos 1.3 Drive Mt,2022,Quilmes - Bs.As. G.B.A. Sur,106000.0,13266.666666666666
Fiat Cronos,Fiat Cronos 1.3 Gse Drive Pack Conectividad,2023,Capital Federal - Capital Federal,0.0,9666.666666666666
Fiat Cronos,Fiat Cronos 1.3 Gse Like,2025,San Miguel - Bs.As. G.B.A. Norte,0.0,16654.02666666667
Fiat Cronos,Fiat Cronos 1.3 Gse Drive,2027,Capital Federal - Capital Federal,0.0,8266.666666666666
Fiat Cronos,Fiat Cronos 1.3 Gse Precision Cvt,2022,Capital Federal - Capital Federal,50786.0,13733.333333333334
Fiat Cronos,Fiat Cronos 1.3 Gse Drive Pack Plus,2026,Capital Federal - Capital Federal,0.0,17066.666666666668
Fiat Cronos,Fiat Cronos 1.3 Drive Cvt,2023,Berazategui - Bs.As. G.B.A. Sur,15000.0,17000.0
Fiat Cronos,Fiat Cronos 1.3 Drive Cvt,2023,La Matanza - Bs.As. G.B.A. Oeste,48000.0,13933.333333333334
Fiat Cronos,Fiat Cronos 1.3 Gse Drive,2021,Moreno - Bs.As. G.B.A. Oeste,63000.0,13900.0
Fiat Cronos,Fiat Cronos 1.3 Gse Like,2027,Almirante Brown - Bs.As. G.B.A. Sur,0.0,2500.0
Fiat Cronos,Fiat Cronos 1.3 Gse Like,2025,Avellaneda - Bs.As. G.B.A. Sur,0.0,17200.0
Fiat Cronos,Fiat Cronos 1.3 Gse Like,2027,Moreno - Bs.As. G.B.A. Oeste,0.0,2500.0
Fiat Cronos,Fiat Cronos 1.8 16v Precision Pack Premium,2022,Vicente López - Bs.As. G.B.A. Norte,73000.0,13266.666666666666
Fiat Cronos,Fiat Cronos 1.3 Gse Precision Cvt,2026,Lanús - Bs.As. G.B.A. Sur,0.0,21000.0
Fiat Cronos,Fiat Cronos Drive 1.3 Cvt Pack Plus,2026,Vicente López - Bs.As. G.B.A. Norte,0.0,19466.666666666668
Fiat Cronos,Fiat Cronos 1.3 Gse Drive Pack Plus,2025,Pilar - Bs.As. G.B.A. Norte,0.0,19333.333333333332
Fiat Cronos,Fiat Cronos 1.3 Like Manual,2026,Avellaneda - Bs.As. G.B.A. Sur,0.0,18150.666666666668
Fiat Cronos,Fiat Cronos 1.3 Drive Pack Conectividad,2021,Capital Federal - Capital Federal,88624.0,10566.666666666666
Fiat Cronos,Fiat Cronos 1.3 Gse Drive Pack Conectividad,2021,Capital Federal - Capital Federal,67700.0,14000.0
Fiat Cronos,Fiat Cronos 1.3 Stile Mt,2023,Morón - Bs.As. G.B.A. Oeste,60000.0,17266.666666666668
Fiat Cronos,Fiat Cronos 1.3 Gse Drive Pack Conectividad,2021,La Matanza - Bs.As. G.B.A. Oeste,83000.0,12333.333333333334
Fiat Cronos,Fiat Cronos 1.8 16v Precision Pack Premium,2021,General San Martín - Bs.As. G.B.A. Norte,52000.0,14606.666666666666
Fiat Cronos,Fiat Cronos 1.3 Gse Drive Pack Plus,2024,La Matanza - Bs.As. G.B.A. Oeste,0.0,14000.0
Fiat Cronos,Fiat Cronos 1.3 Gse Drive Pack Conectividad,2021,Capital Federal - Capital Federal,34000.0,14133.333333333334
Fiat Cronos,Fiat Cronos 1.8 16v Precision Pack Premium,2021,Hurlingham - Bs.As. G.B.A. Oeste,63400.0,14133.333333333334
Fiat Cronos,Fiat Cronos 1.3 Gse Drive Pack Conectividad,2026,Pilar - Bs.As. G.B.A. Norte,0.0,17133.397333333334
Fiat Cronos,Fiat Cronos 1.3 Gse Drive Pack Conectividad,2021,La Plata - Bs.As. G.B.A. Sur,80000.0,13700.0
Fiat Cronos,Fiat Cronos 1.3 Gse Drive Pack Conectividad,2021,Lomas De Zamora - Bs.As. G.B.A. Sur,90414.0,13666.666666666666
Fiat Cronos,Fiat Cronos 1.3 Gse Drive Pack Plus Cvt,2026,Merlo - Bs.As. G.B.A. Oeste,0.0,17333.333333333332
Fiat Cronos,Fiat Cronos 1.3 Gse Drive Pack Plus Cvt,2026,Pilar - Bs.As. G.B.A. Norte,0.0,19866.733333333334
Fiat Cronos,Fiat Cronos 1.3 Drive Cvt,2025,Ezeiza - Bs.As. G.B.A. Sur,0.0,21066.666666666668
Fiat Cronos,Fiat Cronos 1.3 Gse Drive Pack Plus,2025,La Plata - Bs.As. G.B.A. Sur,0.0,21898.666666666668
Fiat Cronos,Fiat Cronos 1.3 Gse Precision Cvt,2024,Pilar - Bs.As. G.B.A. Norte,1000.0,18600.0
Fiat Cronos,Fiat Cronos 1.3 Gse Drive Pack Plus,2025,Capital Federal - Capital Federal,0.0,11200.0
Fiat Cronos,Fiat Cronos 1.3 Drive Mt,2022,Capital Federal - Capital Federal,47418.0,14000.0
Fiat Cronos,Fiat Cronos 1.3 Attractive Mt,2026,Capital Federal - Capital Federal,0.0,17934.0
Fiat Cronos,Fiat Cronos 1.3 Drive Cvt,2026,Capital Federal - Capital Federal,0.0,19466.666666666668
Fiat Cronos,Fiat Cronos 1.3 Precision Cvt,2026,Capital Federal - Capital Federal,0.0,20564.58133333333
Fiat Cronos,Fiat Cronos Cvt,2026,Capital Federal - Capital Federal,0.0,19492.666666666668
Fiat Cronos,Fiat Cronos 1.3 Drive Plus Cvt,2026,San Miguel - Bs.As. G.B.A. Norte,0.0,20278.421333333332
Fiat Cronos,Fiat Cronos Precision,2026,Capital Federal - Capital Federal,0.0,20666.666666666668
Fiat Cronos,Fiat Cronos 1.3 Drive,2021,Capital Federal - Capital Federal,70170.0,13093.333333333334
Fiat Cronos,Fiat Cronos 1.3 Gse Drive,2021,General San Martín - Bs.As. G.B.A. Norte,169300.0,12333.333333333334
Fiat Cronos,Fiat Cronos 1.3 Drive Cvt,2026,San Miguel - Bs.As. G.B.A. Norte,0.0,21333.333333333332
Fiat Cronos,Fiat Cronos 1.3 Gse Drive Pack Plus Cvt,2026,Capital Federal - Capital Federal,0.0,21000.0
Fiat Cronos,Fiat Cronos 1.3 Drive Mt,2023,Capital Federal - Capital Federal,0.0,7333.333333333333
Fiat Cronos,Fiat Cronos 1.3 Gse Like,2027,Morón - Bs.As. G.B.A. Oeste,0.0,4666.666666666667
Fiat Cronos,Fiat Cronos 1.3 Gse Drive,2022,Capital Federal - Capital Federal,79000.0,12600.0
Fiat Cronos,Fiat Cronos 1.3 Gse Drive Pack Conectividad,2019,Tigre - Bs.As. G.B.A. Norte,123000.0,12490.0
Fiat Cronos,Fiat Cronos 1.3 Gse Drive,2021,Malvinas Argentinas - Bs.As. G.B.A. Norte,95000.0,13000.0
Fiat Cronos,Fiat Cronos Drive Oferta Real Retiro Inmediato,2026,Capital Federal - Capital Federal,0.0,20266.666666666668
Fiat Cronos,Fiat Cronos 1.3 Gse Like,2027,Merlo - Bs.As. G.B.A. Oeste,0.0,2500.0
Fiat Cronos,Fiat Cronos 1.3 Gse Drive Pack Conectividad,2021,Berazategui - Bs.As. G.B.A. Sur,40000.0,13333.333333333334
Fiat Cronos,Fiat Cronos 1.3 Gse Like,2026,Capital Federal - Capital Federal,0.0,16600.0
Fiat Cronos,Fiat Cronos 1.3 Gse Precision Cvt,2025,Avellaneda - Bs.As. G.B.A. Sur,2025.0,17800.0
Fiat Cronos,Fiat Cronos 1.8 16v Precision At6 Pack Premium,2021,Beccar - Bs.As. G.B.A. Norte,69000.0,13200.0
Fiat Cronos,Fiat Cronos 1.3 Gse Drive Pack Plus,2026,Merlo - Bs.As. G.B.A. Oeste,0.0,17333.333333333332
Fiat Cronos,Fiat Cronos 1.3 Gse Like,2027,Escobar - Bs.As. G.B.A. Norte,0.0,8660.0
Fiat Cronos,Fiat Cronos 1.3 Gse Precision Cvt,2026,Capital Federal - Capital Federal,0.0,21000.0
Fiat Cronos,Fiat Cronos 1.3 Precision Cvt,2026,Capital Federal - Capital Federal,0.0,21002.666666666668
Fiat Cronos,Fiat Cronos 1.3 Precision Cvt,2026,Capital Federal - Capital Federal,0.0,21006.0
Fiat Cronos,Fiat Cronos 1.3 Gse Precision Cvt,2026,Capital Federal - Capital Federal,0.0,20564.58133333333
Fiat Cronos,Fiat Cronos 1.3 Precision Cvt,2026,Capital Federal - Capital Federal,0.0,21005.333333333332
Fiat Cronos,Fiat Cronos 1.3 Gse Precision Cvt,2026,Capital Federal - Capital Federal,0.0,20526.666666666668
Fiat Cronos,Fiat Cronos 1.3 Precision Cvt,2026,Capital Federal - Capital Federal,0.0,21004.0
Fiat Cronos,Fiat Cronos 1.3 Gse Precision Cvt,2026,Ezeiza - Bs.As. G.B.A. Sur,0.0,17933.333333333332
Fiat Cronos,Fiat Cronos 1.3 Gse Precision Cvt,2026,Capital Federal - Capital Federal,0.0,21139.829333333335
Fiat Cronos,Fiat Cronos 1.3 Gse Precision Cvt,2026,Berazategui - Bs.As. G.B.A. Sur,0.0,18000.0
Fiat Cronos,Fiat Cronos 1.3 Gse Precision Cvt,2026,La Matanza - Bs.As. G.B.A. Oeste,0.0,19333.333333333332
Fiat Cronos,Fiat Cronos 1.3 Gse Precision Cvt,2026,San Isidro - Bs.As. G.B.A. Norte,0.0,24933.333333333332
Fiat Cronos,Fiat Cronos 1.3 Gse Precision Cvt,2026,Lomas De Zamora - Bs.As. G.B.A. Sur,0.0,25316.0
Fiat Cronos,Fiat Cronos 1.3 Gse Precision Cvt,2026,Capital Federal - Capital Federal,0.0,20605.248
Fiat Cronos,Fiat Cronos 1.3 Gse Precision Cvt,2026,Quilmes - Bs.As. G.B.A. Sur,0.0,25316.0
Fiat Cronos,Fiat Cronos 1.3 Gse Precision Cvt,2026,Pilar - Bs.As. G.B.A. Norte,0.0,17999.333333333332
Fiat Cronos,Fiat Cronos 1.3 Gse Precision Cvt,2026,Pilar - Bs.As. G.B.A. Norte,0.0,20333.333333333332
Fiat Cronos,Fiat Cronos 1.3 Gse Precision Cvt,2026,San Isidro - Bs.As. G.B.A. Norte,0.0,21540.0
Fiat Cronos,Fiat Cronos 1.3 Gse Precision Cvt,2026,Capital Federal - Capital Federal,0.0,20866.666666666668
Fiat Cronos,Fiat Cronos 1.3 Gse Precision Cvt,2026,Capital Federal - Capital Federal,0.0,20350.666666666668
Fiat Cronos,Fiat Cronos 1.3 Gse Precision Cvt,2026,La Matanza - Bs.As. G.B.A. Oeste,0.0,21000.0
Fiat Cronos,Fiat Cronos 1.3 Gse Drive,2021,Castelar - Bs.As. G.B.A. Oeste,96000.0,12666.666666666666
Fiat Cronos,Fiat Cronos 1.3 Gse Drive Pack Conectividad,2021,Morón - Bs.As. G.B.A. Oeste,53000.0,13000.0
Fiat Cronos,Fiat Cronos 1.3 Gse Like,2025,Capital Federal - Capital Federal,932.0,17733.333333333332
Fiat Cronos,Fiat Cronos 1.3 Gse Precision Cvt,2025,Luján - Buenos Aires Interior,0.0,21076.0
Fiat Cronos,Fiat Cronos 1.3 Drive Cvt,2023,Capital Federal - Capital Federal,28089.0,14520.0
Fiat Cronos,Fiat Cronos 1.3 Gse Drive,2022,Capital Federal - Capital Federal,98000.0,13066.666666666666
Fiat Cronos,Fiat Cronos 1.3 Gse Like,2025,San Miguel - Bs.As. G.B.A. Norte,0.0,16654.02666666667
Fiat Cronos,Fiat Cronos 1.3 Gse Drive Pack Conectividad,2021,Capital Federal - Capital Federal,65000.0,13666.666666666666
Fiat Cronos,Fiat Cronos 1.3 Gse Drive Pack Plus,2026,La Matanza - Bs.As. G.B.A. Oeste,0.0,18000.0
Fiat Cronos,Fiat Cronos 1.3 Gse Drive Pack Conectividad,2021,Tigre - Bs.As. G.B.A. Norte,93500.0,10666.666666666666
Fiat Cronos,Fiat Cronos 1.3 Gse Drive Pack Conectividad,2021,General San Martín - Bs.As. G.B.A. Norte,68000.0,13000.0
Fiat Cronos,Fiat Cronos 1.3 Gse Precision Cvt,2025,General San Martín - Bs.As. G.B.A. Norte,0.0,23000.0
Fiat Cronos,Fiat Cronos 1.3 Gse Drive Pack Plus Cvt,2025,Capital Federal - Capital Federal,0.0,22000.0
Fiat Cronos,Fiat Cronos 1.3 Gse Drive Pack Plus Cvt,2026,Capital Federal - Capital Federal,0.0,17666.666666666668
Fiat Cronos,Fiat Cronos 1.3 Gse Drive Pack Plus,2024,Moreno - Bs.As. G.B.A. Oeste,60000.0,16000.0
Fiat Cronos,Fiat Cronos 1.3 Gse Drive Pack Conectividad,2026,Capital Federal - Capital Federal,0.0,17133.8
Fiat Cronos,Fiat Cronos 1.3 Gse Like,2025,Malvinas Argentinas - Bs.As. G.B.A. Norte,0.0,15933.333333333334
Fiat Cronos,Fiat Cronos 1.3 Gse Like,2025,Capital Federal - Capital Federal,0.0,17333.333333333332
Fiat Cronos,Fiat Cronos 1.3 Gse Like,2025,Quilmes - Bs.As. G.B.A. Sur,0.0,19666.666666666668
Fiat Cronos,Fiat Cronos 1.3 Gse Like,2025,General San Martín - Bs.As. G.B.A. Norte,0.0,19710.0
Fiat Cronos,Fiat Cronos 1.3 Gse Drive,2021,Pilar - Bs.As. G.B.A. Norte,95000.0,13666.666666666666
Fiat Cronos,Fiat Cronos 1.3 Gse Precision Cvt,2025,Hurlingham - Bs.As. G.B.A. Oeste,0.0,18520.0
Fiat Cronos,Fiat Cronos 1.3 Gse Precision Cvt,2026,Luján - Buenos Aires Interior,0.0,21076.0
Fiat Cronos,Fiat Cronos 1.3 Gse Drive,2024,Ituzaingó - Bs.As. G.B.A. Oeste,20000.0,16990.0
Fiat Cronos,Fiat Cronos 1.3 Drive Pack S-desing,2022,Malvinas Argentinas - Bs.As. G.B.A. Norte,53136.0,13360.0
Fiat Cronos,Fiat Cronos 1.3 Gse Drive,2023,La Matanza - Bs.As. G.B.A. Oeste,50000.0,14000.0
Fiat Cronos,Fiat Cronos 1.3 Gse Drive,2023,Capital Federal - Capital Federal,54251.0,14660.0
Fiat Cronos,Fiat Cronos 1.3 Gse Drive,2023,Capital Federal - Capital Federal,24985.0,14000.0
Fiat Cronos,Fiat Cronos 1.3 Gse Drive,2023,San Isidro - Bs.As. G.B.A. Norte,48000.0,13933.333333333334
Fiat Cronos,Fiat Cronos 1.3 Gse Precision Cvt,2025,Beccar - Bs.As. G.B.A. Norte,0.0,21333.333333333332
Fiat Cronos,Fiat Cronos 1.8 16v Precision,2021,La Matanza - Bs.As. G.B.A. Oeste,57000.0,14666.666666666666
Fiat Cronos,Fiat Cronos 1.8 Precision,2022,Capital Federal - Capital Federal,48247.0,14006.666666666666
Fiat Cronos,Fiat Cronos 1.8 16v Precision,2022,Capital Federal - Capital Federal,60000.0,13200.0
Fiat Cronos,Fiat Cronos 1.3 Drive Mt,2025,Mercedes - Buenos Aires Interior,0.0,20071.333333333332
Fiat Cronos,Fiat Cronos 1.3 Gse Drive Pack Plus,2026,Capital Federal - Capital Federal,0.0,18000.0
Fiat Cronos,Fiat Cronos 1.3 Gse Drive Pack Plus,2026,Capital Federal - Capital Federal,0.0,20293.285333333333
Fiat Cronos,Fiat Cronos 1.3 Gse Drive Pack Plus,2026,La Plata - Bs.As. G.B.A. Sur,0.0,18900.0
Fiat Cronos,Fiat Cronos 1.3 Gse Drive Pack Plus,2026,Capital Federal - Capital Federal,0.0,20885.22
Fiat Cronos,Fiat Cronos 1.3 Gse Drive Pack Conectividad,2026,Capital Federal - Capital Federal,0.0,17136.666666666668
Fiat Cronos,Fiat Cronos 1.3 Gse Drive Pack Plus,2026,Caseros - Bs.As. G.B.A. Oeste,0.0,18900.0
Renault Logan,Renault Logan Intens Cvt,2019,San Isidro - Bs.As. G.B.A. Norte,72000.0,12333.333333333334
Renault Logan,Renault Logan 1.6 Authentique 85cv,2017,Campana - Buenos Aires Interior,72000.0,8666.666666666666
Renault Logan,Renault Logan 1.6 Privilége Plus 105cv Nac,2017,Capital Federal - Capital Federal,55400.0,9933.333333333334
Renault Logan,Renault Logan 1.6 16v Life,2026,Esteban Echeverría - Bs.As. G.B.A. Sur,0.0,16666.666666666668
Renault Logan,Renault Logan 1.6 16v Life,2025,Capital Federal - Capital Federal,0.0,15550.0
Renault Logan,Renault Logan 1.6 16v Life,2026,Capital Federal - Capital Federal,0.0,16000.0
Renault Logan,Renault Logan 1.6 16v Life,2025,Capital Federal - Capital Federal,0.0,17056.0
Renault Logan,Renault Logan 1.6 Privilege 105cv Nac,2017,Capital Federal - Capital Federal,88000.0,11666.666
Renault Logan,Renault Logan 1.6 16v Zen,2022,La Plata - Bs.As. G.B.A. Sur,24000.0,14666.666666666666
Renault Logan,Renault Logan 1.6 Authentique Plus 85cv,2018,Capital Federal - Capital Federal,103000.0,10533.333333333334
Renault Logan,Renault Logan 1.6 16v Intense,2022,Capital Federal - Capital Federal,78600.0,13000.0
Renault Logan,Renault Logan 1.6 Authentique 85cv,2018,Escobar - Bs.As. G.B.A. Norte,101000.0,11500.0
Renault Logan,Renault Logan 1.6 Privilege 105cv,2017,Escobar - Bs.As. G.B.A. Norte,110575.0,9933.333333333334
Renault Logan,Renault Logan 1.6 Privilege Plus 105cv,2019,Lomas De Zamora - Bs.As. G.B.A. Sur,96500.0,11733.333333333334
Renault Logan,Renault Logan 1.6 16v Intense,2026,Capital Federal - Capital Federal,0.0,18634.666666666668
Renault Logan,Renault Logan 1.6 Authentique Plus 85cv,2018,San Fernando - Bs.As. G.B.A. Norte,102000.0,9000.0
Renault Logan,Renault Logan 1.6 16v Intense,2026,Almirante Brown - Bs.As. G.B.A. Sur,0.0,17993.266666666666
Renault Logan,Renault Logan 1.6 16v Life,2020,Capital Federal - Capital Federal,122000.0,11266.666666666666
Renault Logan,Renault Logan Ph2 Intens 1.6,2019,La Plata - Bs.As. G.B.A. Sur,64000.0,12666.666666666666
Renault Logan,Renault Logan 1.6 Intens,2021,Malvinas Argentinas - Bs.As. G.B.A. Norte,114230.0,10413.333333333334
Renault Logan,Renault Logan 1.6 16v Life,2025,Capital Federal - Capital Federal,0.0,17066.666666666668
Renault Logan,Renault Logan 1.6 Privilege 105cv,2018,Capital Federal - Capital Federal,166000.0,9666.666666666666
Renault Logan,Renault Logan 1.6 Authentique Plus 85cv,2016,Capital Federal - Capital Federal,227000.0,8333.333333333334
Renault Logan,Renault Logan 1.6 16v Life,2024,La Matanza - Bs.As. G.B.A. Oeste,17900.0,17000.0
Renault Logan,Renault Logan 1.6 16v Life,2026,Capital Federal - Capital Federal,0.0,17056.0
Renault Logan,Renault Logan 1.6 Privilege Plus 105cv,2016,Capital Federal - Capital Federal,193250.0,8166.666666666667
Renault Logan,Renault Logan 1.6 Expression 85cv,2017,Capital Federal - Capital Federal,171000.0,8533.333333333334
Renault Logan,Renault Logan 1.6 16v Intense,2021,General San Martín - Bs.As. G.B.A. Norte,60000.0,14500.0
Renault Logan,Renault Logan Ii 1.6 16v Life,2025,Capital Federal - Capital Federal,0.0,19640.0
Renault Logan,Renault Logan 1.6 Privilege 105cv,2019,Capital Federal - Capital Federal,68000.0,12500.0
Renault Logan,Renault Logan 1.6 16v Life,2024,Ituzaingó - Bs.As. G.B.A. Oeste,30000.0,13266.666666666666
Renault Logan,Renault Logan 1.6 16v Intense,2025,Capital Federal - Capital Federal,0.0,19446.64
Renault Logan,Renault Logan 1.6 16v Life,2021,Tigre - Bs.As. G.B.A. Norte,125000.0,11000.0
Renault Logan,Renault Logan 1.6 16v Intense,2026,Capital Federal - Capital Federal,0.0,18634.8
Renault Logan,Renault Logan 1.6 16v Intense,2026,Capital Federal - Capital Federal,0.0,19593.333333333332
Renault Logan,Renault Logan 1.6 16v Intense,2026,Capital Federal - Capital Federal,0.0,18634.666666666668
Renault Logan,Renault Logan 1.6 16v Intense,2026,Capital Federal - Capital Federal,0.0,19666.666666666668
Renault Logan,Renault Logan 1.6 Authentique Plus 85cv,2017,La Matanza - Bs.As. G.B.A. Oeste,180000.0,6000.0
Renault Logan,Renault Logan 1.6 16v Intense,2026,Capital Federal - Capital Federal,0.0,20266.666666666668
Renault Logan,Renault Logan 1.6 16v Intense,2022,San Isidro - Bs.As. G.B.A. Norte,51959.0,13666.666666666666
Renault Logan,Renault Logan 1.6 16v Life,2026,General Rodríguez - Bs.As. G.B.A. Oeste,0.0,20622.666666666668
Renault Logan,Renault Logan 1.6 16v Life,2026,Capital Federal - Capital Federal,0.0,18333.333333333332
Renault Logan,Renault Logan 1.6 16v Life,2026,Hurlingham - Bs.As. G.B.A. Oeste,0.0,18635.2
Renault Logan,Renault Logan 1.6 16v Intense,2026,Capital Federal - Capital Federal,0.0,17239.333333333332
Renault Logan,Renault Logan 1.6 16v Zen,2021,Lanús - Bs.As. G.B.A. Sur,0.0,20200.0
Renault Logan,Renault Logan 1.6 16v Life,2026,Capital Federal - Capital Federal,0.0,18548.0
Renault Logan,Renault Logan 1.6 Expression 85cv,2016,La Plata - Bs.As. G.B.A. Sur,146100.0,9333.333333333334
Renault Logan,Renault Logan 1.6 Privilege Plus 105cv,2016,Capital Federal - Capital Federal,143500.0,8000.0
Renault Logan,Renault Logan 1.6 16v Life,2022,Quilmes - Bs.As. G.B.A. Sur,63000.0,13325.333333333334
Renault Logan,Renault Logan 1.6 Authentique Plus 85cv,2018,Capital Federal - Capital Federal,167000.0,8600.0
Renault Logan,Renault Logan 1.6 Authentique Plus,2017,Capital Federal - Capital Federal,118446.0,8420.0
Renault Logan,Renault Logan 1.6 Privilege Plus 105cv,2016,Capital Federal - Capital Federal,175000.0,9466.666666666666
Renault Logan,Renault Logan 1.6,2026,La Plata - Bs.As. G.B.A. Sur,0.0,18666.666666666668
Renault Logan,Renault Logan 1.6 Expression 85cv,2017,Campana - Buenos Aires Interior,140000.0,10200.0
Renault Logan,Renault Logan 1.6 Expression 85cv,2018,Lomas De Zamora - Bs.As. G.B.A. Sur,120000.0,9266.666666666666
Renault Logan,Renault Logan 1.6 Authentique Plus 85cv,2018,Malvinas Argentinas - Bs.As. G.B.A. Norte,50000.0,10666.666666666666
Renault Logan,Renault Logan 1.6 Privilege,2017,Capital Federal - Capital Federal,133371.0,8260.0
Renault Logan,Renault Logan 1.6 Privilege,2017,Capital Federal - Capital Federal,62516.0,11633.333333333334
Renault Logan,Renault Logan 1.6 Privilege 105cv,2016,General Las Heras - Buenos Aires Interior,140000.0,9666.666666666666
Renault Logan,Renault Logan 1.6 Authentique Plus 85cv,2018,Capital Federal - Capital Federal,78000.0,9332.666666666666
Renault Logan,Renault Logan 1.6 16v Life,2026,La Plata - Bs.As. G.B.A. Sur,0.0,16682.666666666668
Renault Logan,Renault Logan 1.6 Authentique Plus 85cv Nac,2018,Capital Federal - Capital Federal,111000.0,9933.333333333334
Renault Logan,Renault Logan 1.6 Privilege 105cv,2018,Capital Federal - Capital Federal,70000.0,10993.333333333334
Renault Logan,Renault Logan 1.6 Authentique Plus 85cv,2018,La Matanza - Bs.As. G.B.A. Oeste,121000.0,9333.333333333334
Renault Logan,Renault Logan 1.6 16v Intense,2026,Castelar - Bs.As. G.B.A. Oeste,0.0,23714.0
Renault Logan,Renault Logan 1.6 Privilege 105cv,2018,Capital Federal - Capital Federal,96000.0,9666.666666666666
Renault Logan,Renault Logan 1.6 Authentique Plus 85cv,2018,Capital Federal - Capital Federal,66800.0,10600.0
Renault Logan,Renault Logan 1.6 Authentique Plus 85cv,2016,San Isidro - Bs.As. G.B.A. Norte,70000.0,9000.0
Renault Logan,Renault Logan 1.6 Authentique 85cv,2017,Capital Federal - Capital Federal,125000.0,8000.0
Renault Logan,Renault Logan 1.6 Expression 85cv,2019,Morón - Bs.As. G.B.A. Oeste,65000.0,10666.666666666666
Renault Logan,Renault Logan 1.6 16v Life,2021,Capital Federal - Capital Federal,81000.0,11200.0
Renault Logan,Renault Logan 1.6 Privilége Plus 105cv Nac,2018,Avellaneda - Bs.As. G.B.A. Sur,100500.0,9333.333333333334
Renault Logan,Renault Logan 1.6 Privilege 105cv Nac,2018,Capital Federal - Capital Federal,240000.0,6466.666666666667
Renault Logan,Renault Logan 1.6 Expression 85cv,2019,Vicente López - Bs.As. G.B.A. Norte,82000.0,11000.0
Renault Logan,Renault Logan 1.6 Authentique Plus 85cv,2018,Capital Federal - Capital Federal,78000.0,10066.666666666666
Renault Logan,Renault Logan 1.6 Authentique Plus 85cv Nac,2018,General San Martín - Bs.As. G.B.A. Norte,75500.0,10266.666666666666
Renault Logan,Renault Logan 1.6 16v Intense,2021,Capital Federal - Capital Federal,97313.0,13000.0
Renault Logan,Renault Logan Logan Ph2 Intens 1.6,2025,Capital Federal - Capital Federal,0.0,19799.333333333332
Renault Logan,Renault Logan 1.6 Expression 85cv,2018,Lanús - Bs.As. G.B.A. Sur,90600.0,9133.333333333334
Renault Logan,Renault Logan 1.6 16v Life,2023,Avellaneda - Bs.As. G.B.A. Sur,84000.0,13666.666666666666
Renault Logan,Renault Logan 1.6 16v Intense,2020,Avellaneda - Bs.As. G.B.A. Sur,85000.0,12333.333333333334
Renault Logan,Renault Logan 1.6 Intens,2022,Capital Federal - Capital Federal,57874.0,12413.333333333334
Renault Logan,Renault Logan 1.6 16v Life,2024,Capital Federal - Capital Federal,28300.0,12999.333333333334
Renault Logan,Renault Logan 1.6 16v Life,2025,Tigre - Bs.As. G.B.A. Norte,19000.0,16600.0
Renault Logan,Renault Logan 1.6 Privilege 105cv,2017,Ezeiza - Bs.As. G.B.A. Sur,180000.0,9666.666666666666
Renault Logan,Renault Logan 1.6 Privilege Plus 105cv,2018,Capital Federal - Capital Federal,138000.0,8500.0
Renault Logan,Renault Logan 1.6 16v Zen,2021,Ituzaingó - Bs.As. G.B.A. Oeste,61809.0,13800.0
Renault Logan,Renault Logan 1.6 16v Life,2023,Ituzaingó - Bs.As. G.B.A. Oeste,69181.0,14000.0
Renault Logan,Renault Logan 1.6 16v Life,2023,Hurlingham - Bs.As. G.B.A. Oeste,43000.0,13633.333333333334
Renault Logan,Renault Logan 1.6 16v Life,2023,Lobos - Buenos Aires Interior,52000.0,13000.0
Renault Logan,Renault Logan 1.6 16v Life,2023,Tres De Febrero - Bs.As. G.B.A. Oeste,27022.0,14333.333333333334
Renault Logan,Renault Logan 1.6 Authentique Plus 85cv Nac,2018,San Fernando - Bs.As. G.B.A. Norte,99000.0,10333.333333333334
Renault Logan,Renault Logan 1.6 Privilége Plus 105cv Nac,2023,Morón - Bs.As. G.B.A. Oeste,51000.0,14333.333333333334
Renault Logan,Renault Logan 1.6 16v Intense,2026,Capital Federal - Capital Federal,0.0,23933.333333333332
Renault Logan,Renault Logan 1.6 Expression 85cv Nac,2019,Capital Federal - Capital Federal,125000.0,15900.0
Renault Logan,Renault Logan 1.6 Privilege 105cv,2018,Avellaneda - Bs.As. G.B.A. Sur,98000.0,9700.0
Renault Logan,Renault Logan 1.6 16v Intense,2020,Capital Federal - Capital Federal,41100.0,12333.333333333334
Renault Logan,Renault Logan 1.6 16v Life,2023,Avellaneda - Bs.As. G.B.A. Sur,111111.0,16333.333333333334
Renault Logan,Renault Logan 1.6 16v Life,2025,Tigre - Bs.As. G.B.A. Norte,9000.0,16600.0
Renault Logan,Renault Logan 1.6 Authentique Plus 85cv,2018,Lomas De Zamora - Bs.As. G.B.A. Sur,82000.0,12600.0
Renault Logan,Renault Logan 1.6 16v Intense,2021,Escobar - Bs.As. G.B.A. Norte,60683.0,13666.666666666666
Renault Logan,Renault Logan 1.6 16v Zen,2020,Capital Federal - Capital Federal,125000.0,12333.333333333334
Renault Logan,Renault Logan 1.6 Privilege 105cv Nac,2018,La Plata - Bs.As. G.B.A. Sur,112000.0,9666.666666666666
Renault Logan,Renault Logan 1.6 16v Intense,2022,La Matanza - Bs.As. G.B.A. Oeste,16000.0,16000.0
Renault Logan,Renault Logan 1.6 Authentique 85cv,2018,Capital Federal - Capital Federal,85000.0,11800.0
Renault Logan,Renault Logan 1.6 16v Life,2021,Capital Federal - Capital Federal,57473.0,12500.0
Renault Logan,Renault Logan 1.6 16v Zen,2022,Capital Federal - Capital Federal,15300.0,14666.666666666666
Renault Logan,Renault Logan 1.6 16v Life,2023,Lanús - Bs.As. G.B.A. Sur,74000.0,12333.333333333334
Renault Logan,Renault Logan 1.6 16v Intense,2025,Almirante Brown - Bs.As. G.B.A. Sur,0.0,18717.851333333332
Renault Logan,Renault Logan 1.6 16v Life,2025,Del Viso - Bs.As. G.B.A. Norte,13280.0,15599.333333333334
Renault Logan,Renault Logan 1.6 Authentique 85cv,2018,San Andrés De Giles - Buenos Aires Interior,100000.0,11000.0
Renault Logan,Renault Logan 1.6 16v Zen,2023,Capital Federal - Capital Federal,34000.0,13266.666666666666
Renault Logan,Renault Logan 1.6 16v Life,2022,Merlo - Bs.As. G.B.A. Oeste,67000.0,12666.666666666666
Renault Logan,Renault Logan 1.6 16v Life,2022,Lomas De Zamora - Bs.As. G.B.A. Sur,112000.0,12666.666666666666
Renault Logan,Renault Logan 1.6 16v Life,2022,Lomas De Zamora - Bs.As. G.B.A. Sur,155900.0,11933.333333333334
Renault Logan,Renault Logan 1.6 16v Life,2022,Capital Federal - Capital Federal,74000.0,13000.0
Renault Logan,Renault Logan 1.6 16v Life,2022,Del Viso - Bs.As. G.B.A. Norte,71000.0,13266.666666666666
Renault Logan,Renault Logan 1.6 16v Life,2022,Quilmes - Bs.As. G.B.A. Sur,40300.0,12933.333333333334
Renault Logan,Renault Logan 1.6 Expression 85cv,2017,Pilar - Bs.As. G.B.A. Norte,157000.0,7933.333333333333
Renault Logan,Renault Logan Logan Ph2 Intens 1.6,2025,Capital Federal - Capital Federal,0.0,19799.333333333332
Renault Logan,Renault Logan 1.6 Privilege Plus 105cv,2016,La Plata - Bs.As. G.B.A. Sur,125366.0,9666.666666666666
Renault Logan,Renault Logan 1.6 Privilege Plus 105cv,2016,La Plata - Bs.As. G.B.A. Sur,55000.0,9666.666666666666
Renault Logan,Renault Logan 1.6 Authentique Plus 85cv,2019,Capital Federal - Capital Federal,95000.0,8600.0
Renault Logan,Renault Logan 1.6 Authentique Plus 85cv,2019,San Isidro - Bs.As. G.B.A. Norte,80000.0,11000.0
Renault Logan,Renault Logan 1.6 16v Zen,2021,La Plata - Bs.As. G.B.A. Sur,38000.0,14000.0
Renault Logan,Renault Logan 1.6 16v Life,2023,General San Martín - Bs.As. G.B.A. Norte,10000.0,16500.0
Renault Logan,Renault Logan 1.6 Privilege 105cv,2017,San Isidro - Bs.As. G.B.A. Norte,128800.0,9666.666666666666
Renault Logan,Renault Logan 1.6 16v Privilege Plus,2017,Lanús - Bs.As. G.B.A. Sur,90000.0,11200.0
Renault Logan,Renault Logan 1.6 Privilege 105cv,2018,Capital Federal - Capital Federal,130000.0,9266.666666666666
Renault Logan,Renault Logan 1.6 Authentique 85cv,2016,La Matanza - Bs.As. G.B.A. Oeste,149000.0,10000.0
Renault Logan,Renault Logan 1.6 Authentique 85cv Con Gnc,2017,Pilar - Bs.As. G.B.A. Norte,213000.0,9000.0
Renault Logan,Renault Logan 1.6 Authentique 85cv,2017,Capital Federal - Capital Federal,171000.0,6980.0
Renault Logan,Renault Logan 1.6 Authentique Plus 85cv,2016,Capital Federal - Capital Federal,97500.0,9800.0
Renault Logan,Renault Logan 1.6 16v Life,2022,Lanús - Bs.As. G.B.A. Sur,32000.0,13333.333333333334
Renault Logan,Renault Logan 1.6 Privilege 105cv Nac,2019,Capital Federal - Capital Federal,82000.0,11933.333333333334
Renault Logan,Renault Logan 1.6 16v Zen,2022,La Matanza - Bs.As. G.B.A. Oeste,55000.0,13666.666666666666
Renault Logan,Renault Logan 1.6 16v Zen,2022,Ituzaingó - Bs.As. G.B.A. Oeste,113000.0,13200.0
Renault Logan,Renault Logan 1.6 16v Zen,2022,Capital Federal - Capital Federal,52000.0,14000.0
Renault Logan,Renault Logan 1.6 16v Zen,2022,Morón - Bs.As. G.B.A. Oeste,47200.0,14900.0
Renault Logan,Renault Logan 1.6 16v Life,2022,General San Martín - Bs.As. G.B.A. Norte,67000.0,13000.0
Renault Logan,Renault Logan 1.6 Authentique 85cv,2019,Capital Federal - Capital Federal,163000.0,10250.0
Renault Logan,Renault Logan 1.6 Authentique Plus 85cv,2019,Escobar - Bs.As. G.B.A. Norte,73000.0,13000.0
Renault Logan,Renault Logan 1.6 Authentique 85cv,2016,Avellaneda - Bs.As. G.B.A. Sur,128000.0,8533.333333333334
Renault Logan,Renault Logan 1.6 Authentique 85cv,2019,Lanús - Bs.As. G.B.A. Sur,92000.0,10666.666666666666
Renault Logan,Renault Logan 1.6 Authentique Plus 85cv Nac,2017,Cañuelas - Buenos Aires Interior,86000.0,10333.332666666667
Renault Logan,Renault Logan 1.6 Expression 85cv,2017,Capital Federal - Capital Federal,78000.0,9933.333333333334
Renault Logan,Renault Logan 1.6 Authentique 85cv Nac,2019,Capital Federal - Capital Federal,110000.0,10200.0
Renault Logan,Renault Logan 1.6 Authentique Plus 85cv,2019,Lomas De Zamora - Bs.As. G.B.A. Sur,120300.0,9666.666666666666
Renault Logan,Renault Logan Logan Privilege 1.6,2019,Capital Federal - Capital Federal,104000.0,12333.333333333334
Renault Logan,Renault Logan 1.6 Privilege Plus 105cv,2016,Capital Federal - Capital Federal,95000.0,9266.666666666666
Renault Logan,Renault Logan 1.6 Authentique 85cv Nac,2018,Capital Federal - Capital Federal,78000.0,10066.666666666666
Renault Logan,Renault Logan 1.6 Authentique Plus 85cv,2016,Lomas De Zamora - Bs.As. G.B.A. Sur,141500.0,6533.333333333333
Renault Logan,Renault Logan 1.6 16v Life,2021,Avellaneda - Bs.As. G.B.A. Sur,203000.0,9133.333333333334
Renault Logan,Renault Logan 1.6 Authentique Plus 85cv,2017,Hurlingham - Bs.As. G.B.A. Oeste,125000.0,10666.666666666666
Renault Logan,Renault Logan 1.6 16v Intense,2023,La Plata - Bs.As. G.B.A. Sur,35000.0,15000.0
Renault Logan,Renault Logan 1.6 Privilege 105cv Nac,2017,San Miguel - Bs.As. G.B.A. Norte,101000.0,10333.333333333334
Renault Logan,Renault Logan 1.6 Expression 85cv,2017,La Plata - Bs.As. G.B.A. Sur,154956.0,8666.666666666666
Renault Logan,Renault Logan 1.6 Expression 85cv,2017,La Matanza - Bs.As. G.B.A. Oeste,140000.0,9666.666666666666
Renault Logan,Renault Logan 1.6 16v Intense,2025,La Plata - Bs.As. G.B.A. Sur,0.0,18666.666666666668
Renault Logan,Renault Logan 1.6 Privilege 105cv,2016,La Matanza - Bs.As. G.B.A. Oeste,116000.0,9000.0
Renault Logan,Renault Logan 1.6 Privilege 105cv,2019,Malvinas Argentinas - Bs.As. G.B.A. Norte,93000.0,12500.0
Renault Logan,Renault Logan 1.6 Privilege 105cv,2017,Pilar - Bs.As. G.B.A. Norte,141000.0,11500.0
Renault Logan,Renault Logan Ii 1.6 16v Life,2024,General San Martín - Bs.As. G.B.A. Norte,72000.0,14666.666666666666
Renault Logan,Renault Logan 1.6 Authentique Plus 85cv,2019,Capital Federal - Capital Federal,75000.0,10600.0
Renault Logan,Renault Logan 1.6 Authentique Plus 85cv,2017,Capital Federal - Capital Federal,93561.0,10460.0
Renault Logan,Renault Logan 1.6 16v Life,2024,La Plata - Bs.As. G.B.A. Sur,31819.0,14660.0
Renault Logan,Renault Logan 1.6,2026,Quilmes - Bs.As. G.B.A. Sur,0.0,18666.666666666668
Renault Logan,Renault Logan 1.6 16v Intense,2023,Moreno - Bs.As. G.B.A. Oeste,70000.0,14000.0
Renault Logan,Renault Logan 1.6 Authentique 85cv,2018,Ituzaingó - Bs.As. G.B.A. Oeste,144000.0,9600.0
Renault Logan,Renault Logan 1.6 16v Intense,2025,Capital Federal - Capital Federal,0.0,19412.666666666668
Renault Logan,Renault Logan 1.6 Authentique 85cv,2019,General San Martín - Bs.As. G.B.A. Norte,82000.0,11500.0
Renault Logan,Renault Logan 1.6 16v Intense,2023,Tigre - Bs.As. G.B.A. Norte,33000.0,16666.666666666668
Renault Logan,Renault Logan 1.6 16v Zen,2023,Hurlingham - Bs.As. G.B.A. Oeste,37800.0,14666.666666666666
Renault Logan,Renault Logan 1.6 16v Zen,2023,La Plata - Bs.As. G.B.A. Sur,58000.0,14666.666666666666
Renault Logan,Renault Logan 1.6 Authentique Plus 85cv Nac,2018,Lomas De Zamora - Bs.As. G.B.A. Sur,76000.0,10666.666666666666
Renault Logan,Renault Logan 1.6 16v Life,2025,Quilmes - Bs.As. G.B.A. Sur,9000.0,15866.666666666666
Renault Logan,Renault Logan 1.6 16v Life,2025,General San Martín - Bs.As. G.B.A. Norte,1111.0,17933.333333333332
Renault Logan,Renault Logan 1.6 Privilege Plus 105cv,2018,Capital Federal - Capital Federal,84000.0,11166.666666666666
Renault Logan,Renault Logan 1.6 Privilége Plus 105cv Nac,2017,Lanús - Bs.As. G.B.A. Sur,110000.0,9933.333333333334
Renault Logan,Renault Logan 1.6 16v Life,2024,Capital Federal - Capital Federal,36000.0,14333.333333333334
Renault Logan,Renault Logan 1.6 16v Life,2024,Castelar - Bs.As. G.B.A. Oeste,40000.0,14640.0
Renault Logan,Renault Logan 1.6 Authentique 85cv,2017,Quilmes - Bs.As. G.B.A. Sur,160000.0,9000.0
Renault Logan,Renault Logan 1.6 Authentique Plus 85cv,2018,Zárate - Buenos Aires Interior,40000.0,11800.0
Renault Logan,Renault Logan 1.6 16v Life,2020,La Plata - Bs.As. G.B.A. Sur,95086.0,11446.666666666666
Renault Logan,Renault Logan 1.6 Authentique Plus 85cv,2018,Morón - Bs.As. G.B.A. Oeste,68000.0,8933.333333333334
Renault Logan,Renault Logan 1.6 Authentique Plus 85cv,2018,Capital Federal - Capital Federal,155000.0,9333.333333333334
Renault Logan,Renault Logan 1.6 Authentique 85cv,2019,Capital Federal - Capital Federal,134000.0,8993.333333333334
Renault Logan,Renault Logan 1.6 Authentique 85cv,2018,Ituzaingó - Bs.As. G.B.A. Oeste,118973.0,9666.666666666666
Renault Logan,Renault Logan 1.6 Expression 85cv,2016,Malvinas Argentinas - Bs.As. G.B.A. Norte,145000.0,9500.0
Renault Logan,Renault Logan 1.6 16v Life,2020,Tigre - Bs.As. G.B.A. Norte,140000.0,10333.333333333334
Renault Logan,Renault Logan 1.6 16v Life,2020,Quilmes - Bs.As. G.B.A. Sur,65000.0,11933.333333333334
Renault Logan,Renault Logan 1.6 Privilege 105cv,2017,Capital Federal - Capital Federal,88000.0,11666.666666666666
Renault Logan,Renault Logan 1.6 Expression 85cv Nac,2017,Capital Federal - Capital Federal,170000.0,9500.0
VW Virtus,Volkswagen Virtus 1.6 Msi Trendline Mt,2025,Capital Federal - Capital Federal,0.0,24666.666
VW Virtus,Volkswagen Virtus 1.0 Tsi Highline,2023,Capital Federal - Capital Federal,8353.0,27500.0
VW Virtus,Volkswagen Virtus 1.6 Msi Highline,2018,Capital Federal - Capital Federal,117000.0,12400.0
VW Virtus,Volkswagen Virtus 1.6 Highline,2019,Capital Federal - Capital Federal,99498.0,14666.666666666666
VW Virtus,Volkswagen Virtus 1.6 Comfortline At,2021,Malvinas Argentinas - Bs.As. G.B.A. Norte,79000.0,15133.333333333334
VW Virtus,Volkswagen Virtus 1.6 Comfortline At,2019,Escobar - Bs.As. G.B.A. Norte,67148.0,15000.0
VW Virtus,Volkswagen Virtus 1.6 Msi Trendline,2025,Capital Federal - Capital Federal,0.0,23200.0
VW Virtus,Volkswagen Virtus 1.6 Msi,2026,Capital Federal - Capital Federal,0.0,21133.333333333332
VW Virtus,Volkswagen Virtus 1.6 Msi,2026,Capital Federal - Capital Federal,0.0,21133.333333333332
VW Virtus,Volkswagen Virtus 1.6 Msi Comfortline,2026,Capital Federal - Capital Federal,0.0,30430.5
VW Virtus,Volkswagen Virtus 1.6 Msi Highline,2018,San Isidro - Bs.As. G.B.A. Norte,62000.0,16500.0
VW Virtus,Volkswagen Virtus 1.6 Msi Trendline,2020,Capital Federal - Capital Federal,28000.0,15333.333333333334
VW Virtus,Volkswagen Virtus 1.6 Msi Trendline,2018,Avellaneda - Bs.As. G.B.A. Sur,115000.0,12333.333333333334
VW Virtus,Volkswagen Virtus 1.6 Msi Trendline,2020,Escobar - Bs.As. G.B.A. Norte,211000.0,11993.333333333334
VW Virtus,Volkswagen Virtus 1.6 Msi Comfortline,2026,Florencio Varela - Bs.As. G.B.A. Sur,0.0,23333.266666666666
VW Virtus,Volkswagen Virtus 1.6 Msi,2024,Capital Federal - Capital Federal,28000.0,19333.333333333332
VW Virtus,Volkswagen Virtus 1.6 Msi Comfortline,2026,Almirante Brown - Bs.As. G.B.A. Sur,0.0,23333.266666666666
VW Virtus,Volkswagen Virtus 1.6 Msi Comfortline,2026,Capital Federal - Capital Federal,0.0,30430.5
VW Virtus,Volkswagen Virtus 1.6 Msi Trendline,2026,La Matanza - Bs.As. G.B.A. Oeste,0.0,30466.666666666668
VW Virtus,Volkswagen Virtus 1.4 Tsi Gts,2023,Capital Federal - Capital Federal,47300.0,24660.0
VW Virtus,Volkswagen Virtus 1.6 Msi Comfortline,2026,Beccar - Bs.As. G.B.A. Norte,0.0,22941.356666666667
VW Virtus,Volkswagen Virtus 1.6 Comfortline At,2021,Pilar - Bs.As. G.B.A. Norte,164000.0,13986.666666666666
VW Virtus,Volkswagen Virtus 1.6 Msi,2024,San Isidro - Bs.As. G.B.A. Norte,24000.0,22400.0
VW Virtus,Volkswagen Virtus 1.6 Msi Comfortline,2026,Avellaneda - Bs.As. G.B.A. Sur,0.0,25000.0
VW Virtus,Volkswagen Virtus 1.6 Comfortline At,2019,Capital Federal - Capital Federal,97000.0,11200.0
VW Virtus,Volkswagen Virtus 1.6 Msi Highline,2018,Merlo - Bs.As. G.B.A. Oeste,98000.0,14700.0
VW Virtus,Volkswagen Virtus 1.6 Msi Trendline Auto,2019,Capital Federal - Capital Federal,91000.0,13966.666666666666
VW Virtus,Volkswagen Virtus 1.6 Comfortline,2026,Capital Federal - Capital Federal,0.0,24000.0
VW Virtus,Volkswagen Virtus 1.0 Tsi Trendline Automatico,2026,Capital Federal - Capital Federal,0.0,25000.0
VW Virtus,Volkswagen Virtus 1.6 Comfortline At,2021,La Matanza - Bs.As. G.B.A. Oeste,77000.0,14000.0
VW Virtus,Volkswagen Virtus 1.6 Msi,2024,Capital Federal - Capital Federal,0.0,21800.0
VW Virtus,Volkswagen Virtus 1.6 Comfortline At,2019,San Fernando - Bs.As. G.B.A. Norte,57200.0,14990.0
VW Virtus,Volkswagen Virtus 1.6 Msi Trendline,2018,La Plata - Bs.As. G.B.A. Sur,33000.0,14266.666666666666
VW Virtus,Volkswagen Virtus Virtus Msi Manual 04pze,2026,Quilmes - Bs.As. G.B.A. Sur,0.0,25999.933333333334
VW Virtus,Volkswagen Virtus 1.4 Tsi Exclusive,2023,Capital Federal - Capital Federal,47300.0,24660.0
VW Virtus,Volkswagen Virtus 1.4 Tsi Exclusive,2025,Moreno - Bs.As. G.B.A. Oeste,11000.0,30000.0
VW Virtus,Volkswagen Virtus 1.6 Msi Trendline,2018,Capital Federal - Capital Federal,22800.0,14599.999333333333
VW Virtus,Volkswagen Virtus 1.6 Msi Comfortline,2026,Capital Federal - Capital Federal,0.0,25540.857333333333
VW Virtus,Volkswagen Virtus 1.6 Msi Trendline,2022,La Matanza - Bs.As. G.B.A. Oeste,27000.0,17333.333333333332
VW Virtus,Volkswagen Virtus 1.6 Comfortline,2019,Capital Federal - Capital Federal,82000.0,13199.933333333332
VW Virtus,Volkswagen Virtus 1.6 Msi Highline At,2023,Tigre - Bs.As. G.B.A. Norte,0.0,23986.666666666668
VW Virtus,Volkswagen Virtus 1.6 Comfortline At,2021,Del Viso - Bs.As. G.B.A. Norte,79000.0,17000.0
VW Virtus,Volkswagen Virtus 1.6 Msi Trendline,2020,Vicente López - Bs.As. G.B.A. Norte,56400.0,15333.333333333334
VW Virtus,Volkswagen Virtus 1.6 Msi,2025,San Fernando - Bs.As. G.B.A. Norte,54000.0,20000.0
VW Virtus,Volkswagen Virtus 1.6 Comfortline At,2018,Lanús - Bs.As. G.B.A. Sur,137000.0,14666.666666666666
VW Virtus,Volkswagen Virtus 1.6 Msi Highline,2019,Tigre - Bs.As. G.B.A. Norte,110000.0,14800.0
VW Virtus,Volkswagen Virtus Virtus 1.6 Msi Comfortline,2020,La Plata - Bs.As. G.B.A. Sur,82000.0,15500.0
VW Virtus,Volkswagen Virtus Highline 170tsi At,2026,Capital Federal - Capital Federal,0.0,26533.333333333332
VW Virtus,Volkswagen Virtus 1.6 Msi Highline At,2018,Capital Federal - Capital Federal,79000.0,13866.666666666666
VW Virtus,Volkswagen Virtus 1.6 Msi Highline At,2018,Tigre - Bs.As. G.B.A. Norte,194500.0,13400.0
VW Virtus,Volkswagen Virtus 1.6 Msi,2025,Berazategui - Bs.As. G.B.A. Sur,0.0,22333.415333333334
VW Virtus,Volkswagen Virtus 1.6 Msi Highline At,2018,Capital Federal - Capital Federal,87000.0,15900.0
VW Virtus,Volkswagen Virtus 1.6 Comfortline At,2021,La Matanza - Bs.As. G.B.A. Oeste,77000.0,14000.0
VW Virtus,Volkswagen Virtus 1.6 Msi Trendline,2018,Tigre - Bs.As. G.B.A. Norte,128823.0,12333.333333333334
VW Virtus,Volkswagen Virtus 1.6 Comfortline At,2020,Del Viso - Bs.As. G.B.A. Norte,50000.0,14666.666666666666
VW Virtus,Volkswagen Virtus 1.6 Msi Trendline At,2018,Tres De Febrero - Bs.As. G.B.A. Oeste,188000.0,11666.666666666666
VW Virtus,Volkswagen Virtus 1.0 Tsi Trendline Aut,2025,Escobar - Bs.As. G.B.A. Norte,0.0,23993.333333333332
VW Virtus,Volkswagen Virtus 1.6 Msi Highline,2018,Capital Federal - Capital Federal,61740.0,13733.333333333334
VW Virtus,Volkswagen Virtus 1.6 Msi Trendline,2018,Avellaneda - Bs.As. G.B.A. Sur,84000.0,13000.0
VW Virtus,Volkswagen Virtus 1.6 Msi Trendline,2021,Capital Federal - Capital Federal,35000.0,15000.0
VW Virtus,Volkswagen Virtus 1.0 Tsi Highline,2024,Capital Federal - Capital Federal,22000.0,22666.666666666668
VW Virtus,Volkswagen Virtus 1.6 Msi Trendline,2020,Capital Federal - Capital Federal,94333.0,13000.0
VW Virtus,Volkswagen Virtus 1.6 Msi Trendline At,2018,Capital Federal - Capital Federal,137000.0,12500.0
VW Virtus,Volkswagen Virtus 1.6 Msi Trendline,2020,Escobar - Bs.As. G.B.A. Norte,211700.0,11993.333333333334
VW Virtus,Volkswagen Virtus 1.6 Msi Comfortline,2025,Tigre - Bs.As. G.B.A. Norte,0.0,22333.333333333332
VW Virtus,Volkswagen Virtus 1.0 Tsi Trendline,2025,Capital Federal - Capital Federal,0.0,26800.0
VW Virtus,Volkswagen Virtus 1.4 Tsi Exclusive,2026,Tres De Febrero - Bs.As. G.B.A. Oeste,0.0,32333.333333333332
VW Virtus,Volkswagen Virtus 1.6 Msi Trendline At,2018,Lanús - Bs.As. G.B.A. Sur,87000.0,14666.666666666666
VW Virtus,Volkswagen Virtus 1.4 Tsi Gts,2021,Capital Federal - Capital Federal,42000.0,22666.666666666668
VW Virtus,Volkswagen Virtus 1.6 Comfortline At,2021,Escobar - Bs.As. G.B.A. Norte,164000.0,18500.0
VW Virtus,Volkswagen Virtus 1.6 Comfortline At,2018,Morón - Bs.As. G.B.A. Oeste,93000.0,12600.0
VW Virtus,Volkswagen Virtus 1.6 Msi Trendline,2019,Avellaneda - Bs.As. G.B.A. Sur,90262.0,13666.666666666666
VW Virtus,Volkswagen Virtus 1.6 Comfortline At,2018,Capital Federal - Capital Federal,150000.0,13900.0
VW Virtus,Volkswagen Virtus 1.4 Tsi Exclusive,2024,Vicente López - Bs.As. G.B.A. Norte,12000.0,23000.0
VW Virtus,Volkswagen Virtus 1.6 Msi Trendline At,2019,Capital Federal - Capital Federal,205000.0,15500.0
VW Virtus,Volkswagen Virtus 1.6 Msi Highline,2018,Capital Federal - Capital Federal,114000.0,12666.666666666666
VW Virtus,Volkswagen Virtus 1.6 Msi Trendline,2019,Monte - Buenos Aires Interior,170000.0,13666.666666666666
VW Virtus,Volkswagen Virtus 1.6 Msi Trendline,2021,Capital Federal - Capital Federal,101000.0,13333.333333333334
VW Virtus,Volkswagen Virtus 1.6 Msi Trendline At,2018,Moreno - Bs.As. G.B.A. Oeste,111000.0,13200.0
VW Virtus,Volkswagen Virtus 1.0 Tsi Highline,2023,Almirante Brown - Bs.As. G.B.A. Sur,30000.0,24000.0
VW Virtus,Volkswagen Virtus 1.6 Msi Trendline,2019,Capital Federal - Capital Federal,122000.0,11666.666666666666
VW Virtus,Volkswagen Virtus 1.6 Msi Trendline,2019,Capital Federal - Capital Federal,110000.0,11666.666666666666
VW Virtus,Volkswagen Virtus Virtus 1.6 Msi Trendline,2021,Capital Federal - Capital Federal,42000.0,16900.0
VW Virtus,Volkswagen Virtus 1.6 Msi Trendline,2021,Capital Federal - Capital Federal,63000.0,14600.0
VW Virtus,Volkswagen Virtus 1.6 Msi Highline,2018,Capital Federal - Capital Federal,59400.0,14993.333333333334
VW Virtus,Volkswagen Virtus 1.6 Msi Trendline,2020,Capital Federal - Capital Federal,95900.0,15850.0
VW Virtus,Volkswagen Virtus 1.6 Msi Trendline,2020,Morón - Bs.As. G.B.A. Oeste,53000.0,15666.666666666666
VW Virtus,Volkswagen Virtus 1.6 Msi Trendline,2020,San Miguel - Bs.As. G.B.A. Norte,112000.0,15266.666666666666
VW Virtus,Volkswagen Virtus 1.0 Tsi Highline,2026,Tigre - Bs.As. G.B.A. Norte,0.0,27464.0
VW Virtus,Volkswagen Virtus 1.0 Tsi Highline,2026,Capital Federal - Capital Federal,0.0,31133.333333333332
VW Virtus,Volkswagen Virtus 1.0 Tsi Trendline,2025,Pilar - Bs.As. G.B.A. Norte,0.0,25326.666666666668
VW Virtus,Volkswagen Virtus 1.6 Msi Trendline,2018,Capital Federal - Capital Federal,119000.0,11000.0
VW Virtus,Volkswagen Virtus 1.6 Msi Trendline At,2018,Capital Federal - Capital Federal,121000.0,12200.0
VW Virtus,Volkswagen Virtus 1.6 Msi Trendline,2022,Berazategui - Bs.As. G.B.A. Sur,30000.0,15933.333333333334
VW Virtus,Volkswagen Virtus 1.6 Msi,2026,Capital Federal - Capital Federal,0.0,21133.333333333332
VW Virtus,Volkswagen Virtus 1.6 Msi Trendline,2018,Capital Federal - Capital Federal,77200.0,12600.0
VW Virtus,Volkswagen Virtus 1.4 Tsi Exclusive,2023,Capital Federal - Capital Federal,52000.0,22900.0
VW Virtus,Volkswagen Virtus 1.6 Msi Trendline,2021,Capital Federal - Capital Federal,60000.0,15400.0
VW Virtus,Volkswagen Virtus 1.6 Msi Trendline,2025,Tigre - Bs.As. G.B.A. Norte,17000.0,20333.333333333332
VW Virtus,Volkswagen Virtus 1.6 Msi Trendline,2018,Capital Federal - Capital Federal,40000.0,12600.0
VW Virtus,Volkswagen Virtus 1.6 Msi Trendline,2018,Vicente López - Bs.As. G.B.A. Norte,57000.0,12600.0
VW Virtus,Volkswagen Virtus 1.6 Msi Highline At,2020,Quilmes - Bs.As. G.B.A. Sur,160000.0,16000.0
VW Virtus,Volkswagen Virtus 1.6 Msi,2025,Quilmes - Bs.As. G.B.A. Sur,27000.0,24666.666666666668
VW Virtus,Volkswagen Virtus 1.6 Msi Trendline At,2018,Capital Federal - Capital Federal,135000.0,12000.0
VW Virtus,Volkswagen Virtus 1.6 Msi,2025,Ituzaingó - Bs.As. G.B.A. Oeste,15500.0,25190.0
VW Virtus,Volkswagen Virtus 1.0 Tsi Trendline,2026,Capital Federal - Capital Federal,0.0,25133.333333333332
VW Virtus,Volkswagen Virtus 1.0 Tsi Trendline,2026,Capital Federal - Capital Federal,0.0,24000.0
VW Virtus,Volkswagen Virtus 1.6 Comfortline At,2019,Tigre - Bs.As. G.B.A. Norte,147000.0,13066.666666666666
VW Virtus,Volkswagen Virtus 1.6 Msi Trendline At,2018,Moreno - Bs.As. G.B.A. Oeste,110000.0,13200.0
VW Virtus,Volkswagen Virtus 1.6 Msi Trendline At,2018,Morón - Bs.As. G.B.A. Oeste,75000.0,16000.0
VW Virtus,Volkswagen Virtus 1.6 Msi Highline At,2018,Castelar - Bs.As. G.B.A. Oeste,114000.0,15000.0
VW Virtus,Volkswagen Virtus 1.6 Msi Comfortline,2026,San Miguel - Bs.As. G.B.A. Norte,1005.0,16000.0
VW Virtus,Volkswagen Virtus 1.6 Msi Trendline,2019,Esteban Echeverría - Bs.As. G.B.A. Sur,123000.0,12000.0
VW Virtus,Volkswagen Virtus 1.6 Msi Trendline,2025,Capital Federal - Capital Federal,840.0,20600.0
VW Virtus,Volkswagen Virtus 1.6 Comfortline,2019,Vicente López - Bs.As. G.B.A. Norte,52000.0,15666.666666666666
VW Virtus,Volkswagen Virtus 1.4 Tsi Gts,2022,Capital Federal - Capital Federal,29000.0,22500.0
VW Virtus,Volkswagen Virtus 1.6 Msi Highline At,2019,Moreno - Bs.As. G.B.A. Oeste,94000.0,14600.0
VW Virtus,Volkswagen Virtus 1.6 Msi Trendline,2021,Capital Federal - Capital Federal,35000.0,16050.0
VW Virtus,Volkswagen Virtus 1.4 Tsi Gts,2021,La Matanza - Bs.As. G.B.A. Oeste,45000.0,21666.666666666668
VW Virtus,Volkswagen Virtus 1.4 Tsi Gts,2021,La Matanza - Bs.As. G.B.A. Oeste,210000.0,19333.333333333332
VW Virtus,Volkswagen Virtus 1.6 Msi Trendline,2025,Tigre - Bs.As. G.B.A. Norte,0.0,21686.666666666668
VW Virtus,Volkswagen Virtus 1.6 Msi Comfortline,2024,Castelar - Bs.As. G.B.A. Oeste,54000.0,16666.666666666668
VW Virtus,Volkswagen Virtus 1.6 Msi Trendline,2022,Berazategui - Bs.As. G.B.A. Sur,33000.0,15933.333333333334
VW Virtus,Volkswagen Virtus 1.6 Msi,2025,La Matanza - Bs.As. G.B.A. Oeste,12000.0,21066.666666666668
VW Virtus,Volkswagen Virtus 1.6 Msi Trendline,2020,Capital Federal - Capital Federal,60000.0,13933.333333333334
VW Virtus,Volkswagen Virtus 1.6 Comfortline,2020,Tigre - Bs.As. G.B.A. Norte,120000.0,13300.0
VW Virtus,Volkswagen Virtus 1.6 Comfortline At,2021,La Matanza - Bs.As. G.B.A. Oeste,77000.0,14000.0
VW Virtus,Volkswagen Virtus 1.6 Msi Trendline,2018,La Matanza - Bs.As. G.B.A. Oeste,85000.0,13333.333333333334
VW Virtus,Volkswagen Virtus Virtus 1.6 Msi Highline,2018,San Miguel - Bs.As. G.B.A. Norte,59400.0,14993.333333333334
VW Virtus,Volkswagen Virtus Virtus 1.6 Msi Highline,2018,San Miguel - Bs.As. G.B.A. Norte,59400.0,14993.333333333334
VW Virtus,Volkswagen Virtus 1.6 Comfortline At,2019,Quilmes - Bs.As. G.B.A. Sur,90000.0,15500.0
VW Virtus,Volkswagen Virtus 1.6 Comfortline,2018,Capital Federal - Capital Federal,220000.0,11200.0
VW Virtus,Volkswagen Virtus 1.6 Msi Trendline,2020,San Fernando - Bs.As. G.B.A. Norte,31000.0,15333.333333333334
VW Virtus,Volkswagen Virtus 1.6 Msi,2024,Castelar - Bs.As. G.B.A. Oeste,53812.0,17333.333333333332
VW Virtus,Volkswagen Virtus 1.6 Msi Trendline,2020,Avellaneda - Bs.As. G.B.A. Sur,65000.0,13933.333333333334
VW Virtus,Volkswagen Virtus 1.6 Comfortline At,2021,San Isidro - Bs.As. G.B.A. Norte,70000.0,16000.0
VW Virtus,Volkswagen Virtus 1.6 Comfortline,2018,La Plata - Bs.As. G.B.A. Sur,95000.0,15500.0
VW Virtus,Volkswagen Virtus 1.6 Msi Highline,2019,La Plata - Bs.As. G.B.A. Sur,110000.0,15000.0
VW Virtus,Volkswagen Virtus 1.4 Tsi Exclusive,2025,Tres De Febrero - Bs.As. G.B.A. Oeste,0.0,32333.333333333332
VW Virtus,Volkswagen Virtus 1.0 Tsi Highline,2025,Moreno - Bs.As. G.B.A. Oeste,10000.0,24000.0
VW Virtus,Volkswagen Virtus 1.6 Msi Highline,2018,Almirante Brown - Bs.As. G.B.A. Sur,170000.0,12000.0
VW Virtus,Volkswagen Virtus 1.6 Msi Trendline,2021,Capital Federal - Capital Federal,103000.0,14666.666666666666
VW Virtus,Volkswagen Virtus 1.6 Comfortline At,2021,Pilar - Bs.As. G.B.A. Norte,164380.0,15866.666666666666
VW Virtus,Volkswagen Virtus 1.6 Msi Trendline,2022,La Matanza - Bs.As. G.B.A. Oeste,85000.0,16000.0
VW Virtus,Volkswagen Virtus 1.6 Msi Trendline At L18,2020,La Plata - Buenos Aires Interior,105463.0,12493.333333333334
VW Virtus,Volkswagen Virtus 1.6 Comfortline At,2019,Capital Federal - Capital Federal,158000.0,14000.0
VW Virtus,Volkswagen Virtus 1.6 Msi Trendline,2025,Tigre - Bs.As. G.B.A. Norte,0.0,22800.0
VW Virtus,Volkswagen Virtus 1.6 Comfortline At,2022,Bahía Blanca - Buenos Aires Interior,60000.0,19000.0
VW Virtus,Volkswagen Virtus 1.6 Msi Highline At,2020,Lomas De Zamora - Bs.As. G.B.A. Sur,150000.0,14500.0
VW Virtus,Volkswagen Virtus 1.6 Msi Highline,2018,Capital Federal - Capital Federal,98500.0,14500.0
VW Virtus,Volkswagen Virtus 1.6 Msi Trendline,2018,Capital Federal - Capital Federal,40000.0,13500.0
VW Virtus,Volkswagen Virtus 1.4 Tsi Gts,2022,Pilar - Bs.As. G.B.A. Norte,85300.0,23000.0
VW Virtus,Volkswagen Virtus 1.6 Msi Highline,2019,Capital Federal - Capital Federal,72000.0,16000.0
VW Virtus,Volkswagen Virtus 1.6 Msi Highline,2018,Ituzaingó - Bs.As. G.B.A. Oeste,122000.0,17990.0
VW Virtus,Volkswagen Virtus 1.6 Msi Highline,2018,Avellaneda - Bs.As. G.B.A. Sur,40000.0,16666.666666666668
VW Virtus,Volkswagen Virtus Highline,2018,Vicente López - Bs.As. G.B.A. Norte,64953.0,15333.333333333334
VW Virtus,Volkswagen Virtus 1.6 Msi Highline,2019,Berazategui - Bs.As. G.B.A. Sur,94600.0,14666.666666666666
VW Virtus,Volkswagen Virtus 1.6 Msi Trendline,2018,Capital Federal - Capital Federal,90000.0,12500.0
VW Virtus,Volkswagen Virtus 1.4 Tsi Gts,2022,General San Martín - Bs.As. G.B.A. Norte,81000.0,19933.333333333332
VW Virtus,Volkswagen Virtus 1.6 Comfortline,2018,Quilmes - Bs.As. G.B.A. Sur,99000.0,13500.0
VW Virtus,Volkswagen Virtus 1.6 Msi Trendline,2018,General Las Heras - Buenos Aires Interior,80000.0,13333.333333333334
VW Virtus,Volkswagen Virtus 1.6 Comfortline,2021,Lomas De Zamora - Bs.As. G.B.A. Sur,100000.0,14000.0
VW Virtus,Volkswagen Virtus 1.6 Msi Highline,2019,Almirante Brown - Bs.As. G.B.A. Sur,98700.0,13000.0
VW Virtus,Volkswagen Virtus 1.6 Msi Trendline At,2018,Hurlingham - Bs.As. G.B.A. Oeste,104000.0,13000.0
VW Virtus,Volkswagen Virtus 1.6 Comfortline At,2021,Lanús - Bs.As. G.B.A. Sur,60000.0,15800.0
VW Virtus,Volkswagen Virtus 1.6 Msi Highline,2019,Capital Federal - Capital Federal,48000.0,15666.666666666666
VW Virtus,Volkswagen Virtus 1.6 Msi Highline,2018,Avellaneda - Bs.As. G.B.A. Sur,40000.0,16666.666666666668
VW Virtus,Volkswagen Virtus 1.6 Msi Trendline,2018,La Matanza - Bs.As. G.B.A. Oeste,103000.0,12000.0
VW Virtus,Volkswagen Virtus 1.6 Msi Trendline At,2020,Almirante Brown - Bs.As. G.B.A. Sur,92000.0,15500.0
VW Virtus,Volkswagen Virtus 1.6 Msi Trendline,2020,Capital Federal - Capital Federal,81000.0,15000.0
VW Virtus,Volkswagen Virtus 1.6 Msi Trendline,2023,Merlo - Bs.As. G.B.A. Oeste,53000.0,17333.333333333332
VW Virtus,Volkswagen Virtus 1.6 Comfortline,2018,Capital Federal - Capital Federal,84000.0,14000.0
VW Virtus,Volkswagen Virtus 1.6 Comfortline At,2020,Del Viso - Bs.As. G.B.A. Norte,50000.0,14666.666666666666
VW Virtus,Volkswagen Virtus 1.0 Tsi Highline,2025,Lanús - Bs.As. G.B.A. Sur,11800.0,25400.0
VW Virtus,Volkswagen Virtus 1.6 Msi,2025,La Plata - Bs.As. G.B.A. Sur,56000.0,18666.666666666668
VW Virtus,Volkswagen Virtus 1.6 Msi Trendline,2025,San Isidro - Bs.As. G.B.A. Norte,9000.0,22500.0
VW Virtus,Volkswagen Virtus 1.6 Msi,2025,La Matanza - Bs.As. G.B.A. Oeste,15500.0,22000.0
VW Virtus,Volkswagen Virtus 1.6 Msi,2025,Avellaneda - Bs.As. G.B.A. Sur,35000.0,21333.333333333332
VW Virtus,Volkswagen Virtus 1.6 Comfortline,2019,San Isidro - Bs.As. G.B.A. Norte,50000.0,15266.666666666666
VW Virtus,Volkswagen Virtus 1.6 Comfortline At,2025,9 De Julio - Buenos Aires Interior,0.0,24000.0
VW Virtus,Volkswagen Virtus 1.6 Comfortline,2018,Villa Carlos Paz - Córdoba,100000.0,13933.333333333334
VW Virtus,Volkswagen Virtus 1.4 Tsi Gts,2022,Córdoba - Córdoba,70000.0,23133.333333333332
VW Virtus,Volkswagen Virtus 1.6 Comfortline At,2021,Chascomús - Buenos Aires Interior,67000.0,16500.0
VW Virtus,Volkswagen Virtus 1.6 Msi Trendline,2019,Mar Del Plata - Bs.As. Costa Atlántica,97000.0,14500.0
VW Virtus,Volkswagen Virtus 1.4 Tsi Gts,2021,Santa Clara Del Mar - Bs.As. Costa Atlántica,94700.0,20500.0
VW Virtus,Volkswagen Virtus 1.6 Msi Trendline,2019,Rosario - Santa Fe,59223.0,12600.0
VW Virtus,Volkswagen Virtus 1.6 Msi Trendline,2025,Rawson - Chubut,0.0,27933.333333333332
VW Virtus,Volkswagen Virtus 1.6 Msi Trendline L18,2020,Córdoba - Córdoba,142500.0,14166.666
VW Virtus,Volkswagen Virtus 1.6 Msi Trendline,2023,Córdoba - Córdoba,0.0,30430.5
VW Virtus,Volkswagen Virtus 1.4 Tsi Exclusive,2025,Godoy Cruz - Mendoza,17500.0,31333.333333333332
VW Virtus,Volkswagen Virtus 1.6 Msi Trendline,2018,Olavarría - Buenos Aires Interior,94361.0,15000.0
VW Virtus,Volkswagen Virtus 1.6 Msi Highline At,2018,Mar De Ajo - Bs.As. Costa Atlántica,189000.0,15000.0
VW Virtus,Volkswagen Virtus 1.6 Msi,2025,Tandil - Buenos Aires Interior,1000.0,23933.333333333332
VW Virtus,Volkswagen Virtus 1.6 Comfortline Msi At 110cv,2020,Villa María - Córdoba,98000.0,15000.0
VW Virtus,Volkswagen Virtus 1.6 Msi Comfortline,2025,Corrientes - Corrientes,0.0,22660.0
VW Virtus,Volkswagen Virtus Virtus 1.6 Msi Trendline,2020,Olavarría - Buenos Aires Interior,99000.0,15333.333333333334
VW Virtus,Volkswagen Virtus 1.6 Msi Trendline,2020,Roque Saenz Peña - Chaco,84000.0,14333.333333333334
VW Virtus,Volkswagen Virtus 1.6 Comfortline At,2021,Junín - Buenos Aires Interior,120000.0,14000.0
VW Virtus,Volkswagen Virtus 1.6 Msi Trendline At,2018,Río Cuarto - Córdoba,92000.0,14333.333333333334
VW Virtus,Volkswagen Virtus 1.6 Msi Highline At,2021,Rosario - Santa Fe,60000.0,16666.666666666668
VW Virtus,Volkswagen Virtus 1.6 Msi Comfortline,2026,Mar Del Plata - Bs.As. Costa Atlántica,0.0,23266.666666666668
VW Virtus,Volkswagen Virtus 1.6 Msi Comfortline,2026,Tandil - Buenos Aires Interior,0.0,23266.666666666668
VW Virtus,Volkswagen Virtus 1.6 Msi Comfortline,2026,Balcarce - Buenos Aires Interior,0.0,23266.666666666668
VW Virtus,Volkswagen Virtus 1.6 Msi Comfortline,2026,Mar Del Plata - Bs.As. Costa Atlántica,0.0,23266.666666666668
VW Virtus,Volkswagen Virtus 1.6 Msi Highline At,2022,San Luis - San Luis,109000.0,18000.0
VW Virtus,Volkswagen Virtus 1.4 Tsi Exclusive,2025,Biedma - Chubut,5000.0,33000.0
VW Virtus,Volkswagen Virtus 1.6 Comfortline At,2022,Villarino - Buenos Aires Interior,60000.0,19000.0
VW Virtus,Volkswagen Virtus 1.0 Tsi Trendline,2026,Santa Rosa - La Pampa,0.0,26600.0
VW Virtus,Volkswagen Virtus 1.6 Msi Highline,2018,Córdoba - Córdoba,116000.0,14266.666666666666
VW Virtus,Volkswagen Virtus Comfortline 1.6 Msi 110cv,2019,Trenque Lauquen - Buenos Aires Interior,86182.0,13000.0
VW Virtus,Volkswagen Virtus 1.6 Msi Trendline,2020,Oberá - Misiones,1162.0,19333.333333333332
VW Virtus,Volkswagen Virtus 1.6 Msi,2026,Córdoba - Córdoba,0.0,23266.666666666668
VW Virtus,Volkswagen Virtus 1.4 Tsi Exclusive,2024,San Francisco - Córdoba,7000.0,25000.0
VW Virtus,Volkswagen Virtus 1.6 Comfortline At,2022,Villarino - Buenos Aires Interior,59000.0,19000.0
VW Virtus,Volkswagen Virtus 1.6 Comfortline,2018,Paraná - Entre Ríos,103012.0,12333.333333333334
VW Virtus,Volkswagen Virtus 1.6 Comfortline,2019,Pergamino - Buenos Aires Interior,160830.0,14200.0
VW Virtus,Volkswagen Virtus 1.6 Msi Highline At,2018,Tandil - Buenos Aires Interior,95700.0,15866.666666666666
VW Virtus,Volkswagen Virtus 1.0 Tsi Highline,2025,Tandil - Buenos Aires Interior,1000.0,26600.0
VW Virtus,Volkswagen Virtus 1.0 Tsi Highline,2025,Necochea - Bs.As. Costa Atlántica,1000.0,26600.0
VW Virtus,Volkswagen Virtus 1.6 Msi Trendline,2018,Bahía Blanca - Buenos Aires Interior,90000.0,14000.0
VW Virtus,Volkswagen Virtus 1.6 Msi Trendline,2018,Rosario - Santa Fe,122000.0,11933.333333333334
VW Virtus,Volkswagen Virtus 1.6 Msi Trendline At,2018,Maipú - Mendoza,115586.0,13266.666666666666
VW Virtus,Volkswagen Virtus 1.4 Tsi Exclusive,2025,Biedma - Chubut,4800.0,30000.0
VW Virtus,Volkswagen Virtus 1.0 Tsi Highline,2024,Biedma - Chubut,8900.0,24666.666666666668
VW Virtus,Volkswagen Virtus Gts 1.4t At,2021,Córdoba - Córdoba,45100.0,21866.666666666668
VW Virtus,Volkswagen Virtus 1.4 Tsi Gts,2021,Córdoba - Córdoba,92800.0,19800.0
VW Virtus,Volkswagen Virtus 1.6 Comfortline At,2021,Paso De Los Libres - Corrientes,81240.0,14600.0
VW Virtus,Volkswagen Virtus 1.0 170 Tsi Highline At6,2023,Córdoba - Córdoba,45000.0,22800.0
VW Virtus,Volkswagen Virtus 1.6 Msi Highline At,2018,Federación - Entre Ríos,143000.0,14000.0
VW Virtus,Volkswagen Virtus 1.0 Tsi Highline,2023,Oberá - Misiones,49560.0,23333.333333333332
VW Virtus,Volkswagen Virtus 1.0 Tsi Highline,2023,Mendoza - Mendoza,39766.0,23666.666666666668
VW Virtus,Volkswagen Virtus 1.6 Comfortline,2019,San Nicolás - Buenos Aires Interior,88000.0,15000.0
VW Virtus,Volkswagen Virtus 1.6 Msi Comfortline,2025,Las Flores - Buenos Aires Interior,11000.0,25000.0
VW Voyage,Volkswagen Voyage 1.6 Trendline 101cv,2017,Capital Federal - Capital Federal,210000.0,8800.0
VW Voyage,Volkswagen Voyage 1.6 Trenline 101cv,2016,San Isidro - Bs.As. G.B.A. Norte,82000.0,10000.0
VW Voyage,Volkswagen Voyage 1.6 Trenline 101cv,2019,Capital Federal - Capital Federal,156000.0,9666.666666666666
VW Voyage,Volkswagen Voyage 1.6 Highline 101cv,2018,La Plata - Bs.As. G.B.A. Sur,230000.0,9333.333333333334
VW Voyage,Volkswagen Voyage 1.6 Trenline 101cv,2017,Capital Federal - Capital Federal,116000.0,6166.666666666667
VW Voyage,Volkswagen Voyage 1.6 Trenline 101cv,2017,Castelar - Bs.As. G.B.A. Oeste,81215.0,10526.666666666666
VW Voyage,Volkswagen Voyage 1.6 Trenline 101cv,2017,Capital Federal - Capital Federal,181000.0,8000.0
VW Voyage,Volkswagen Voyage 1.6 Trenline 101cv,2019,Capital Federal - Capital Federal,70000.0,11000.0
VW Voyage,Volkswagen Voyage 1.6 Trendline 101cv,2017,Capital Federal - Capital Federal,86600.0,10800.0
VW Voyage,Volkswagen Voyage 1.6 Trendline 101cv,2017,José C. Paz - Bs.As. G.B.A. Norte,170000.0,8866.666666666666
VW Voyage,Volkswagen Voyage 1.6 Trenline 101cv,2016,La Matanza - Bs.As. G.B.A. Oeste,88000.0,10333.333333333334
VW Voyage,Volkswagen Voyage 1.6 Trenline 101cv,2018,Capital Federal - Capital Federal,50000.0,9866.666666666666
VW Voyage,Volkswagen Voyage 1.6 Trenline 101cv,2017,Lomas De Zamora - Bs.As. G.B.A. Sur,168000.0,7666.666666666667
VW Voyage,Volkswagen Voyage 1.6 Trendline My17,2017,Capital Federal - Capital Federal,20000.0,11006.666666666666
VW Voyage,Volkswagen Voyage 1.6 Trendline 101cv,2017,Morón - Bs.As. G.B.A. Oeste,125000.0,11200.0
VW Voyage,Volkswagen Voyage 1.6 Trendline 101cv,2017,San Fernando - Bs.As. G.B.A. Norte,146000.0,9333.333333333334
VW Voyage,Volkswagen Voyage 1.6 Trendline 101cv,2017,La Matanza - Bs.As. G.B.A. Oeste,210000.0,8333.333333333334
VW Voyage,Volkswagen Voyage 1.6 Trendline L17,2018,Capital Federal - Capital Federal,143913.0,9615.2
VW Voyage,Volkswagen Voyage 1.6 Trenline 101cv,2017,Tigre - Bs.As. G.B.A. Norte,218000.0,11000.0
VW Voyage,Volkswagen Voyage 1.6 Trenline 101cv,2017,Capital Federal - Capital Federal,75000.0,10800.0
VW Voyage,Volkswagen Voyage 1.6 Trenline 101cv,2018,La Matanza - Bs.As. G.B.A. Oeste,70000.0,11866.666666666666
VW Voyage,Volkswagen Voyage 1.6 Highline 101cv,2018,La Matanza - Bs.As. G.B.A. Oeste,83000.0,12700.0
VW Voyage,Volkswagen Voyage 1.6 Trendline 101cv,2016,Capital Federal - Capital Federal,82000.0,10500.0
VW Voyage,Volkswagen Voyage 1.6 Trenline 101cv,2018,Capital Federal - Capital Federal,147885.0,9520.0
VW Voyage,Volkswagen Voyage 1.6 Trendline 101cv,2016,General San Martín - Bs.As. G.B.A. Norte,90000.0,9266.666666666666
VW Voyage,Volkswagen Voyage 1.6 Trenline 101cv,2017,Capital Federal - Capital Federal,105000.0,9333.333333333334
VW Voyage,Volkswagen Voyage 1.6 Trenline 101cv,2017,Capital Federal - Capital Federal,171000.0,8500.0
VW Voyage,Volkswagen Voyage 1.6 Trendline 101cv,2018,Avellaneda - Bs.As. G.B.A. Sur,89000.0,9933.333333333334
VW Voyage,Volkswagen Voyage 1.6 Highline 101cv,2018,Capital Federal - Capital Federal,215000.0,9000.0
VW Voyage,Volkswagen Voyage 1.6 Trenline 101cv,2018,San Miguel - Bs.As. G.B.A. Norte,180000.0,9333.333333333334
VW Voyage,Volkswagen Voyage 1.6 Trenline 101cv,2016,La Matanza - Bs.As. G.B.A. Oeste,84000.0,10800.0
VW Voyage,Volkswagen Voyage 1.6 Trenline 101cv,2016,Tigre - Bs.As. G.B.A. Norte,110000.0,9666.666666666666
VW Voyage,Volkswagen Voyage 1.6 Trenline 101cv,2016,San Miguel - Bs.As. G.B.A. Norte,155000.0,9933.333333333334
VW Voyage,Volkswagen Voyage 1.6 Trenline 101cv,2017,Capital Federal - Capital Federal,110000.0,8666.666666666666
VW Voyage,Volkswagen Voyage 1.6 Highline 101cv,2016,Pilar - Bs.As. G.B.A. Norte,132000.0,11500.0
VW Voyage,Volkswagen Voyage 1.6 Highline 101cv,2016,Pilar - Bs.As. G.B.A. Norte,150000.0,9933.333333333334
VW Voyage,Volkswagen Voyage 1.6 Trenline 101cv,2018,Lomas De Zamora - Bs.As. G.B.A. Sur,108000.0,9866.666666666666
VW Voyage,Volkswagen Voyage 1.6 Trenline 101cv,2016,Capital Federal - Capital Federal,82000.0,10500.0
VW Voyage,Volkswagen Voyage 1.6 Trenline 101cv,2018,Capital Federal - Capital Federal,50000.0,10550.0
VW Voyage,Volkswagen Voyage 1.6 Trenline 101cv,2016,General San Martín - Bs.As. G.B.A. Norte,82000.0,9200.0
VW Voyage,Volkswagen Voyage 1.6 Highline 101cv,2016,La Plata - Bs.As. G.B.A. Sur,139000.0,9500.0
VW Voyage,Volkswagen Voyage 1.6 Trenline 101cv,2018,San Miguel - Bs.As. G.B.A. Norte,171000.0,10666.666666666666
VW Voyage,Volkswagen Voyage 1.6 Trenline 101cv,2016,Avellaneda - Bs.As. G.B.A. Sur,93000.0,8000.0
VW Voyage,Volkswagen Voyage 1.6 Gp L08,2017,La Plata - Buenos Aires Interior,92026.0,10206.666666666666
VW Voyage,Volkswagen Voyage 1.6 Trenline 101cv,2017,Capital Federal - Capital Federal,195000.0,9600.0
VW Voyage,Volkswagen Voyage 1.6 Trenline 101cv,2017,Luján - Buenos Aires Interior,63000.0,9266.666666666666
VW Voyage,Volkswagen Voyage 1.6 Trendline 101cv,2016,San Fernando - Bs.As. G.B.A. Norte,128000.0,8600.0
VW Voyage,Volkswagen Voyage 1.6 Trenline 101cv,2016,Avellaneda - Bs.As. G.B.A. Sur,93000.0,8200.0
VW Voyage,Volkswagen Voyage 1.6 Trenline 101cv,2016,Almirante Brown - Bs.As. G.B.A. Sur,95000.0,9333.333333333334
VW Voyage,Volkswagen Voyage 1.6 Trenline 101cv,2017,Mar Del Plata - Bs.As. Costa Atlántica,118000.0,10900.0
VW Voyage,Volkswagen Voyage 1.6 Trendline 101cv,2018,Junín - Buenos Aires Interior,93300.0,9533.333333333334
VW Voyage,Volkswagen Voyage 1.6 Trenline 101cv,2017,Bragado - Buenos Aires Interior,139800.0,10333.333333333334
VW Voyage,Volkswagen Voyage 1.6 Trenline 101cv,2017,Córdoba - Córdoba,153500.0,11666.666666666666
VW Voyage,Volkswagen Voyage 1.6 Trendline 101cv,2016,Mar Del Plata - Bs.As. Costa Atlántica,108000.0,10800.0
VW Voyage,Volkswagen Voyage 1.6 Trendline 101cv,2018,Junín - Buenos Aires Interior,93352.0,11000.0
Nissan Versa,Nissan Versa 1.6 Exclusive Cvt,2026,,0.0,27187.466666666667
Nissan Versa,Nissan Versa 1.6 Sense 118cv,2026,,0.0,22529.266666666666
Nissan Versa,Nissan Versa 1.6 Sense L21,2022,General San Martín - Bs.As. G.B.A. Norte,38961.0,15666.666666666666
Nissan Versa,Nissan Versa 1.6 Advance At,2026,Capital Federal - Capital Federal,0.0,23766.533333333333
Nissan Versa,Nissan Versa 1.6 Advance At,2026,Capital Federal - Capital Federal,0.0,24333.266666666666
Nissan Versa,Nissan Versa 1.6 Advance At,2026,Berazategui - Bs.As. G.B.A. Sur,0.0,24066.666666666668
Nissan Versa,Nissan Versa 1.6 Sr Cvt,2026,,0.0,26664.533333333333
Nissan Versa,Nissan Versa 1.6 Sr Cvt,2025,San Isidro - Bs.As. G.B.A. Norte,0.0,24600.0
Nissan Versa,Nissan Versa 1.6 Advance At,2026,Capital Federal - Capital Federal,0.0,23766.533333333333
Nissan Versa,Nissan Versa 1.6 Exclusive At,2018,Capital Federal - Capital Federal,159000.0,11000.0
Nissan Versa,Nissan Versa 1.6 Sense 118cv,2026,Capital Federal - Capital Federal,0.0,21266.666666666668
Nissan Versa,Nissan Versa 1.6 Sr Cvt,2026,Capital Federal - Capital Federal,0.0,24666.6
Nissan Versa,Nissan Versa 1.6 Sr Cvt,2026,Capital Federal - Capital Federal,0.0,25045.333333333332
Nissan Versa,Nissan Versa 1.6 Sr Cvt,2026,Capital Federal - Capital Federal,0.0,24666.6
Nissan Versa,Nissan Versa 1.6 Advance At,2025,Quilmes - Bs.As. G.B.A. Sur,0.0,26200.0
Nissan Versa,Nissan Versa 1.6 Exclusive Cvt,2026,Capital Federal - Capital Federal,0.0,25993.333333333332
Nissan Versa,Nissan Versa 1.6 Advance,2026,,0.0,26156.4
Nissan Versa,Nissan Versa 1.6 Exclusive Cvt,2020,General San Martín - Bs.As. G.B.A. Norte,116000.0,15666.666666666666
Nissan Versa,Nissan Versa 1.6 Exclusive Cvt,2026,Capital Federal - Capital Federal,0.0,25333.266666666666
Nissan Versa,Nissan Versa 1.6 Exclusive Cvt,2026,Capital Federal - Capital Federal,0.0,24766.533333333333
Nissan Versa,Nissan Versa 1.6 Exclusive Cvt,2026,Capital Federal - Capital Federal,0.0,25333.266666666666
Nissan Versa,Nissan Versa 1.6 Sense At,2018,La Matanza - Bs.As. G.B.A. Oeste,71000.0,12000.0
Nissan Versa,Nissan Versa 1.6 Sense,2025,Quilmes - Bs.As. G.B.A. Sur,0.0,22529.333333333332
Nissan Versa,Nissan Versa 1.6 Advance Mt,2018,Capital Federal - Capital Federal,110000.0,10800.0
Nissan Versa,Nissan Versa 1.6 Sr Cvt,2026,Capital Federal - Capital Federal,0.0,24433.2
Nissan Versa,Nissan Versa 1.6 Sense Cvt,2022,Capital Federal - Capital Federal,83500.0,15266.666666666666
Nissan Versa,Nissan Versa 1.6 Sense,2018,Capital Federal - Capital Federal,81800.0,12200.0
Nissan Versa,Nissan Versa 1.6 Advance At,2019,Avellaneda - Bs.As. G.B.A. Sur,65000.0,12333.333333333334
Nissan Versa,Nissan Versa 1.6 Advance At,2019,General San Martín - Bs.As. G.B.A. Norte,208000.0,11000.0
Nissan Versa,Nissan Versa 1.6 Advance Mt,2021,Capital Federal - Capital Federal,69300.0,15666.666666666666
Nissan Versa,Nissan Versa 1.6 Exclusive At,2021,Capital Federal - Capital Federal,65000.0,18000.0
Nissan Versa,Nissan Versa 1.6 Exclusive Cvt,2021,Capital Federal - Capital Federal,50000.0,17000.0
Nissan Versa,Nissan Versa 1.6 Exclusive Cvt,2026,Mercedes - Buenos Aires Interior,0.0,23663.333333333332
Nissan Versa,Nissan Versa 1.6 Exclusive At,2019,Tigre - Bs.As. G.B.A. Norte,71000.0,13900.0
Nissan Versa,Nissan Versa 1.6 Sense 118cv,2026,Capital Federal - Capital Federal,0.0,21066.533333333333
Nissan Versa,Nissan Versa 1.6 Advance,2018,Capital Federal - Capital Federal,125000.0,10333.333333333334
Nissan Versa,Nissan Versa 1.6 Advance At,2019,Capital Federal - Capital Federal,115000.0,10600.0
Nissan Versa,Nissan Versa 1.6 Sense Mt,2017,Capital Federal - Capital Federal,96000.0,10990.0
Nissan Versa,Nissan Versa 1.6 Sr Cvt,2026,Capital Federal - Capital Federal,0.0,24433.2
Nissan Versa,Nissan Versa 1.6 Advance At,2022,San Isidro - Bs.As. G.B.A. Norte,69000.0,17250.0
Nissan Versa,Nissan Versa V Drive,2021,La Plata - Bs.As. G.B.A. Sur,106000.0,13666.666666666666
Nissan Versa,Nissan Versa 1.6 Exclusive Auto,2018,Capital Federal - Capital Federal,58804.0,12293.333333333334
Nissan Versa,Nissan Versa 1.6 Advance Mt,2021,Capital Federal - Capital Federal,69000.0,16000.0
Nissan Versa,Nissan Versa 1.6 Advance Cvt,2023,Capital Federal - Capital Federal,26800.0,18500.0
Nissan Versa,Nissan Versa 1.6 Sense 118cv,2026,Capital Federal - Capital Federal,0.0,21066.533333333333
Nissan Versa,Nissan Versa 1.6 Advance At,2018,Lanús - Bs.As. G.B.A. Sur,75000.0,11333.333333333334
Nissan Versa,Nissan Versa 1.6 Advance Mt,2020,Capital Federal - Capital Federal,15000.0,14533.333333333334
Nissan Versa,Nissan Versa 1.6 Exclusive Cvt,2024,Capital Federal - Capital Federal,33515.0,20926.666666666668
Nissan Versa,Nissan Versa 1.6 Exclusive Cvt,2026,Capital Federal - Capital Federal,0.0,26040.666666666668
Nissan Versa,Nissan Versa 1.6 Advance At,2026,Luján - Buenos Aires Interior,0.0,22600.0
Nissan Versa,Nissan Versa 1.6 Sense At,2019,Vicente López - Bs.As. G.B.A. Norte,149000.0,9200.0
Nissan Versa,Nissan Versa 1.6 Exclusive Cvt,2026,Capital Federal - Capital Federal,0.0,25266.666666666668
Nissan Versa,Nissan Versa 1.6 Sense 118cv,2026,Capital Federal - Capital Federal,0.0,21066.533333333333
Nissan Versa,Nissan Versa 1.6 Sense 118cv,2023,San Isidro - Bs.As. G.B.A. Norte,39050.0,16666.666666666668
Nissan Versa,Nissan Versa 1.6 Advance At,2017,Escobar - Bs.As. G.B.A. Norte,214000.0,10666.666666666666
Nissan Versa,Nissan Versa 1.6 Advance,2017,Mercedes - Buenos Aires Interior,101749.0,11866.666666666666
Nissan Versa,Nissan Versa 1.6 Advance Mt,2016,Escobar - Bs.As. G.B.A. Norte,207000.0,9000.0
Nissan Versa,Nissan Versa 1.6 Advance Mt,2016,Escobar - Bs.As. G.B.A. Norte,187028.0,10000.0
Nissan Versa,Nissan Versa 1.6 Sense,2021,Capital Federal - Capital Federal,50000.0,13220.0
Nissan Versa,Nissan Versa 1.6 Sense At,2021,Vicente López - Bs.As. G.B.A. Norte,100000.0,13600.0
Nissan Versa,Nissan Versa 1.6 Advance Cvt,2023,Malvinas Argentinas - Bs.As. G.B.A. Norte,56400.0,18800.0
Nissan Versa,Nissan Versa 1.6 Sr Cvt,2026,Vicente López - Bs.As. G.B.A. Norte,0.0,25333.333333333332
Nissan Versa,Nissan Versa 1.6 Sense Cvt,2022,San Isidro - Bs.As. G.B.A. Norte,55000.0,17500.0
Nissan Versa,Nissan Versa 1.6 Exclusive Cvt,2026,Capital Federal - Capital Federal,0.0,24766.533333333333
Nissan Versa,Nissan Versa 1.6 Advance At,2017,Lanús - Bs.As. G.B.A. Sur,170000.0,10000.0
Nissan Versa,Nissan Versa 1.6 Advance Mt,2017,San Isidro - Bs.As. G.B.A. Norte,106500.0,11800.0
Nissan Versa,Nissan Versa 1.6 Advance Mt,2016,Pilar - Bs.As. G.B.A. Norte,120000.0,10533.333333333334
Nissan Versa,Nissan Versa 1.6 Sense Mt,2019,Castelar - Bs.As. G.B.A. Oeste,70500.0,15200.0
Nissan Versa,Nissan Versa 1.6 Advance At,2019,Capital Federal - Capital Federal,72000.0,13900.0
Nissan Versa,Nissan Versa 1.6 Advance Mt,2021,Capital Federal - Capital Federal,69300.0,16000.0
Nissan Versa,Nissan Versa 1.6 Advance At,2021,Hurlingham - Bs.As. G.B.A. Oeste,80000.0,13133.333333333334
Nissan Versa,Nissan Versa V Drive Plus At,2021,Capital Federal - Capital Federal,160000.0,11000.0
Nissan Versa,Nissan Versa 1.6 Advance Mt,2019,San Isidro - Bs.As. G.B.A. Norte,118000.0,12500.0
Nissan Versa,Nissan Versa 1.6 Exclusive Cvt,2021,Capital Federal - Capital Federal,61000.0,17300.0
Nissan Versa,Nissan Versa 1.6 Sense Mt,2017,General San Martín - Bs.As. G.B.A. Norte,131500.0,10333.333333333334
Nissan Versa,Nissan Versa 1.6 Sense,2025,Capital Federal - Capital Federal,13800.0,18333.333333333332
Nissan Versa,Nissan Versa 1.6 Exclusive At,2017,Capital Federal - Capital Federal,90000.0,11266.666666666666
Nissan Versa,Nissan Versa 1.6 Sense Mt,2019,Capital Federal - Capital Federal,92000.0,10466.666666666666
Nissan Versa,Nissan Versa 1.6 Sense Cvt,2021,Quilmes - Bs.As. G.B.A. Sur,63000.0,16500.0
Nissan Versa,Nissan Versa 1.6 Sense Mt,2019,Capital Federal - Capital Federal,98000.0,9500.0
Nissan Versa,Nissan Versa 1.6 Sense Cvt,2021,Capital Federal - Capital Federal,97000.0,14000.0
Nissan Versa,Nissan Versa 1.6 Advance At,2022,Capital Federal - Capital Federal,50000.0,17500.0
Nissan Versa,Nissan Versa 1.6 Sense,2018,Capital Federal - Capital Federal,62000.0,12900.0
Nissan Versa,Nissan Versa 1.6 Sense At,2019,Tres De Febrero - Bs.As. G.B.A. Oeste,83000.0,11333.333333333334
Nissan Versa,Nissan Versa 1.6 Sense Cvt,2022,San Isidro - Bs.As. G.B.A. Norte,83541.0,16333.333333333334
Nissan Versa,Nissan Versa 1.6 Sense Cvt,2022,San Isidro - Bs.As. G.B.A. Norte,120000.0,13900.0
Nissan Versa,Nissan Versa 1.6 Advance At,2018,Berazategui - Bs.As. G.B.A. Sur,164000.0,11000.0
Nissan Versa,Nissan Versa 1.6 Exclusive Cvt,2020,Capital Federal - Capital Federal,91664.0,13633.333333333334
Nissan Versa,Nissan Versa 1.6 Advance At,2017,San Isidro - Bs.As. G.B.A. Norte,70000.0,12500.0
Nissan Versa,Nissan Versa 1.6 Sr Cvt,2026,Capital Federal - Capital Federal,0.0,25526.666666666668
Nissan Versa,Nissan Versa 1.6 Advance At,2020,Vicente López - Bs.As. G.B.A. Norte,60000.0,14800.0
Nissan Versa,Nissan Versa 1.6 Advance At,2020,San Isidro - Bs.As. G.B.A. Norte,93000.0,12600.0
Nissan Versa,Nissan Versa 1.6 Exclusive At,2020,Escobar - Bs.As. G.B.A. Norte,116182.0,18900.0
Nissan Versa,Nissan Versa 1.6 Exclusive At,2020,La Plata - Bs.As. G.B.A. Sur,10000.0,16600.0
Nissan Versa,Nissan Versa 1.6 Exclusive Cvt,2022,Capital Federal - Capital Federal,77800.0,18333.333333333332
Nissan Versa,Nissan Versa 1.6 Sense Mt,2022,La Plata - Bs.As. G.B.A. Sur,100000.0,14500.0
Nissan Versa,Nissan Versa 1.6 Sense Mt,2021,Pilar - Bs.As. G.B.A. Norte,109000.0,15333.333333333334
Nissan Versa,Nissan Versa 1.6 Sense Mt,2021,Capital Federal - Capital Federal,68000.0,15333.333333333334
Nissan Versa,Nissan Versa 1.6 Advance Mt,2020,Morón - Bs.As. G.B.A. Oeste,155300.0,11266.666666666666
Nissan Versa,Nissan Versa 1.6 Sense Cvt,2021,Caseros - Bs.As. G.B.A. Oeste,110000.0,14000.0
Nissan Versa,Nissan Versa 1.6 Sr Cvt,2026,Capital Federal - Capital Federal,0.0,24600.0
Nissan Versa,Nissan Versa 1.6 Sense Mt,2017,Mercedes - Buenos Aires Interior,89000.0,10266.666666666666
Nissan Versa,Nissan Versa 1.6 Sense,2017,Pilar - Bs.As. G.B.A. Norte,130000.0,9666.666666666666
Nissan Versa,Nissan Versa 1.6 Advance Mt,2020,Mercedes - Buenos Aires Interior,159000.0,10666.666666666666
Nissan Versa,Nissan Versa 1.6 Advance Mt,2018,Capital Federal - Capital Federal,75000.0,11666.666666666666
Nissan Versa,Nissan Versa 1.6 Advance Mt,2020,Capital Federal - Capital Federal,15000.0,15550.0
Nissan Versa,Nissan Versa 1.6 Advance Mt,2020,La Plata - Bs.As. G.B.A. Sur,48330.0,14133.333333333334
Nissan Versa,Nissan Versa 1.6 Advance At,2019,La Plata - Bs.As. G.B.A. Sur,106000.0,12333.333333333334
Nissan Versa,Nissan Versa 1.6 Advance At,2018,San Miguel - Bs.As. G.B.A. Norte,129000.0,13800.0
Nissan Versa,Nissan Versa 1.6 Sense Mt,2018,Capital Federal - Capital Federal,179000.0,9000.0
Nissan Versa,Nissan Versa 1.6 Sense Mt,2022,Capital Federal - Capital Federal,41000.0,16533.333333333332
Nissan Versa,Nissan Versa Advance Mt Pure Drive F2,2018,Avellaneda - Bs.As. G.B.A. Sur,131000.0,8333.333333333334
Nissan Versa,Nissan Versa 1.6 Exclusive Cvt,2023,Capital Federal - Capital Federal,16000.0,23990.0
Nissan Versa,Nissan Versa 1.6 Advance Mt,2020,Capital Federal - Capital Federal,85000.0,11333.333333333334
Nissan Versa,Nissan Versa 1.6 Sense,2019,Pilar - Buenos Aires Interior,99000.0,10866.666666666666
Nissan Versa,Nissan Versa 1.6 Sense Mt,2022,Capital Federal - Capital Federal,158000.0,11933.333333333334
Nissan Versa,Nissan Versa 1.6 Advance Mt,2017,Escobar - Bs.As. G.B.A. Norte,180000.0,9400.0
Nissan Versa,Nissan Versa 1.6 Exclusive Cvt,2023,San Isidro - Bs.As. G.B.A. Norte,30000.0,19266.666666666668
Nissan Versa,Nissan Versa 1.6 Sense Mt,2021,Ituzaingó - Bs.As. G.B.A. Oeste,77398.0,14333.333333333334
Nissan Versa,Nissan Versa 1.6 Advance Mt,2019,San Isidro - Bs.As. G.B.A. Norte,98000.0,10600.0
Nissan Versa,Nissan Versa 1.6 Advance At,2021,Vicente López - Bs.As. G.B.A. Norte,49000.0,16999.0
Nissan Versa,Nissan Versa 1.6 Sense,2017,Capital Federal - Capital Federal,101877.0,8706.666666666666
Nissan Versa,Nissan Versa 1.6 Sense Mt,2017,Capital Federal - Capital Federal,80000.0,10333.333333333334
Nissan Versa,Nissan Versa 1.6 Advance At,2022,Cañuelas - Buenos Aires Interior,32000.0,18333.332666666665
Nissan Versa,Nissan Versa 1.6 Sense At,2018,Capital Federal - Capital Federal,80000.0,11266.666666666666
Nissan Versa,Nissan Versa 1.6 Exclusive At,2019,Capital Federal - Capital Federal,84000.0,12600.0
Nissan Versa,Nissan Versa V Drive Plus,2021,Moreno - Bs.As. G.B.A. Oeste,122000.0,12733.333333333334
Nissan Versa,Nissan Versa 1.6 Advance Cvt,2024,Malvinas Argentinas - Bs.As. G.B.A. Norte,56500.0,21400.0
Nissan Versa,Nissan Versa 1.6 Sense At,2021,Capital Federal - Capital Federal,43000.0,14980.0
Nissan Versa,Nissan Versa 1.6 Sense At,2022,Hurlingham - Bs.As. G.B.A. Oeste,62000.0,15900.0
Nissan Versa,Nissan Versa 1.6 Advance At,2018,Capital Federal - Capital Federal,65000.0,11333.333333333334
Nissan Versa,Nissan Versa 1.6 Exclusive At,2022,Capital Federal - Capital Federal,72072.0,18333.333333333332
Nissan Versa,Nissan Versa 1.6 Advance At,2020,Capital Federal - Capital Federal,105000.0,10666.666666666666
Nissan Versa,Nissan Versa 1.6 Sense,2018,San Isidro - Bs.As. G.B.A. Norte,146000.0,9000.0
Nissan Versa,Nissan Versa 1.6 Exclusive Cvt,2026,Pilar - Bs.As. G.B.A. Norte,0.0,23993.333333333332
Nissan Versa,Nissan Versa 1.6 Sense At Cvt,2019,Quilmes - Bs.As. G.B.A. Sur,97689.0,11266.666666666666
Nissan Versa,Nissan Versa 1.6 Advance Cvt,2024,Malvinas Argentinas - Bs.As. G.B.A. Norte,55700.0,19800.0
Nissan Versa,Nissan Versa 1.6 Advance Mt,2023,Capital Federal - Capital Federal,103000.0,12666.666666666666
Nissan Versa,Nissan Versa 1.6 Advance At,2021,Merlo - Bs.As. G.B.A. Oeste,65000.0,14000.0
Nissan Versa,Nissan Versa 1.6 Advance Mt,2021,La Matanza - Bs.As. G.B.A. Oeste,140000.0,13200.0
Nissan Versa,Nissan Versa 1.6 Exclusive Cvt,2022,Capital Federal - Capital Federal,95000.0,15933.333333333334
Nissan Versa,Nissan Versa 1.6 Advance Mt,2017,Quilmes - Bs.As. G.B.A. Sur,96000.0,10000.0
Nissan Versa,Nissan Versa 1.6 Exclusive Cvt,2021,Capital Federal - Capital Federal,27000.0,21400.0
Nissan Versa,Nissan Versa 1.6 Exclusive Cvt,2026,Pilar - Bs.As. G.B.A. Norte,0.0,23866.666666666668
Nissan Versa,Nissan Versa 1.6 Advance Mt,2019,Escobar - Bs.As. G.B.A. Norte,76965.0,10333.333333333334
Nissan Versa,Nissan Versa V-drive Mt,2021,Capital Federal - Capital Federal,195000.0,12600.0
Nissan Versa,Nissan Versa 1.6 Sense Cvt,2022,La Plata - Bs.As. G.B.A. Sur,60000.0,16500.0
Nissan Versa,Nissan Versa 1.6 Exclusive At,2018,Tigre - Bs.As. G.B.A. Norte,145000.0,10800.0
Nissan Versa,Nissan Versa 1.6 Sense,2018,Capital Federal - Capital Federal,172000.0,9466.666666666666
Nissan Versa,Nissan Versa 1.6 Advance Cvt,2024,General San Martín - Bs.As. G.B.A. Norte,50600.0,21200.0
Nissan Versa,Nissan Versa 1.6 Sense At Pure Dive,2018,Capital Federal - Capital Federal,172000.0,10000.0
Nissan Versa,Nissan Versa 1.6 Advance Mt,2016,Vicente López - Bs.As. G.B.A. Norte,52000.0,13000.0
Nissan Versa,Nissan Versa 1.6 Exclusive Cvt,2021,Capital Federal - Capital Federal,38450.0,17333.333333333332
Nissan Versa,Nissan Versa 1.6 Sense,2018,San Isidro - Bs.As. G.B.A. Norte,170000.0,10000.0
Nissan Versa,Nissan Versa 1.6 Advance Mt,2016,Vicente López - Bs.As. G.B.A. Norte,52000.0,13000.0
Nissan Versa,Nissan Versa 1.6 Sense At,2019,General San Martín - Bs.As. G.B.A. Norte,81000.0,11000.0
Nissan Versa,Nissan Versa 1.6 Advance Mt,2020,Vicente López - Bs.As. G.B.A. Norte,78000.0,11933.333333333334
Nissan Versa,Nissan Versa 1.6 Advance Mt,2017,Capital Federal - Capital Federal,124500.0,9266.666666666666
Nissan Versa,Nissan Versa 1.6 Sense Mt,2017,Esteban Echeverría - Bs.As. G.B.A. Sur,133000.0,9600.0
Nissan Versa,Nissan Versa 1.6 Advance Mt,2018,Lanús - Bs.As. G.B.A. Sur,93000.0,12000.0
Nissan Versa,Nissan Versa 1.6 Sense Mt,2017,Capital Federal - Capital Federal,90000.0,9993.333333333334
Nissan Versa,Nissan Versa 1.6 Advance At,2017,Capital Federal - Capital Federal,197000.0,9333.333333333334
Nissan Versa,Nissan Versa 1.6 Sense At,2019,Vicente López - Bs.As. G.B.A. Norte,128000.0,10666.666666666666
Nissan Versa,Nissan Versa 1.6 Exclusive Cvt,2026,San Isidro - Bs.As. G.B.A. Norte,0.0,25266.666666666668
Nissan Versa,Nissan Versa 1.6 Sense Cvt,2022,Capital Federal - Capital Federal,79000.0,15266.666666666666
Nissan Versa,Nissan Versa 1.6 V-drive Plus Automático,2021,Florencio Varela - Bs.As. G.B.A. Sur,64500.0,13000.0
Nissan Versa,Nissan Versa 1.6 Sense Mt,2017,Escobar - Bs.As. G.B.A. Norte,201662.0,8000.0
Nissan Versa,Nissan Versa 1.6 Advance Mt,2017,La Matanza - Bs.As. G.B.A. Oeste,132000.0,9866.666666666666
Nissan Versa,Nissan Versa 1.6 Exclusive Cvt L21,2021,Malvinas Argentinas - Bs.As. G.B.A. Norte,73473.0,17733.333333333332
Nissan Versa,Nissan Versa 1.6 Sense,2019,Pilar - Bs.As. G.B.A. Norte,99000.0,11066.666666666666
Nissan Versa,Nissan Versa 1.6 Sense Mt,2019,Capital Federal - Capital Federal,144500.0,10500.0
Nissan Versa,Nissan Versa 1.6 Advance At,2018,Capital Federal - Capital Federal,193000.0,8000.0
Nissan Versa,Nissan Versa 1.6 Sense Cvt,2022,Tigre - Bs.As. G.B.A. Norte,100000.0,12333.333333333334
Nissan Versa,Nissan Versa 1.6 Advance Mt,2020,La Matanza - Bs.As. G.B.A. Oeste,170000.0,9333.333333333334
Nissan Versa,Nissan Versa 1.6 V-drive Plus At L20,2021,Malvinas Argentinas - Bs.As. G.B.A. Norte,82000.0,14666.666666666666
Nissan Versa,Nissan Versa 1.6 Sense 118cv,2021,Capital Federal - Capital Federal,120000.0,13266.666666666666
Nissan Versa,Nissan Versa 1.6 Advance Mt,2021,Capital Federal - Capital Federal,84000.0,16000.0
Nissan Versa,Nissan Versa 1.6 Sense Mt,2021,Capital Federal - Capital Federal,68000.0,15333.333333333334
Nissan Versa,Nissan Versa 1.6 Sense Cvt,2022,Castelar - Bs.As. G.B.A. Oeste,59900.0,16866.666666666668
Nissan Versa,Nissan Versa 1.6 Sense,2021,Merlo - Bs.As. G.B.A. Oeste,77000.0,14000.0
Nissan Versa,Nissan Versa 1.6 Sense Mt,2019,Capital Federal - Capital Federal,220000.0,8533.333333333334
Nissan Versa,Nissan Versa 1.6 Sense At,2021,Lomas De Zamora - Bs.As. G.B.A. Sur,85000.0,14600.0
Nissan Versa,Nissan Versa 1.6 Exclusive At,2020,Capital Federal - Capital Federal,33636.0,19000.0
Nissan Versa,Nissan Versa 1.6 Sense Mt,2017,Lomas De Zamora - Bs.As. G.B.A. Sur,37000.0,11200.0
Nissan Versa,Nissan Versa 1.6 Exclusive At,2021,Vicente López - Bs.As. G.B.A. Norte,68000.0,18990.0
Nissan Versa,Nissan Versa 1.6 Sense At,2018,Merlo - Bs.As. G.B.A. Oeste,46400.0,12333.333333333334
Nissan Versa,Nissan Versa 1.6 Sense At,2022,Merlo - Bs.As. G.B.A. Oeste,42000.0,16000.0
Nissan Versa,Nissan Versa 1.6 Exclusive,2021,Lanús - Bs.As. G.B.A. Sur,102000.0,13726.666666666666
Nissan Versa,Nissan Versa 1.6 Sense Mt,2021,Avellaneda - Bs.As. G.B.A. Sur,105000.0,13000.0
Nissan Versa,Nissan Versa 1.6 Sense,2025,Capital Federal - Capital Federal,590.0,21332.666666666668
Nissan Versa,Nissan Versa 1.6 Advance Mt,2020,Capital Federal - Capital Federal,105000.0,12333.333333333334
Nissan Versa,Nissan Versa 1.6 Advance,2020,Capital Federal - Capital Federal,195000.0,18000.0
Nissan Versa,Nissan Versa 1.6 Advance Mt,2021,Lomas De Zamora - Bs.As. G.B.A. Sur,128000.0,14666.666666666666
Nissan Versa,Nissan Versa 1.6 Exclusive Cvt,2021,Ituzaingó - Bs.As. G.B.A. Oeste,30950.0,18333.333333333332
Nissan Versa,Nissan Versa 1.6 Advance Mt,2017,Avellaneda - Bs.As. G.B.A. Sur,123000.0,10666.666666666666
Nissan Versa,Nissan Versa 1.6 Advance At,2021,Tres De Febrero - Bs.As. G.B.A. Oeste,68000.0,14866.666666666666
Nissan Versa,Nissan Versa 1.6 Sr Cvt,2024,San Isidro - Bs.As. G.B.A. Norte,28500.0,21266.666666666668
Nissan Versa,Nissan Versa 1.6 Sense Mt,2023,Tigre - Bs.As. G.B.A. Norte,25100.0,19900.0
Nissan Versa,Nissan Versa 1.6 Advance Mt,2019,Moreno - Bs.As. G.B.A. Oeste,110000.0,11000.0
Nissan Versa,Nissan Versa 1.6 Exclusive At,2021,Capital Federal - Capital Federal,40000.0,17900.0
Nissan Versa,Nissan Versa 1.6 Exclusive At,2020,Morón - Bs.As. G.B.A. Oeste,15000.0,19000.0
Nissan Versa,Nissan Versa 1.6 Advance At,2026,Pergamino - Buenos Aires Interior,0.0,24333.266666666666
Nissan Versa,Nissan Versa 1.6 Sr Cvt,2026,Neuquén - Neuquén,0.0,24433.2
Nissan Versa,Nissan Versa 1.6 Sense Mt,2023,Rosario - Santa Fe,0.0,18333.333333333332
Nissan Versa,Nissan Versa 1.6 Advance At,2019,Junín - Buenos Aires Interior,161000.0,10333.333333333334
Nissan Versa,Nissan Versa 1.6 Exclusive At,2023,Rosario - Santa Fe,0.0,24333.333333333332
Nissan Versa,Nissan Versa 1.6 Exclusive Cvt,2026,Bariloche - Río Negro,0.0,25333.266666666666
Nissan Versa,Nissan Versa 1.6 Exclusive At,2023,Villa María - Córdoba,0.0,24530.666666666668
Nissan Versa,Nissan Versa 1.6 Sense,2025,San Francisco - Córdoba,0.0,22529.266666666666
Nissan Versa,Nissan Versa 1.6 Exclusive Cvt,2022,Córdoba - Córdoba,80740.0,17666.666666666668
Nissan Versa,Nissan Versa 1.6 Sense,2025,San Francisco - Córdoba,0.0,22306.2
Nissan Versa,Nissan Versa 1.6 Advance At,2025,Córdoba - Córdoba,0.0,23697.698666666667
Nissan Versa,Nissan Versa 1.6 Advance Cvt,2026,Córdoba - Córdoba,0.0,24591.333333333332
Nissan Versa,Nissan Versa 1.6 Exclusive Cvt,2025,San Francisco - Córdoba,0.0,25381.333333333332
Fiat Siena,Fiat Siena 1.6 El 16v,2016,Escobar - Bs.As. G.B.A. Norte,217000.0,8500.0
Fiat Siena,Fiat Siena 1.4 El 85cv,2018,Vicente López - Bs.As. G.B.A. Norte,68000.0,11000.0
Fiat Siena,Fiat Siena 1.4 El 85cv,2018,Capital Federal - Capital Federal,116000.0,8326.666666666666
Fiat Siena,Fiat Siena 1.4 El 85cv,2017,Capital Federal - Capital Federal,129000.0,9266.666666666666
Fiat Siena,Fiat Siena 1.4 El Pack Attractive,2016,La Plata - Buenos Aires Interior,150000.0,7666.666666666667
Fiat Siena,Fiat Siena 1.6 El 16v,2016,Berazategui - Bs.As. G.B.A. Sur,140000.0,8999.999333333333
Fiat Siena,Fiat Siena 1.4 El 85cv,2017,San Miguel - Bs.As. G.B.A. Norte,45000.0,9700.0
Fiat Siena,Fiat Siena 1.4 El 85cv,2017,Capital Federal - Capital Federal,198000.0,6227.685333333333
Fiat Siena,Fiat Siena 1.4 El Pack Attractive,2017,Avellaneda - Bs.As. G.B.A. Sur,103000.0,8666.666666666666
Fiat Siena,Fiat Siena 1.4 El 85cv,2017,General San Martín - Bs.As. G.B.A. Norte,89000.0,8600.0
Fiat Siena,Fiat Siena 1.4 El 85cv,2017,Florencio Varela - Bs.As. G.B.A. Sur,100000.0,10333.333333333334
Fiat Siena,Fiat Siena 1.4 El 85cv,2017,Quilmes - Bs.As. G.B.A. Sur,95000.0,9933.333333333334
Fiat Siena,Fiat Siena 1.4 El 85cv,2017,Florencio Varela - Bs.As. G.B.A. Sur,160000.0,11500.0
Fiat Siena,Fiat Siena 1.4 El Pack Attractive,2016,La Matanza - Bs.As. G.B.A. Oeste,105000.0,8333.333333333334
Fiat Siena,Fiat Siena 1.6 El 16v Pack Confort,2018,Almirante Brown - Bs.As. G.B.A. Sur,56000.0,11600.0
Fiat Siena,Fiat Siena 1.4 El Pack Attractive,2016,Capital Federal - Capital Federal,190000.0,6000.0
Fiat Siena,Fiat Siena 1 4 El,2017,Avellaneda - Bs.As. G.B.A. Sur,102000.0,6666.666666666667
Fiat Siena,Fiat Siena 1.4 El Pack Attractive,2016,Capital Federal - Capital Federal,150000.0,8333.333333333334
Fiat Siena,Fiat Siena 1.4 El Pack Attractive,2016,Capital Federal - Capital Federal,130000.0,8000.0
Fiat Siena,Fiat Siena 1.6 El 16v,2017,Lomas De Zamora - Bs.As. G.B.A. Sur,83000.0,10800.0
Fiat Siena,Fiat Siena 1.4 El Pack Attractive,2017,Avellaneda - Bs.As. G.B.A. Sur,98000.0,7666.666666666667
Fiat Siena,Fiat Siena 1.4 El Pack Attractive,2016,La Plata - Bs.As. G.B.A. Sur,189000.0,8000.0
Fiat Siena,Fiat Siena 1.4 El Pack Attractive,2016,San Isidro - Bs.As. G.B.A. Norte,124500.0,8333.333333333334
Fiat Siena,Fiat Siena 1.4 El Pack Attractive,2016,Almirante Brown - Bs.As. G.B.A. Sur,210000.0,7326.666666666667
Fiat Siena,Fiat Siena 1.4 El Pack Attractive,2016,Lomas De Zamora - Bs.As. G.B.A. Sur,188000.0,8866.666666666666
Fiat Siena,Fiat Siena 1.4 El Pack Attractive,2016,Quilmes - Bs.As. G.B.A. Sur,160000.0,8000.0
Fiat Siena,Fiat Siena 1.4 El Pack Attractive,2016,San Miguel - Bs.As. G.B.A. Norte,132000.0,9000.0
Fiat Siena,Fiat Siena 1.4 El Pack Attractive,2016,General San Martín - Bs.As. G.B.A. Norte,145000.0,8333.333333333334
Fiat Siena,Fiat Siena 1.4 El 85cv,2018,Lomas De Zamora - Bs.As. G.B.A. Sur,117000.0,10333.333333333334
Fiat Siena,Fiat Siena 1.4 El Pack Attractive 115 Hp,2016,Lanús - Bs.As. G.B.A. Sur,110000.0,8866.666666666666
Fiat Siena,Fiat Siena 1.4 El Pack Attractive 115 Hp,2016,Lanús - Bs.As. G.B.A. Sur,125000.0,8653.333333333334
Fiat Siena,Fiat Siena 1.4 El 85cv,2018,Capital Federal - Capital Federal,85000.0,8000.0
Fiat Siena,Fiat Siena 1.4 El 85cv,2017,La Matanza - Bs.As. G.B.A. Oeste,140000.0,9133.333333333334
Fiat Siena,Fiat Siena El 1.4,2016,Lomas De Zamora - Bs.As. G.B.A. Sur,223000.0,6660.0
Fiat Siena,Fiat Siena 1.4 El Pack Attractive,2016,Capital Federal - Capital Federal,151700.0,8800.0
Fiat Siena,Fiat Siena El 1.4,2016,Quilmes - Bs.As. G.B.A. Sur,150000.0,7666.666666666667
Fiat Siena,Fiat Siena 1.4 El 85cv C/gnc,2017,La Matanza - Bs.As. G.B.A. Oeste,148000.0,7933.333333333333
Fiat Siena,Fiat Siena Fire,2016,Quilmes - Bs.As. G.B.A. Sur,192000.0,6333.333333333333
Fiat Siena,Fiat Siena 1.4 El Pack Attractive,2016,Malvinas Argentinas - Bs.As. G.B.A. Norte,158000.0,8333.333333333334
Fiat Siena,Fiat Siena 1.6 El 16v,2016,La Matanza - Bs.As. G.B.A. Oeste,170000.0,8666.666666666666
Fiat Siena,Fiat Siena 1.6 El 16v,2016,Avellaneda - Bs.As. G.B.A. Sur,85000.0,7666.666666666667
Fiat Siena,Fiat Siena 1.4 El Pack Attractive 115 Hp,2016,General San Martín - Bs.As. G.B.A. Norte,105000.0,8466.666666666666
Fiat Siena,Fiat Siena 1.4 El Pack Attractive,2016,Lomas De Zamora - Bs.As. G.B.A. Sur,93000.0,8333.333333333334
Fiat Siena,Fiat Siena 1.4 El 85cv,2017,Florencio Varela - Bs.As. G.B.A. Sur,90000.0,9666.666666666666
Fiat Siena,Fiat Siena 1.4 El,2017,Malvinas Argentinas - Bs.As. G.B.A. Norte,61653.0,8873.333333333334
Fiat Siena,Fiat Siena (f4) 1.4 8v,2016,Lomas De Zamora - Bs.As. G.B.A. Sur,78000.0,10000.0
Fiat Siena,Fiat Siena 1.4 El 85cv,2018,Lanús - Bs.As. G.B.A. Sur,80000.0,9000.0
Fiat Siena,Fiat Siena 1.4 El 85cv,2017,La Plata - Bs.As. G.B.A. Sur,55000.0,10666.666666666666
Fiat Siena,Fiat Siena 1.6 El 16v Pack Confort,2017,San Fernando - Bs.As. G.B.A. Norte,70000.0,9666.666666666666
Fiat Siena,Fiat Siena 1.4 El Pack Attractive,2016,Almirante Brown - Bs.As. G.B.A. Sur,115000.0,8333.333333333334
Fiat Siena,Fiat Siena 1.4 El 85cv,2017,La Matanza - Bs.As. G.B.A. Oeste,72000.0,8866.666666666666
Fiat Siena,Fiat Siena 1.4 El 85cv,2017,La Matanza - Bs.As. G.B.A. Oeste,130000.0,9333.333333333334
Fiat Siena,Fiat Siena 1.4 El 85cv C/gnc,2017,General Rodríguez - Bs.As. G.B.A. Oeste,185000.0,9000.0
Fiat Siena,Fiat Siena 1.4 El 85cv C/gnc,2017,La Matanza - Bs.As. G.B.A. Oeste,138000.0,7666.666666666667
Fiat Siena,Fiat Siena 1.6 El 16v,2017,Capital Federal - Capital Federal,91000.0,8000.0
Fiat Siena,Fiat Siena 1.6 El 16v Pack Confort,2016,General San Martín - Bs.As. G.B.A. Norte,159000.0,8666.666666666666
Fiat Siena,Fiat Siena 1.4 El 85cv,2018,Capital Federal - Capital Federal,68000.0,11000.0
Fiat Siena,Fiat Siena 1.4 El Pack Attractive,2016,Esteban Echeverría - Bs.As. G.B.A. Sur,154000.0,8333.333333333334
Fiat Siena,Fiat Siena 1.4 El Pack Attractive,2016,Morón - Bs.As. G.B.A. Oeste,110000.0,9600.0
VW Gol,Volkswagen Gol 1.6 5 P Trendline L/19,2021,Vicente López - Bs.As. G.B.A. Norte,63000.0,11000.0
VW Gol,Volkswagen Gol 1.6 Comfortline 5p,2018,Capital Federal - Capital Federal,131000.0,10500.0
VW Gol,Volkswagen Gol 1.6 Trendline 5 P,2019,La Plata - Bs.As. G.B.A. Sur,83000.0,12000.0
VW Gol,Volkswagen Gol 1.6 Trend Trendline 5p L16,2021,General San Martín - Bs.As. G.B.A. Norte,53762.0,13600.0
VW Gol,Volkswagen Gol Gol Trend 1.6 5p,2017,Capital Federal - Capital Federal,67900.0,10600.0
VW Gol,Volkswagen Gol Trend Msi,2017,Capital Federal - Capital Federal,58000.0,10000.0
VW Gol,Volkswagen Gol Gol Trend Trendline 1.6 Gas101 Cv Mq,2021,Capital Federal - Capital Federal,72200.0,11266.666666666666
VW Gol,Volkswagen Gol 1.6 Sportline,2016,Capital Federal - Capital Federal,78000.0,10000.0
VW Gol,Volkswagen Gol Gol Trend 1.6 101 Cv Automático,2020,Moreno - Bs.As. G.B.A. Oeste,49900.0,12066.666666666666
VW Gol,Volkswagen Gol 1.6 Trend Trendline 5p L16,2020,General San Martín - Bs.As. G.B.A. Norte,71619.0,11600.0
VW Gol,Volkswagen Gol 1.6 Trendline,2021,Merlo - Bs.As. G.B.A. Oeste,68000.0,15500.0
VW Gol,Volkswagen Gol Gol Trend Trendline 1.6 Gas 101cv Mq,2021,La Matanza - Bs.As. G.B.A. Oeste,31500.0,14600.0
Ford Fiesta,Ford Fiesta Titanium Mt,2018,Capital Federal - Capital Federal,116000.0,10533.333333333334
Ford Fiesta,Ford Fiesta 1.6l Titanium,2017,Capital Federal - Capital Federal,51000.0,15500.0
Ford Fiesta,Ford Fiesta 1.6 Plus,2019,Berazategui - Bs.As. G.B.A. Sur,99000.0,14500.0
Ford Fiesta,Ford Fiesta 1.6 Titanium 120cv,2017,Pilar - Bs.As. G.B.A. Norte,140000.0,10333.333333333334
Ford Fiesta,Ford Fiesta 1.6 Ambiente,2016,Capital Federal - Capital Federal,108000.0,12000.0
Ford Fiesta,Ford Fiesta 1.6 Se Plus,2017,Vicente López - Bs.As. G.B.A. Norte,95000.0,12500.0
Ford Fiesta,Ford Fiesta 1.6 Ambien. Plus,2018,Capital Federal - Capital Federal,90000.0,11500.0
Ford Fiesta,Ford Fiesta 1.6 Ls,2017,Tigre - Bs.As. G.B.A. Norte,98000.0,11500.0
Ford Fiesta,Ford Fiesta 1.6l Se,2016,Capital Federal - Capital Federal,85000.0,10333.333333333334
Ford Fiesta,Ford Fiesta Kinetic 1.6 Se Powershift 120cv,2017,Escobar - Bs.As. G.B.A. Norte,145000.0,11900.0
Ford Fiesta,Ford Fiesta Titanium 1.6 4p Powershif,2018,Almirante Brown - Bs.As. G.B.A. Sur,76000.0,13200.0
Ford Fiesta,Ford Fiesta 1.6 Se,2018,Pilar - Bs.As. G.B.A. Norte,79923.0,14000.0
Ford Fiesta,Ford Fiesta 1.6l Titanium,2018,Castelar - Bs.As. G.B.A. Oeste,72000.0,13900.0
Ford Fiesta,Ford Fiesta 1.6 Se,2017,La Plata - Bs.As. G.B.A. Sur,167551.0,9866.666666666666
Ford Fiesta,Ford Fiesta L S Plus 1.6,2018,Vicente López - Bs.As. G.B.A. Norte,105000.0,11666.666666666666
Ford Fiesta,Ford Fiesta Se Aut,2018,Ituzaingó - Bs.As. G.B.A. Oeste,78000.0,15490.0
Ford Fiesta,Ford Fiesta 1.6 Se,2017,Capital Federal - Capital Federal,105000.0,11500.0
Ford Fiesta,Ford Fiesta 1.6 S,2016,Quilmes - Bs.As. G.B.A. Sur,103000.0,11000.0
Ford Fiesta,Ford Fiesta 1.6 Titanium Powershift,2016,Escobar - Bs.As. G.B.A. Norte,142160.0,12533.333333333334
Ford Fiesta,Ford Fiesta 1.6 Ls,2017,Escobar - Bs.As. G.B.A. Norte,73000.0,10333.333333333334
Ford Fiesta,Ford Fiesta 1.6 S,2016,Capital Federal - Capital Federal,93000.0,9666.6
Ford Fiesta,Ford Fiesta 1.6 S,2017,Hurlingham - Bs.As. G.B.A. Oeste,98000.0,11333.333333333334
Ford Fiesta,Ford Fiesta 1.6 Se Kd 5p L14,2017,Malvinas Argentinas - Bs.As. G.B.A. Norte,99296.0,11333.333333333334
Ford Fiesta,Ford Fiesta Fiesta 1.6 L Se Plus,2018,Morón - Bs.As. G.B.A. Oeste,91523.0,16500.0
Ford Fiesta,Ford Fiesta 1.6l Se,2018,General San Martín - Bs.As. G.B.A. Norte,63052.0,12400.0
Ford Fiesta,Ford Fiesta 1.6l Se Plus,2017,Capital Federal - Capital Federal,55000.0,10933.333333333334
Ford Fiesta,Ford Fiesta 1.6 Se Plus,2018,Lanús - Bs.As. G.B.A. Sur,128600.0,10666.666666666666
Ford Fiesta,Ford Fiesta 1.6 Se Powershift 120cv,2017,General San Martín - Bs.As. G.B.A. Norte,73988.0,13100.0
Ford Fiesta,Ford Fiesta 1.6 Titanium Powershift Kd 5p L13,2017,Malvinas Argentinas - Bs.As. G.B.A. Norte,45000.0,12600.0
Ford Fiesta,Ford Fiesta 1.6 Se,2018,Capital Federal - Capital Federal,104000.0,11666.666666666666
Ford Fiesta,Ford Fiesta S.plus,2017,Tres De Febrero - Bs.As. G.B.A. Oeste,49000.0,9666.666666666666
Ford Fiesta,Ford Fiesta 1.6 Titanium 4p,2017,Escobar - Bs.As. G.B.A. Norte,173665.0,11200.0
Ford Fiesta,Ford Fiesta 1.6 Se Plus,2018,Capital Federal - Capital Federal,25000.0,15000.0
Ford Fiesta,Ford Fiesta 1.6l S 5p Gnc,2016,Quilmes - Bs.As. G.B.A. Sur,178000.0,8360.0
Ford Fiesta,Ford Fiesta Se Plus 1.6,2018,Moreno - Bs.As. G.B.A. Oeste,200000.0,9333.333333333334
Ford Fiesta,Ford Fiesta 1.6l Se,2018,Malvinas Argentinas - Bs.As. G.B.A. Norte,89269.0,12600.0
Ford Fiesta,Ford Fiesta 1.6 Ls,2016,La Plata - Buenos Aires Interior,146647.0,9333.333333333334
Ford Fiesta,Ford Fiesta 1.6l S Plus,2018,Capital Federal - Capital Federal,56000.0,12866.666666666666
Ford Fiesta,Ford Fiesta 1.6 S,2017,Capital Federal - Capital Federal,105000.0,10533.333333333334
Ford Fiesta,Ford Fiesta 1.6 S Plus,2017,General San Martín - Bs.As. G.B.A. Norte,31420.0,11333.333333333334
Ford Fiesta,Ford Fiesta Se Plus,2017,Marcos Paz - Buenos Aires Interior,105000.0,11000.0
Ford Ka,Ford Ka 1.5 S,2020,San Isidro - Bs.As. G.B.A. Norte,53000.0,11400.0
Ford Ka,Ford Ka 1.5 S,2017,Lomas De Zamora - Bs.As. G.B.A. Sur,65000.0,8600.0
Ford Ka,Ford Ka 1.5 Se,2018,Capital Federal - Capital Federal,92000.0,9533.333333333334
Ford Ka,Ford Ka 1.5 Se,2020,La Matanza - Bs.As. G.B.A. Oeste,83000.0,12500.0
Ford Ka,Ford Ka 1.5 S+,2019,Vicente López - Bs.As. G.B.A. Norte,100000.0,10633.333333333334
Ford Ka,Ford Ka 1.5 Se,2019,San Isidro - Bs.As. G.B.A. Norte,55000.0,12000.0
Ford Ka,Ford Ka 1.5 Se,2020,Malvinas Argentinas - Bs.As. G.B.A. Norte,93000.0,12333.333333333334
Ford Ka,Ford Ka 1.5 S,2019,General San Martín - Bs.As. G.B.A. Norte,180000.0,9666.666666666666
Ford Ka,Ford Ka 1.5 Sel,2019,San Isidro - Bs.As. G.B.A. Norte,72000.0,11200.0
Ford Ka,Ford Ka 1.5 Sel,2017,Esteban Echeverría - Bs.As. G.B.A. Sur,86000.0,11333.333333333334
Ford Ka,Ford Ka 1.5 Se At,2019,San Isidro - Bs.As. G.B.A. Norte,94000.0,10400.0
Ford Ka,Ford Ka 1.5 Se,2019,La Plata - Bs.As. G.B.A. Sur,77000.0,10666.666666666666
Ford Ka,Ford Ka 1.5 Se 4 P,2018,San Miguel - Bs.As. G.B.A. Norte,85000.0,10266.666666666666
Ford Ka,Ford Ka 1.5 S,2019,Tigre - Bs.As. G.B.A. Norte,95000.0,10999.0
Ford Ka,Ford Ka 1.5 S,2019,Escobar - Bs.As. G.B.A. Norte,64000.0,10533.333333333334
Ford Ka,Ford Ka 1.5 Se Sedan,2017,Capital Federal - Capital Federal,110000.0,9326.6
Ford Ka,Ford Ka 1.5 Se,2017,Lomas De Zamora - Bs.As. G.B.A. Sur,155000.0,9000.0
Ford Ka,Ford Ka 1.5 Se,2017,La Matanza - Bs.As. G.B.A. Oeste,100000.0,8666.666666666666
Ford Ka,Ford Ka 1.5 Se,2019,Ituzaingó - Bs.As. G.B.A. Oeste,98000.0,12500.0
Ford Ka,Ford Ka 1.5 Se,2019,Lomas De Zamora - Bs.As. G.B.A. Sur,29400.0,14000.0
Ford Ka,Ford Ka 1.5 Sel,2016,Morón - Bs.As. G.B.A. Oeste,116100.0,10900.0
Ford Ka,Ford Ka 1.5 Sel,2016,General Las Heras - Buenos Aires Interior,86300.0,9800.0
Ford Ka,Ford Ka 1.5 Sel At 5p,2019,Capital Federal - Capital Federal,82000.0,11333.333333333334
Ford Ka,Ford Ka 1.5 Se,2018,Tigre - Bs.As. G.B.A. Norte,102000.0,9666.666666666666
Ford Ka,Ford Ka 1.5 S,2017,San Isidro - Bs.As. G.B.A. Norte,85000.0,10500.0
Ford Ka,Ford Ka 1.5 S,2019,Morón - Bs.As. G.B.A. Oeste,146500.0,8900.0
Ford Ka,Ford Ka 1.5 Sel,2018,Capital Federal - Capital Federal,70000.0,11333.333333333334
Ford Ka,Ford Ka 1.5 Se At,2019,La Matanza - Bs.As. G.B.A. Oeste,99000.0,12500.0
Ford Ka,Ford Ka 1.5 Sel,2019,Capital Federal - Capital Federal,40000.0,13000.0
Ford Ka,Ford Ka 1.5 S,2017,La Plata - Bs.As. G.B.A. Sur,94000.0,9800.0
Ford Ka,Ford Ka 1.5 S,2016,Tigre - Bs.As. G.B.A. Norte,131000.0,8999.0
Ford Ka,Ford Ka 1.5 Se Sedan,2017,Capital Federal - Capital Federal,110000.0,9326.6
Ford Ka,Ford Ka 1.5 Se,2020,Tigre - Bs.As. G.B.A. Norte,29000.0,14533.333333333334
Ford Ka,Ford Ka 1.5 S,2019,Vicente López - Bs.As. G.B.A. Norte,105000.0,9333.333333333334
Ford Ka,Ford Ka 1.5 Sel At 5p,2019,Capital Federal - Capital Federal,82000.0,11333.333333333334
Ford Ka,Ford Ka 1.5 S,2021,Lanús - Bs.As. G.B.A. Sur,47000.0,11333.333333333334
Ford Ka,Ford Ka 1.5 Se,2016,Berazategui - Bs.As. G.B.A. Sur,108000.0,9666.666666666666
Ford Ka,Ford Ka 1.5 Se,2016,Morón - Bs.As. G.B.A. Oeste,99000.0,10000.0
Ford Ka,Ford Ka 1.5 Se,2016,Capital Federal - Capital Federal,92000.0,10200.0
Ford Ka,Ford Ka 1.5 Se At,2019,Capital Federal - Capital Federal,99000.0,12500.0
Ford Ka,Ford Ka 1.5 Sel At,2018,Moreno - Bs.As. G.B.A. Oeste,66000.0,11000.0
Ford Ka,Ford Ka Full,2020,Capital Federal - Capital Federal,75000.0,13500.0
Ford Ka,Ford Ka 1.5 Sel,2020,Tigre - Bs.As. G.B.A. Norte,56000.0,12333.333333333334
Ford Ka,Ford Ka 1.5 S,2021,Capital Federal - Capital Federal,123000.0,11000.0
Ford Ka,Ford Ka 1.5 Sel At 5p,2019,Castelar - Bs.As. G.B.A. Oeste,90000.0,13666.666666666666
Ford Ka,Ford Ka 1.5 Sel At 5p,2019,Capital Federal - Capital Federal,104000.0,11800.0
Ford Ka,Ford Ka 1.5 Se,2017,Caseros - Bs.As. G.B.A. Oeste,87000.0,9733.333333333334
Ford Ka,Ford Ka 1.5 Se,2018,Escobar - Bs.As. G.B.A. Norte,75990.0,11326.666666666666
Ford Ka,Ford Ka 1.5 Se,2018,San Isidro - Bs.As. G.B.A. Norte,80000.0,12000.0
Ford Ka,Ford Ka 1.5 S,2018,La Matanza - Bs.As. G.B.A. Oeste,82000.0,10333.333333333334
Ford Ka,Ford Ka 1.5 S,2020,Avellaneda - Bs.As. G.B.A. Sur,81000.0,9866.666666666666
Ford Ka,Ford Ka 1.5 S,2020,Capital Federal - Capital Federal,96000.0,11000.0
Ford Ka,Ford Ka 1.5 Se Freestyle 5p L18,2021,Capital Federal - Capital Federal,87035.0,13377.2
Ford Ka,Ford Ka 1.5 S,2017,Capital Federal - Capital Federal,84168.0,8933.333333333334
Ford Ka,Ford Ka 1.5 S 4 P,2018,Lanús - Bs.As. G.B.A. Sur,98000.0,9333.333333333334
Ford Ka,Ford Ka 1.5 S,2018,San Fernando - Bs.As. G.B.A. Norte,49000.0,12500.0
Ford Ka,Ford Ka 1.5 S,2018,La Matanza - Bs.As. G.B.A. Oeste,48000.0,10866.666666666666
Ford Ka,Ford Ka 1.5 Se,2019,La Plata - Bs.As. G.B.A. Sur,54500.0,13300.0
Ford Ka,Ford Ka 1.5 S,2017,Lomas De Zamora - Bs.As. G.B.A. Sur,98095.0,11333.333333333334
Ford Ka,Ford Ka 1.5 S,2017,Capital Federal - Capital Federal,114000.0,8313.333333333334
Ford Ka,Ford Ka 1.5 Sel,2019,San Andrés De Giles - Buenos Aires Interior,95000.0,10533.333333333334
Ford Ka,Ford Ka 1.5 Sel,2018,Capital Federal - Capital Federal,109000.0,9266.666666666666
Ford Ka,Ford Ka 1.5 S,2017,Pilar - Bs.As. G.B.A. Norte,134000.0,9500.0
Ford Ka,Ford Ka 1.5 S,2021,Capital Federal - Capital Federal,112246.0,12000.0
Ford Ka,Ford Ka 1.5 Sel,2021,Avellaneda - Bs.As. G.B.A. Sur,74000.0,12333.333333333334
Ford Ka,Ford Ka 1.5 Se At,2020,Capital Federal - Capital Federal,67500.0,13700.0
Ford Ka,Ford Ka 1.5 Se,2017,Capital Federal - Capital Federal,180000.0,8666.666666666666
Ford Ka,Ford Ka 1.5 Freestyle,2018,La Plata - Bs.As. G.B.A. Sur,86000.0,11000.0
Ford Ka,Ford Ka 1.5 S,2018,Capital Federal - Capital Federal,71500.0,11500.0
Ford Ka,Ford Ka 1.5 S,2018,Esteban Echeverría - Bs.As. G.B.A. Sur,90000.0,10733.333333333334
Ford Ka,Ford Ka 1.5 Se,2018,La Matanza - Bs.As. G.B.A. Oeste,111000.0,10666.666666666666
Ford Ka,Ford Ka Ka Se 1.5,2018,Capital Federal - Capital Federal,78000.0,11666.666666666666
Ford Ka,Ford Ka 1.5 Sel,2020,Morón - Bs.As. G.B.A. Oeste,40000.0,12333.333333333334
Ford Ka,Ford Ka 1.5 S,2019,Capital Federal - Capital Federal,85000.0,9333.333333333334
Ford Ka,Ford Ka 1.5 Sel,2016,La Matanza - Bs.As. G.B.A. Oeste,112300.0,10000.0
Ford Ka,Ford Ka 1.5 S,2019,General San Martín - Bs.As. G.B.A. Norte,58000.0,11206.666666666666
Ford Ka,Ford Ka 1.5 S,2019,Lanús - Bs.As. G.B.A. Sur,79900.0,10660.0
Ford Ka,Ford Ka 1.5 S,2017,La Plata - Bs.As. G.B.A. Sur,114000.0,10333.333333333334
Ford Ka,Ford Ka 1.5 Se,2017,Capital Federal - Capital Federal,140000.0,10300.0
Ford Ka,Ford Ka Ka S Plus 4p,2020,Capital Federal - Capital Federal,53000.0,12600.0
Ford Ka,Ford Ka 1.5 Se,2019,Escobar - Bs.As. G.B.A. Norte,99498.0,10000.0
Ford Ka,Ford Ka 1.5 S,2018,San Miguel - Bs.As. G.B.A. Norte,36700.0,11333.333333333334
Ford Ka,Ford Ka 1.5 Se,2019,San Miguel - Bs.As. G.B.A. Norte,61000.0,13000.0
Ford Ka,Ford Ka 1.5 Se,2019,San Miguel - Bs.As. G.B.A. Norte,106000.0,11000.0
Ford Ka,Ford Ka 1.5 Se,2019,San Isidro - Bs.As. G.B.A. Norte,58000.0,15500.0
Ford Ka,Ford Ka 1.5 Se,2019,La Plata - Bs.As. G.B.A. Sur,70000.0,11866.666666666666
Ford Ka,Ford Ka 1.5 Se,2019,Avellaneda - Bs.As. G.B.A. Sur,84000.0,11933.333333333334
Ford Ka,Ford Ka 1.5 S,2021,Capital Federal - Capital Federal,75000.0,10933.333333333334
Ford Ka,Ford Ka 1.5 Freestyle Sel At,2020,Vicente López - Bs.As. G.B.A. Norte,41000.0,12966.666666666666
Ford Ka,Ford Ka 1.5 Sel,2020,Capital Federal - Capital Federal,75000.0,11666.666666666666
Ford Ka,Ford Ka 1.5 Se,2017,Berazategui - Bs.As. G.B.A. Sur,85000.0,10866.666666666666
Ford Ka,Ford Ka 1.5 Se,2018,Escobar - Bs.As. G.B.A. Norte,63000.0,11500.0
Ford Ka,Ford Ka 1.5 Se At,2019,Capital Federal - Capital Federal,97000.0,10600.0
Ford Ka,Ford Ka 1.5 Sel,2016,Capital Federal - Capital Federal,144782.0,10233.333333333334
Ford Ka,Ford Ka 1.5 Se,2017,Lanús - Bs.As. G.B.A. Sur,109000.0,10666.666666666666
Ford Ka,Ford Ka 1.5 S,2016,Tigre - Bs.As. G.B.A. Norte,102000.0,8833.333333333334
Ford Ka,Ford Ka 1.5 S,2016,Almirante Brown - Bs.As. G.B.A. Sur,132000.0,8600.0
Ford Ka,Ford Ka 1.5 S My18,2018,Capital Federal - Capital Federal,102742.0,9100.0
Ford Ka,Ford Ka 1.5 S 5p,2016,Berazategui - Bs.As. G.B.A. Sur,101000.0,10666.666666666666
Ford Ka,Ford Ka 1.5 S,2016,Almirante Brown - Bs.As. G.B.A. Sur,132000.0,8653.333333333334
Ford Ka,Ford Ka 1.5 S,2016,Esteban Echeverría - Bs.As. G.B.A. Sur,135700.0,10533.333333333334
Ford Ka,Ford Ka 1.5 S,2016,Tigre - Bs.As. G.B.A. Norte,115000.0,9333.333333333334
Ford Ka,Ford Ka 1.5 S,2020,San Isidro - Bs.As. G.B.A. Norte,52000.0,10600.0
Ford Ka,Ford Ka 1.5 Sel,2016,Malvinas Argentinas - Bs.As. G.B.A. Norte,150453.0,7300.0
Ford Ka,Ford Ka 1.5 S,2016,Capital Federal - Capital Federal,105000.0,8333.333333333334
Ford Ka,Ford Ka 1.5 Sel,2017,Morón - Bs.As. G.B.A. Oeste,90000.0,9000.0
Ford Ka,Ford Ka 1.6,2018,Capital Federal - Capital Federal,77000.0,9933.333333333334
Ford Ka,Ford Ka 1.5 S,2017,Morón - Bs.As. G.B.A. Oeste,79000.0,10000.0
Ford Ka,Ford Ka 1.5 Se,2018,Capital Federal - Capital Federal,79035.0,9480.0
Ford Ka,Ford Ka 1.5 Se,2017,Lanús - Bs.As. G.B.A. Sur,127300.0,9333.333333333334
Ford Ka,Ford Ka 1.5 Sel,2017,Almirante Brown - Bs.As. G.B.A. Sur,65500.0,12333.333333333334
Ford Ka,Ford Ka 1.5 S,2019,La Plata - Bs.As. G.B.A. Sur,45000.0,11000.0
Ford Ka,Ford Ka 1.5 S,2018,Capital Federal - Capital Federal,68000.0,9666.666666666666
Ford Ka,Ford Ka 1.5 Sel,2016,San Isidro - Bs.As. G.B.A. Norte,88000.0,10000.0
Ford Ka,Ford Ka 1.5 S,2017,La Plata - Bs.As. G.B.A. Sur,103000.0,10500.0
Ford Ka,Ford Ka 1.5 S,2017,Malvinas Argentinas - Bs.As. G.B.A. Norte,105000.0,8900.0
Ford Ka,Ford Ka 1.5 Se,2017,Luján - Buenos Aires Interior,99300.0,11466.666666666666
Ford Ka,Ford Ka 1.5 S,2018,San Miguel - Bs.As. G.B.A. Norte,48000.0,10666.666666666666
Ford Ka,Ford Ka 1.5 S,2017,San Miguel - Bs.As. G.B.A. Norte,82000.0,10466.666666666666
Ford Ka,Ford Ka 1.5 Sel,2019,Malvinas Argentinas - Bs.As. G.B.A. Norte,51000.0,13000.0
Ford Ka,Ford Ka 1.5 Se,2016,Morón - Bs.As. G.B.A. Oeste,105000.0,8333.333333333334
Ford Ka,Ford Ka 1.5 Sel,2020,Capital Federal - Capital Federal,63000.0,12200.0
Ford Ka,Ford Ka 1.5 S,2020,La Matanza - Bs.As. G.B.A. Oeste,60000.0,9466.666666666666
Ford Ka,Ford Ka 1.5 Sel,2020,Lanús - Bs.As. G.B.A. Sur,49000.0,13326.666666666666
Ford Ka,Ford Ka 1.5 Se,2018,Morón - Bs.As. G.B.A. Oeste,74400.0,9333.333333333334
Ford Ka,Ford Ka 1.5 Sel,2020,Campana - Buenos Aires Interior,65000.0,12500.0
Ford Ka,Ford Ka 1.5 Se,2017,Capital Federal - Capital Federal,130000.0,9000.0
Ford Ka,Ford Ka 1.5 Se,2016,Pilar - Bs.As. G.B.A. Norte,130000.0,9000.0
Ford Ka,Ford Ka 1.5 S,2017,Pilar - Bs.As. G.B.A. Norte,130000.0,8933.333333333334
Ford Ka,Ford Ka 1.5 Sel,2019,La Plata - Bs.As. G.B.A. Sur,80000.0,12000.0
Ford Ka,Ford Ka 1.5 Se,2018,San Vicente - Buenos Aires Interior,66000.0,11000.0
Ford Ka,Ford Ka 1.5 Se,2018,Capital Federal - Capital Federal,73000.0,10900.0
Ford Ka,Ford Ka 1.5 Se At,2019,La Plata - Bs.As. G.B.A. Sur,83000.0,12000.0
Ford Ka,Ford Ka 1.5 S,2016,Almirante Brown - Bs.As. G.B.A. Sur,107000.0,8000.0
Ford Ka,Ford Ka 1.5 S,2019,La Matanza - Bs.As. G.B.A. Oeste,90000.0,9666.666666666666
Ford Ka,Ford Ka 1.5 Se,2017,Capital Federal - Capital Federal,63200.0,9200.0
Ford Ka,Ford Ka 1.5 Sel At 5p,2019,Lomas De Zamora - Bs.As. G.B.A. Sur,59000.0,11666.666666666666
Ford Ka,Ford Ka 1.5 Se,2020,General San Martín - Bs.As. G.B.A. Norte,74030.0,13133.333333333334
Ford Ka,Ford Ka 1.5 Se,2020,Berazategui - Bs.As. G.B.A. Sur,132000.0,12333.333333333334
Ford Ka,Ford Ka 1.5 S,2017,Avellaneda - Bs.As. G.B.A. Sur,92000.0,9900.0
Ford Ka,Ford Ka 1.5 S,2016,Morón - Bs.As. G.B.A. Oeste,214990.0,8066.666666666667
Ford Ka,Ford Ka 1.5 S,2016,Capital Federal - Capital Federal,107000.0,7933.333333333333
Ford Ka,Ford Ka 1.5 S,2016,Capital Federal - Capital Federal,91000.0,9400.0
Ford Ka,Ford Ka 1.5 Se,2018,Capital Federal - Capital Federal,85000.0,10500.0
Ford Ka,Ford Ka 1.5 S,2020,Vicente López - Bs.As. G.B.A. Norte,59000.0,10333.333333333334
Ford Ka,Ford Ka 1.5 Sel At 5p,2019,Tres De Febrero - Bs.As. G.B.A. Oeste,50000.0,12600.0
Ford Ka,Ford Ka 1.5 Sel,2017,Capital Federal - Capital Federal,58500.0,11500.0
Ford Ka,Ford Ka 1.5 S,2021,Pilar - Bs.As. G.B.A. Norte,129815.0,13733.333333333334
Ford Ka,Ford Ka 1.5 Se,2016,Malvinas Argentinas - Bs.As. G.B.A. Norte,64500.0,8526.666666666666
Ford Ka,Ford Ka 1.5 Se,2016,Ituzaingó - Bs.As. G.B.A. Oeste,98000.0,10600.0
Ford Ka,Ford Ka 1.5 Se,2016,Quilmes - Bs.As. G.B.A. Sur,111243.0,10000.0
Ford Ka,Ford Ka 1.5 Sel,2018,Lomas De Zamora - Bs.As. G.B.A. Sur,59800.0,10993.333333333334
Ford Ka,Ford Ka 1.5 Se,2019,Capital Federal - Capital Federal,102000.0,9933.333333333334
Ford Ka,Ford Ka 1.5 Se,2020,La Plata - Bs.As. G.B.A. Sur,75000.0,11466.666666666666
Ford Ka,Ford Ka 1.5 Se,2017,Capital Federal - Capital Federal,87000.0,11500.0
Ford Ka,Ford Ka 1.5 Se,2018,Morón - Bs.As. G.B.A. Oeste,120000.0,9933.333333333334
Ford Ka,Ford Ka 1.5 Se,2018,Escobar - Bs.As. G.B.A. Norte,136019.0,11000.0
Ford Ka,Ford Ka 1.5 Se,2018,Pilar - Bs.As. G.B.A. Norte,77400.0,11000.0
Ford Ka,Ford Ka 1.5 Se,2018,Capital Federal - Capital Federal,55000.0,9726.666666666666
Ford Ka,Ford Ka 1.5 S,2017,Almirante Brown - Bs.As. G.B.A. Sur,78000.0,10333.333333333334
Ford Ka,Ford Ka 1.5 Se,2019,La Plata - Bs.As. G.B.A. Sur,57956.0,12377.333333333334
Ford Ka,Ford Ka 1.5 Se,2018,Capital Federal - Capital Federal,63000.0,10666.666666666666
Ford Ka,Ford Ka 1.5 S,2018,Lanús - Bs.As. G.B.A. Sur,58000.0,10400.0
Ford Ka,Ford Ka 1.5 S,2018,Capital Federal - Capital Federal,90000.0,9900.0
Ford Ka,Ford Ka 1.5 Se,2020,Lanús - Bs.As. G.B.A. Sur,65000.0,11000.0
Ford Ka,Ford Ka 1.5 Se,2019,Capital Federal - Capital Federal,84000.0,11000.0
Ford Ka,Ford Ka 1.5 Freestyle,2019,General San Martín - Bs.As. G.B.A. Norte,50000.0,11993.333333333334
Ford Ka,Ford Ka 1.5 S,2017,Tres De Febrero - Bs.As. G.B.A. Oeste,100000.0,8666.666666666666
Ford Ka,Ford Ka 1.5 S,2018,General San Martín - Bs.As. G.B.A. Norte,93000.0,9000.0
Ford Ka,Ford Ka 1.5 S,2018,La Matanza - Bs.As. G.B.A. Oeste,78000.0,10333.333333333334
Ford Ka,Ford Ka 1.5 S,2018,Capital Federal - Capital Federal,66000.0,10000.0
Ford Ka,Ford Ka 1.5 Se,2019,Capital Federal - Capital Federal,68000.0,11333.333333333334
Ford Ka,Ford Ka 1.5 S,2016,La Matanza - Bs.As. G.B.A. Oeste,120000.0,9333.333333333334
Ford Ka,Ford Ka 1.5 Se,2021,San Andrés De Giles - Buenos Aires Interior,36000.0,15000.0
Ford Ka,Ford Ka 1.5 S,2016,Tigre - Bs.As. G.B.A. Norte,80000.0,7866.666666666667
Ford Ka,Ford Ka 1.5 Se,2019,Lomas De Zamora - Bs.As. G.B.A. Sur,119000.0,9666.666666666666
Ford Ka,Ford Ka 1.5 Sel,2017,Pilar - Bs.As. G.B.A. Norte,115000.0,9666.666666666666
Peugeot 208,Peugeot 208 1.0 T200 Gt Cvt,2026,Capital Federal - Capital Federal,0.0,22993.333333333332
Peugeot 208,Peugeot 208 1.6 Feline,2016,Capital Federal - Capital Federal,85000.0,12200.0
Peugeot 208,Peugeot 208 1.0t Gt,2026,Capital Federal - Capital Federal,0.0,24200.533333333333
Peugeot 208,Peugeot 208 1.6 Allure,2026,Capital Federal - Capital Federal,0.0,17136.0
Peugeot 208,Peugeot 208 1.6 Allure Touchscreen,2016,Capital Federal - Capital Federal,92000.0,9266.666666666666
Peugeot 208,Peugeot 208 1.6 Active Tiptronic,2022,Capital Federal - Capital Federal,20000.0,18900.0
Peugeot 208,Peugeot 208 1.6 Like Pack,2023,Moreno - Bs.As. G.B.A. Oeste,39000.0,16000.0
Peugeot 208,Peugeot 208 1.0 T200 Gt Cvt,2026,La Matanza - Bs.As. G.B.A. Oeste,0.0,20333.333333333332
Peugeot 208,Peugeot 208 1.6 Feline,2018,San Isidro - Bs.As. G.B.A. Norte,137000.0,12500.0
Peugeot 208,Peugeot 208 1.6 Road Trip Tiptronic,2023,Capital Federal - Capital Federal,28900.0,15900.0
Peugeot 208,Peugeot 208 1.6 Gt Thp,2019,Capital Federal - Capital Federal,88300.0,12333.333333333334
Peugeot 208,Peugeot 208 1.6 Gt Thp,2018,La Matanza - Bs.As. G.B.A. Oeste,88800.0,12333.333333333334
Peugeot 208,Peugeot 208 1.0 T200 Gt Cvt,2026,La Matanza - Bs.As. G.B.A. Oeste,0.0,23933.333333333332
Peugeot 208,Peugeot 208 1.0t Gt,2025,Capital Federal - Capital Federal,1980.0,24500.0
Peugeot 208,Peugeot 208 1.0 T200 Gt Cvt,2026,Tigre - Bs.As. G.B.A. Norte,0.0,22800.0
Peugeot 208,Peugeot 208 1.6 Feline Tiptronic,2023,Capital Federal - Capital Federal,20000.0,18666.666
Peugeot 208,Peugeot 208 1.0t Gt,2024,Morón - Bs.As. G.B.A. Oeste,0.0,22460.0
Peugeot 208,Peugeot 208 1.6 Feline,2019,Capital Federal - Capital Federal,103000.0,13000.0
Peugeot 208,Peugeot 208 1.6 Allure Pack Tiptronic,2023,Ezeiza - Bs.As. G.B.A. Sur,34000.0,17600.0
Peugeot 208,Peugeot 208 1.0 T200 Gt Cvt,2026,Beccar - Bs.As. G.B.A. Norte,0.0,21333.333333333332
Peugeot 208,Peugeot 208 1.6 Feline Tiptronic,2022,Capital Federal - Capital Federal,42000.0,15933.333333333334
Peugeot 208,Peugeot 208 1.0 T200 Gt Cvt,2025,Almirante Brown - Bs.As. G.B.A. Sur,10000.0,21000.0
Peugeot 208,Peugeot 208 1.0 T200 Gt Cvt,2026,Vicente López - Bs.As. G.B.A. Norte,0.0,24266.666666666668
Peugeot 208,Peugeot 208 1.0t Allure Pack,2026,Capital Federal - Capital Federal,0.0,22533.666666666668
Peugeot 208,Peugeot 208 1.0t Allure Pack,2024,Tigre - Bs.As. G.B.A. Norte,0.0,14666.666666666666
Peugeot 208,Peugeot 208 1.6 Allure,2024,Capital Federal - Capital Federal,0.0,19600.0
Peugeot 208,Peugeot 208 1.6 Allure,2024,Ezeiza - Bs.As. G.B.A. Sur,0.0,20800.086666666666
Peugeot 208,Peugeot 208 1.6 Allure,2024,Capital Federal - Capital Federal,0.0,21000.0
Peugeot 208,Peugeot 208 1.6 Allure,2018,Capital Federal - Capital Federal,101100.0,10000.0
Peugeot 208,Peugeot 208 1.0 T200 Gt Cvt,2026,Capital Federal - Capital Federal,0.0,21333.333333333332
Peugeot 208,Peugeot 208 1.6 Active Tiptronic,2022,Capital Federal - Capital Federal,55000.0,16000.0
Peugeot 208,Peugeot 208 1.0t Gt,2025,Moreno - Bs.As. G.B.A. Oeste,14300.0,21000.0
Peugeot 208,Peugeot 208 1.0 T200 Allure Pack Cvt,2024,Capital Federal - Capital Federal,0.0,16000.0
Peugeot 208,Peugeot 208 1.6 Allure At,2026,Capital Federal - Capital Federal,0.0,18662.666666666668
Peugeot 208,Peugeot 208 Allure Pk At T200 Am25,2024,Capital Federal - Capital Federal,0.0,23266.666666666668
Peugeot 208,Peugeot 208 1.0 T200 Gt Cvt,2026,San Isidro - Bs.As. G.B.A. Norte,0.0,23926.666666666668
Peugeot 208,Peugeot 208 1.6 Gt Thp,2017,Moreno - Bs.As. G.B.A. Oeste,99000.0,13000.0
Peugeot 208,Peugeot 208 1.6 Active Pack,2023,Quilmes - Bs.As. G.B.A. Sur,28530.0,14666.666666666666
Peugeot 208,Peugeot 208 1.6 Allure,2026,Capital Federal - Capital Federal,0.0,17134.466666666667
Peugeot 208,Peugeot 208 1.0 T200 Gt Cvt,2026,Avellaneda - Bs.As. G.B.A. Sur,0.0,20211.333333333332
Peugeot 208,Peugeot 208 1.0t Allure Pack,2025,San Miguel - Bs.As. G.B.A. Norte,8500.0,19666.666666666668
Peugeot 208,Peugeot 208 1.6 Allure At,2026,Capital Federal - Capital Federal,0.0,20866.933333333334
Peugeot 208,Peugeot 208 1.6 Allure At,2026,Capital Federal - Capital Federal,0.0,21004.666666666668
Peugeot 208,Peugeot 208 1.6 Allure,2016,Malvinas Argentinas - Bs.As. G.B.A. Norte,115839.0,8846.666666666666
Peugeot 208,Peugeot 208 1.0t Gt,2026,Capital Federal - Capital Federal,0.0,24200.466666666667
Peugeot 208,Peugeot 208 1.6 Gti,2017,Moreno - Bs.As. G.B.A. Oeste,79000.0,20500.0
Peugeot 208,Peugeot 208 Gt,2026,Capital Federal - Capital Federal,0.0,20666.66
Peugeot 208,Peugeot 208 1.0 T200 Gt Cvt,2026,Capital Federal - Capital Federal,0.0,23000.0
Peugeot 208,Peugeot 208 1.6 Active Pack,2023,Escobar - Bs.As. G.B.A. Norte,81000.0,15326.666666666666
Peugeot 208,Peugeot 208 1.0t Gt,2024,Vicente López - Bs.As. G.B.A. Norte,0.0,20000.0
Peugeot 208,Peugeot 208 1.6 Allure,2026,Pilar - Bs.As. G.B.A. Norte,0.0,20000.066666666666
Peugeot 208,Peugeot 208 1.0 T200 Gt Cvt,2026,Quilmes - Bs.As. G.B.A. Sur,0.0,23533.333333333332
Peugeot 208,Peugeot 208 1.0 T200 Gt Cvt,2026,Capital Federal - Capital Federal,0.0,20266.666666666668
Peugeot 208,Peugeot 208 1.2 New Like,2023,Capital Federal - Capital Federal,36000.0,13666.666666666666
Peugeot 208,Peugeot 208 1.6 Allure At,2026,Capital Federal - Capital Federal,0.0,17766.666666666668
Peugeot 208,Peugeot 208 1.6 Active Pack Tiptronic,2023,Capital Federal - Capital Federal,26000.0,16500.0
Peugeot 208,Peugeot 208 1.6 Gt Thp,2019,La Matanza - Bs.As. G.B.A. Oeste,88000.0,12533.333333333334
Peugeot 208,Peugeot 208 1.6 Gt Thp,2019,Tigre - Bs.As. G.B.A. Norte,71600.0,11266.666666666666
Peugeot 208,Peugeot 208 1.6 Gt Thp,2019,La Matanza - Bs.As. G.B.A. Oeste,88000.0,12666.666
Peugeot 208,Peugeot 208 1.6 Gt Thp,2019,Ituzaingó - Bs.As. G.B.A. Oeste,88000.0,12466.666666666666
Peugeot 208,Peugeot 208 1.6 Gt Thp,2019,San Isidro - Bs.As. G.B.A. Norte,71600.0,11266.666666666666
Peugeot 208,Peugeot 208 1.6 Active Pack Tiptronic,2023,Capital Federal - Capital Federal,18600.0,15866.666666666666
Peugeot 208,Peugeot 208 1.6 Active Pack,2023,Capital Federal - Capital Federal,25000.0,15666.666666666666
Peugeot 208,Peugeot 208 1.0 T200 Gt Cvt,2026,Capital Federal - Capital Federal,0.0,23333.333333333332
Peugeot 208,Peugeot 208 1.6 Feline Tiptronic,2021,La Matanza - Bs.As. G.B.A. Oeste,57000.0,16490.0
Peugeot 208,Peugeot 208 1.0t Gt,2026,Capital Federal - Capital Federal,0.0,24833.466666666667
Peugeot 208,Peugeot 208 1.6 Feline,2019,La Plata - Bs.As. G.B.A. Sur,141000.0,12333.333333333334
Peugeot 208,Peugeot 208 1.6 Allure,2022,Capital Federal - Capital Federal,21830.0,16500.0
Peugeot 208,Peugeot 208 1.0t Gt,2025,Ituzaingó - Bs.As. G.B.A. Oeste,0.0,19000.0
Peugeot 208,Peugeot 208 1.6 Allure,2024,Capital Federal - Capital Federal,9500.0,16333.333333333334
Peugeot 208,Peugeot 208 1.6 Feline Tiptronic,2018,San Fernando - Bs.As. G.B.A. Norte,63000.0,13600.0
Peugeot 208,Peugeot 208 1.6 Allure At,2026,San Isidro - Bs.As. G.B.A. Norte,0.0,17756.666666666668
Peugeot 208,Peugeot 208 1.6l Feline Tiptronic,2023,Zárate - Buenos Aires Interior,95000.0,17600.0
Peugeot 208,Peugeot 208 1.6l Feline Tiptronic,2023,Capital Federal - Capital Federal,25000.0,18500.0
Peugeot 208,Peugeot 208 1.6 Allure Plus Hdi,2018,Tres De Febrero - Bs.As. G.B.A. Oeste,144500.0,10666.666666666666
Peugeot 208,Peugeot 208 1.0 T200 Gt Cvt,2026,Capital Federal - Capital Federal,0.0,20266.666666666668
Peugeot 208,Peugeot 208 1.6 Allure,2026,Capital Federal - Capital Federal,0.0,17000.0
Peugeot 208,Peugeot 208 1.6 Allure At,2026,Moreno - Bs.As. G.B.A. Oeste,0.0,22000.0
Peugeot 208,Peugeot 208 1.6 Allure At,2026,San Isidro - Bs.As. G.B.A. Norte,0.0,21500.0
Peugeot 208,Peugeot 208 1.6 Feline Tiptronic,2022,Tigre - Bs.As. G.B.A. Norte,51000.0,17500.0
Peugeot 208,Peugeot 208 1.6 Allure,2021,Ezeiza - Bs.As. G.B.A. Sur,50000.0,15333.333333333334
Peugeot 208,Peugeot 208 1.6 Allure Touchscreen,2016,La Plata - Bs.As. G.B.A. Sur,86000.0,10200.0
Peugeot 208,Peugeot 208 1.6l Active Pack Tiptronic,2023,Escobar - Bs.As. G.B.A. Norte,31000.0,16200.0
Peugeot 208,Peugeot 208 1.0 T200 Allure Pack Cvt,2024,Capital Federal - Capital Federal,0.0,15333.333333333334
Peugeot 208,Peugeot 208 1.6 Style Tiptronic,2023,Capital Federal - Capital Federal,30000.0,17490.0
Peugeot 208,Peugeot 208 1.2 Gt,2025,Almirante Brown - Bs.As. G.B.A. Sur,5800.0,21926.6
Peugeot 208,Peugeot 208 1.6 Allure,2022,Capital Federal - Capital Federal,24000.0,16500.0
Peugeot 208,Peugeot 208 1.6 Allure Pack,2023,Escobar - Bs.As. G.B.A. Norte,32000.0,18300.0
Peugeot 208,Peugeot 208 1.6 Allure Nav Tiptronic,2017,Ituzaingó - Bs.As. G.B.A. Oeste,52100.0,11400.0
Peugeot 208,Peugeot 208 1.0t Gt,2024,Capital Federal - Capital Federal,18000.0,20000.0
Peugeot 208,Peugeot 208 1.0 T200 Allure Pack Cvt,2026,Avellaneda - Bs.As. G.B.A. Sur,0.0,21962.533333333333
Peugeot 208,Peugeot 208 1.6 Feline,2019,Lomas De Zamora - Bs.As. G.B.A. Sur,104000.0,14300.0
Peugeot 208,Peugeot 208 1.6 Active,2018,Quilmes - Bs.As. G.B.A. Sur,94000.0,11000.0
Peugeot 208,Peugeot 208 1.6 Allure Tiptronic,2021,Vicente López - Bs.As. G.B.A. Norte,33000.0,17000.0
Peugeot 208,Peugeot 208 1.5 Active,2016,Capital Federal - Capital Federal,86500.0,8200.0
Peugeot 208,Peugeot 208 1.5 Active,2016,Almirante Brown - Bs.As. G.B.A. Sur,63000.0,11333.333333333334
Peugeot 208,Peugeot 208 1.6 Gti,2017,Capital Federal - Capital Federal,82000.0,22000.0
Peugeot 208,Peugeot 208 1.6 Road Trip,2024,General San Martín - Bs.As. G.B.A. Norte,4000.0,18000.0
Peugeot 208,Peugeot 208 1.0 T200 Gt Cvt,2026,Capital Federal - Capital Federal,0.0,23993.333333333332
Peugeot 208,Peugeot 208 1.6 Active Pack,2024,La Matanza - Bs.As. G.B.A. Oeste,0.0,18000.0
Peugeot 208,Peugeot 208 1.0 T200 Gt Cvt,2026,Lomas De Zamora - Bs.As. G.B.A. Sur,0.0,23333.333333333332
Peugeot 208,Peugeot 208 1.6 Feline Tiptronic,2023,Capital Federal - Capital Federal,35000.0,16200.0
Peugeot 208,Peugeot 208 1.6 Feline Tiptronic,2023,Morón - Bs.As. G.B.A. Oeste,20000.0,21000.0
Peugeot 208,Peugeot 208 1.6 Feline Tiptronic,2023,Avellaneda - Bs.As. G.B.A. Sur,19900.0,19500.0
Peugeot 208,Peugeot 208 1.6 Allure At,2025,La Plata - Bs.As. G.B.A. Sur,16000.0,18500.0
Peugeot 208,Peugeot 208 1.6 Allure At,2025,La Matanza - Bs.As. G.B.A. Oeste,500.0,21000.0
Peugeot 208,Peugeot 208 1.6 Feline Pack Cuir,2016,Almirante Brown - Bs.As. G.B.A. Sur,130000.0,10866.666666666666
Peugeot 208,Peugeot 208 1.6 Urban Tech,2019,Moreno - Bs.As. G.B.A. Oeste,110000.0,11000.0
Peugeot 208,Peugeot 208 1.6 Feline Tiptronic,2024,Pilar - Bs.As. G.B.A. Norte,6538.0,18600.0
Peugeot 208,Peugeot 208 1.6 Feline Tiptronic,2024,Pilar - Bs.As. G.B.A. Norte,6537.0,18600.0
Peugeot 208,Peugeot 208 1.6 Allure,2022,San Miguel - Bs.As. G.B.A. Norte,60000.0,15000.0
Peugeot 208,Peugeot 208 1.6l Style,2023,Capital Federal - Capital Federal,27590.0,15993.333333333334
Peugeot 208,Peugeot 208 1.6 Feline,2021,Quilmes - Bs.As. G.B.A. Sur,40000.0,16333.333333333334
Peugeot 208,Peugeot 208 1.6 Allure,2026,Capital Federal - Capital Federal,0.0,17138.266666666666
Peugeot 208,Peugeot 208 1.6 Feline,2016,Morón - Bs.As. G.B.A. Oeste,78800.0,11900.0
Peugeot 208,Peugeot 208 1.6 Like Pack,2021,Berazategui - Bs.As. G.B.A. Sur,66000.0,13333.333333333334
Peugeot 208,Peugeot 208 1.6 Allure Pack,2024,Capital Federal - Capital Federal,37000.0,19500.0
Peugeot 208,Peugeot 208 1.6 Allure Pack,2024,Ituzaingó - Bs.As. G.B.A. Oeste,8000.0,18666.666666666668
Peugeot 208,Peugeot 208 1.0 T200 Allure Pack Cvt,2025,Caseros - Bs.As. G.B.A. Oeste,3500.0,19333.333333333332
Peugeot 208,Peugeot 208 L/20 1.6 Active,2021,Vicente López - Bs.As. G.B.A. Norte,50879.0,13266.666666666666
Peugeot 208,Peugeot 208 1.6 Active,2021,San Fernando - Bs.As. G.B.A. Norte,26000.0,14860.0
Peugeot 208,Peugeot 208 1.6 Active,2021,Capital Federal - Capital Federal,66000.0,13333.333333333334
Peugeot 208,Peugeot 208 1.6 Active,2021,Quilmes - Bs.As. G.B.A. Sur,45000.0,14666.666666666666
Peugeot 208,Peugeot 208 1.0t Gt,2025,Merlo - Bs.As. G.B.A. Oeste,1000.0,24633.333333333332
Peugeot 208,Peugeot 208 1.0 T200 Gt Cvt,2026,Beccar - Bs.As. G.B.A. Norte,0.0,20213.333333333332
Peugeot 208,Peugeot 208 1.6 Allure At,2026,Vicente López - Bs.As. G.B.A. Norte,0.0,21066.666666666668
Peugeot 208,Peugeot 208 1.6 Allure,2023,Capital Federal - Capital Federal,23000.0,16800.0
Peugeot 208,Peugeot 208 1.0 T200 Gt Cvt,2026,Ezeiza - Bs.As. G.B.A. Sur,0.0,24733.42
Peugeot 208,Peugeot 208 1.0 T200 Gt Cvt,2026,San Isidro - Bs.As. G.B.A. Norte,0.0,23666.666666666668
Peugeot 208,Peugeot 208 1.0 T200 Gt Cvt,2026,Ituzaingó - Bs.As. G.B.A. Oeste,0.0,20666.666666666668
Peugeot 208,Peugeot 208 1.6 Feline Tiptronic,2021,Tigre - Bs.As. G.B.A. Norte,90000.0,14333.333333333334
Peugeot 208,Peugeot 208 1.0 T200 Allure Pack Cvt,2026,Vicente López - Bs.As. G.B.A. Norte,0.0,22866.666666666668
Peugeot 208,Peugeot 208 1.6 Active Pack,2024,General Rodríguez - Buenos Aires Interior,46000.0,18000.0
Peugeot 208,Peugeot 208 1.6 Active Pack,2024,Lanús - Bs.As. G.B.A. Sur,9000.0,18000.0
Peugeot 208,Peugeot 208 1.6 Active,2019,Esteban Echeverría - Bs.As. G.B.A. Sur,30000.0,13800.0
Peugeot 208,Peugeot 208 1.6 Gt Thp,2018,Capital Federal - Capital Federal,87000.0,13000.0
Peugeot 208,Peugeot 208 1.6l Allure Pack,2023,General San Martín - Bs.As. G.B.A. Norte,25200.0,16333.333333333334
Peugeot 208,Peugeot 208 1.6 Feline,2018,Lomas De Zamora - Bs.As. G.B.A. Sur,96238.0,11733.333333333334
Peugeot 208,Peugeot 208 1.6 Feline,2018,Almirante Brown - Bs.As. G.B.A. Sur,36000.0,14666.666666666666
Peugeot 208,Peugeot 208 1.6 Feline,2018,Tigre - Bs.As. G.B.A. Norte,119000.0,12790.0
Peugeot 208,Peugeot 208 1.6 Feline,2018,San Vicente - Buenos Aires Interior,150000.0,11500.0
Peugeot 208,Peugeot 208 1.6 Feline,2018,Capital Federal - Capital Federal,42000.0,13000.0
Peugeot 208,Peugeot 208 L/24 1.6 Allure,2024,Vicente López - Bs.As. G.B.A. Norte,58958.0,15933.333333333334
Peugeot 208,Peugeot 208 1.0t Gt,2024,La Matanza - Bs.As. G.B.A. Oeste,11000.0,22500.0
Peugeot 208,Peugeot 208 1.6 Allure Pack,2023,Capital Federal - Capital Federal,21200.0,16200.0
Peugeot 208,Peugeot 208 1.6 Allure,2022,Ituzaingó - Bs.As. G.B.A. Oeste,85000.0,14200.0
Peugeot 208,Peugeot 208 1.6 Allure At,2026,Morón - Bs.As. G.B.A. Oeste,0.0,17800.0
Peugeot 208,Peugeot 208 1.6 Allure,2018,Vicente López - Bs.As. G.B.A. Norte,123000.0,9400.0
Peugeot 208,Peugeot 208 1.6 Allure Tiptronic,2021,La Matanza - Bs.As. G.B.A. Oeste,55000.0,15500.0
Peugeot 208,Peugeot 208 1.6 Active,2021,Caseros - Bs.As. G.B.A. Oeste,58000.0,14666.666666666666
Peugeot 208,Peugeot 208 1.0 T200 Gt Cvt,2026,La Matanza - Bs.As. G.B.A. Oeste,0.0,22666.666666666668
Peugeot 208,Peugeot 208 1.6 Allure Nav Tiptronic,2019,Capital Federal - Capital Federal,52033.0,11726.666666666666
Peugeot 208,Peugeot 208 1.6 Allure At,2026,Capital Federal - Capital Federal,0.0,20866.733333333334
Peugeot 208,Peugeot 208 1.6 Allure Tiptronic,2022,Capital Federal - Capital Federal,20000.0,18900.0
Peugeot 208,Peugeot 208 1.0 T200 Allure Pack Cvt,2026,Lomas De Zamora - Bs.As. G.B.A. Sur,5000.0,21333.333333333332
Peugeot 208,Peugeot 208 1.6 Feline Tiptronic,2021,Berisso - Buenos Aires Interior,69000.0,14666.666666666666
Peugeot 208,Peugeot 208 1.5 Allure Touchscreen,2016,La Plata - Bs.As. G.B.A. Sur,118000.0,9866.666666666666
Peugeot 208,Peugeot 208 1.6 Active,2021,San Isidro - Bs.As. G.B.A. Norte,92000.0,13250.0
Peugeot 208,Peugeot 208 1.0 T200 Gt Cvt,2026,Capital Federal - Capital Federal,0.0,23333.333333333332
Peugeot 208,Peugeot 208 1.6 Allure Tiptronic,2025,Quilmes - Bs.As. G.B.A. Sur,0.0,22666.666666666668
Peugeot 208,Peugeot 208 1.6 Feline Tiptronic,2022,General San Martín - Bs.As. G.B.A. Norte,17800.0,19000.0
Peugeot 208,Peugeot 208 1.6 Gt Thp,2018,La Matanza - Bs.As. G.B.A. Oeste,79000.0,14500.0
Peugeot 208,Peugeot 208 1.0t Gt,2025,Brandsen - Buenos Aires Interior,0.0,24260.0
Peugeot 208,Peugeot 208 1.5 Active,2017,Capital Federal - Capital Federal,110000.0,8900.0
Peugeot 208,Peugeot 208 1.6l Active Pack Tiptronic,2023,Capital Federal - Capital Federal,9500.0,16413.333333333332
Peugeot 208,Peugeot 208 1.6 Active Tiptronic,2023,General San Martín - Bs.As. G.B.A. Norte,32500.0,16900.0
Peugeot 208,Peugeot 208 1.6 Feline,2018,General San Martín - Bs.As. G.B.A. Norte,66489.0,13500.0
Peugeot 208,Peugeot 208 1.6 Feline,2018,Tigre - Bs.As. G.B.A. Norte,93000.0,12300.0
Peugeot 208,Peugeot 208 1.6 Feline,2019,Capital Federal - Capital Federal,59345.0,14500.0
Peugeot 208,Peugeot 208 Gt T200 Am25,2025,La Plata - Bs.As. G.B.A. Sur,2000.0,25333.333333333332
Peugeot 208,Peugeot 208 1.0 T200 Gt Cvt,2025,Capital Federal - Capital Federal,15000.0,21333.333333333332
Peugeot 208,Peugeot 208 1.6 Feline Tiptronic,2022,Ituzaingó - Bs.As. G.B.A. Oeste,24800.0,20000.0
Peugeot 208,Peugeot 208 1.6 Gt Thp,2017,Lomas De Zamora - Bs.As. G.B.A. Sur,84000.0,14000.0
Peugeot 208,Peugeot 208 1.6 Gt Thp,2020,Mercedes - Buenos Aires Interior,55000.0,14666.666666666666
Peugeot 208,Peugeot 208 1.6 Allure,2020,Capital Federal - Capital Federal,24600.0,14600.0
Peugeot 208,Peugeot 208 1.6 Allure,2020,Capital Federal - Capital Federal,44000.0,14666.666666666666
Peugeot 208,Peugeot 208 1.6 Allure,2020,Vicente López - Bs.As. G.B.A. Norte,44000.0,15400.0
Peugeot 208,Peugeot 208 1.5 Active,2017,Capital Federal - Capital Federal,94000.0,10000.0
Peugeot 208,Peugeot 208 1.5 Active,2017,Tres De Febrero - Bs.As. G.B.A. Oeste,72000.0,10333.333333333334
Peugeot 208,Peugeot 208 1.6l Active Pack Tiptronic,2023,Lobos - Buenos Aires Interior,41100.0,14000.0
Peugeot 208,Peugeot 208 1.6 Allure Pack,2023,Capital Federal - Capital Federal,29000.0,16333.333333333334
Peugeot 208,Peugeot 208 1.0t Gt,2025,Ezeiza - Bs.As. G.B.A. Sur,0.0,22093.333333333332
Peugeot 208,Peugeot 208 1.6 Allure Pack,2023,Morón - Bs.As. G.B.A. Oeste,52900.0,15666.666666666666
Peugeot 208,Peugeot 208 1.0 T200 Gt Cvt,2026,La Matanza - Bs.As. G.B.A. Oeste,0.0,23333.333333333332
Peugeot 208,Peugeot 208 1.0 T200 Gt Cvt,2026,San Isidro - Bs.As. G.B.A. Norte,0.0,23000.0
Peugeot 208,Peugeot 208 1.0 T200 Gt Cvt,2026,Vicente López - Bs.As. G.B.A. Norte,0.0,23000.0
Peugeot 208,Peugeot 208 1.0 T200 Gt Cvt,2026,General Rodríguez - Bs.As. G.B.A. Oeste,0.0,25400.0
Peugeot 208,Peugeot 208 1.0 T200 Gt Cvt,2026,Lomas De Zamora - Bs.As. G.B.A. Sur,0.0,25333.333333333332
Peugeot 208,Peugeot 208 1.0 T200 Gt Cvt,2026,Ituzaingó - Bs.As. G.B.A. Oeste,0.0,25266.666666666668
Peugeot 208,Peugeot 208 1.0 T200 Gt Cvt,2026,Vicente López - Bs.As. G.B.A. Norte,0.0,23266.666666666668
Peugeot 208,Peugeot 208 1.0 T200 Gt Cvt,2026,Caseros - Bs.As. G.B.A. Oeste,0.0,26264.866666666665
Peugeot 208,Peugeot 208 1.0 T200 Gt Cvt,2026,Capital Federal - Capital Federal,0.0,24666.666666666668
Peugeot 208,Peugeot 208 1.0 T200 Gt Cvt,2026,Capital Federal - Capital Federal,0.0,23333.333333333332
Peugeot 208,Peugeot 208 1.0 T200 Gt Cvt,2026,Lomas De Zamora - Bs.As. G.B.A. Sur,0.0,23333.333333333332
Peugeot 208,Peugeot 208 1.0 T200 Gt Cvt,2026,Lomas De Zamora - Bs.As. G.B.A. Sur,0.0,30000.0
Peugeot 208,Peugeot 208 1.0 T200 Gt Cvt,2026,Lomas De Zamora - Bs.As. G.B.A. Sur,0.0,23666.666666666668
Peugeot 208,Peugeot 208 1.0 T200 Gt Cvt,2026,Lomas De Zamora - Bs.As. G.B.A. Sur,0.0,23333.333333333332
Peugeot 208,Peugeot 208 1.0 T200 Gt Cvt,2026,Lomas De Zamora - Bs.As. G.B.A. Sur,0.0,23333.333333333332
Peugeot 208,Peugeot 208 1.0t Gt,2026,La Matanza - Bs.As. G.B.A. Oeste,0.0,24321.332666666665
Peugeot 208,Peugeot 208 1.0 T200 Gt Cvt,2026,Capital Federal - Capital Federal,0.0,24200.0
Peugeot 208,Peugeot 208 1.0 T200 Gt Cvt,2026,Capital Federal - Capital Federal,0.0,25433.333333333332
Peugeot 208,Peugeot 208 1.0 T200 Gt Cvt,2026,Capital Federal - Capital Federal,0.0,25433.333333333332
Peugeot 208,Peugeot 208 1.0 T200 Gt Cvt,2026,Hurlingham - Bs.As. G.B.A. Oeste,0.0,25066.666666666668
Peugeot 208,Peugeot 208 1.0 T200 Gt Cvt,2026,Avellaneda - Bs.As. G.B.A. Sur,0.0,22660.0
Peugeot 208,Peugeot 208 1.0 T200 Gt Cvt,2026,San Isidro - Bs.As. G.B.A. Norte,0.0,22593.333333333332
Peugeot 208,Peugeot 208 1.0t Gt,2026,Capital Federal - Capital Federal,0.0,23667.333333333332
Peugeot 208,Peugeot 208 1.0 T200 Gt Cvt,2026,San Isidro - Bs.As. G.B.A. Norte,0.0,23326.666666666668
Peugeot 208,Peugeot 208 1.0t Gt,2026,Capital Federal - Capital Federal,0.0,24200.4
Peugeot 208,Peugeot 208 1.0t Gt,2026,Capital Federal - Capital Federal,0.0,24200.333333333332
Peugeot 208,Peugeot 208 1.0t Gt,2026,Capital Federal - Capital Federal,0.0,24200.266666666666
Peugeot 208,Peugeot 208 1.0t Gt,2026,Capital Federal - Capital Federal,0.0,23668.0
Peugeot 208,Peugeot 208 1.0t Gt,2026,Capital Federal - Capital Federal,0.0,24200.6
Peugeot 208,Peugeot 208 1.0 T200 Gt Cvt,2026,Lomas De Zamora - Bs.As. G.B.A. Sur,0.0,23333.333333333332
Peugeot 208,Peugeot 208 1.0t Gt,2026,Capital Federal - Capital Federal,0.0,23666.666666666668
Peugeot 208,Peugeot 208 1.0t Gt,2026,Capital Federal - Capital Federal,0.0,24200.066666666666
Peugeot 208,Peugeot 208 1.0 T200 Gt Cvt,2026,San Isidro - Bs.As. G.B.A. Norte,0.0,24266.666666666668
Peugeot 208,Peugeot 208 1.0 T200 Gt Cvt,2026,San Fernando - Bs.As. G.B.A. Norte,0.0,25000.0
Peugeot 208,Peugeot 208 1.0t Gt,2026,Capital Federal - Capital Federal,0.0,24200.266666666666
Peugeot 208,Peugeot 208 1.0 T200 Gt Cvt,2026,Capital Federal - Capital Federal,0.0,24000.0
Peugeot 208,Peugeot 208 1.0 T200 Gt Cvt,2026,Capital Federal - Capital Federal,0.0,23666.666666666668
Peugeot 208,Peugeot 208 1.0 T200 Gt Cvt,2026,Capital Federal - Capital Federal,0.0,24600.0
Peugeot 208,Peugeot 208 1.0 T200 Gt Cvt,2026,Moreno - Bs.As. G.B.A. Oeste,0.0,24666.666666666668
Peugeot 208,Peugeot 208 1.0 T200 Gt Cvt,2026,Capital Federal - Capital Federal,0.0,23993.333333333332
Peugeot 208,Peugeot 208 1.0 T200 Gt Cvt,2026,Vicente López - Bs.As. G.B.A. Norte,0.0,24000.0
