modelo,titulo,precio,moneda,año,km,ubicacion
Toyota Etios,Toyota Etios 1.5 Sedan Xls,13200.0,US$,2018,89.000 Km,Capital Federal - Capital Federal
Toyota Etios,Toyota Etios 1.5 Sedan Xls,18100000.0,$,2018,133.000 Km,Capital Federal - Capital Federal
Toyota Etios,Toyota Etios 1.5 Sedan Xls,11500000.0,$,2016,101.000 Km,Avellaneda - Bs.As. G.B.A. Sur
Toyota Etios,Toyota Etios 1.5 Xls,17000.0,US$,2021,80.000 Km,San Miguel - Bs.As. G.B.A. Norte
Toyota Etios,Toyota Etios 1.5 5 Ptas Xls 4at,18000000.0,$,2017,47.000 Km,Vicente López - Bs.As. G.B.A. Norte
Toyota Etios,Toyota Etios 1.5 Sedan Xls,23499000.0,$,2021,30.000 Km,Quilmes - Bs.As. G.B.A. Sur
Toyota Etios,Toyota Etios 1.5 Sedan Xls,21000000.0,$,2019,55.600 Km,Capital Federal - Capital Federal
Toyota Etios,Toyota Etios 1.5 Xs,14500000.0,$,2016,150.000 Km,Vicente López - Bs.As. G.B.A. Norte
Toyota Etios,Toyota Etios 1.5 Platinum At,12500.0,US$,2017,148.000 Km,Tres De Febrero - Bs.As. G.B.A. Oeste
Toyota Etios,Toyota Etios 1.5 Platinum At,11999.0,US$,2018,153.200 Km,Capital Federal - Capital Federal
Toyota Etios,Toyota Etios 1.5 X 6mt My19,15000.0,US$,2020,80.000 Km,Tres De Febrero - Bs.As. G.B.A. Oeste
Toyota Etios,Toyota Etios 1.5 Xls,21400000.0,$,2021,34.000 Km,Capital Federal - Capital Federal
Toyota Etios,Toyota Etios 1.5 Xls,21329000.0,$,2021,39.000 Km,Capital Federal - Capital Federal
Toyota Etios,Toyota Etios 1.5 Xls Pack,17500.0,US$,2022,67.000 Km,Capital Federal - Capital Federal
Toyota Etios,Toyota Etios 1.5 Xls At,27300000.0,$,2023,8.520 Km,La Matanza - Bs.As. G.B.A. Oeste
Toyota Etios,Toyota Etios 1.5 Sedan Xls At,15500.0,US$,2021,43.000 Km,Capital Federal - Capital Federal
Toyota Etios,Toyota Etios 1.5 Xls At,17000.0,US$,2021,67.085 Km,San Isidro - Bs.As. G.B.A. Norte
Toyota Etios,Toyota Etios 1.5 Xls At,17990.0,US$,2021,62.000 Km,Capital Federal - Capital Federal
Toyota Etios,Toyota Etios 1.5 Sedan Xls,16500000.0,$,2016,97.000 Km,La Matanza - Bs.As. G.B.A. Oeste
Toyota Etios,Toyota Etios 1.5 Sedan Xls,22800000.0,$,2021,88.196 Km,Lobos - Buenos Aires Interior
Toyota Etios,Toyota Etios 1.5 Xs,15500000.0,$,2017,110.000 Km,Vicente López - Bs.As. G.B.A. Norte
Toyota Etios,Toyota Etios 1.5 Xs,14900000.0,$,2017,130.000 Km,La Plata - Bs.As. G.B.A. Sur
Toyota Etios,Toyota Etios 1.5 Xls At,21500000.0,$,2017,63.000 Km,Vicente López - Bs.As. G.B.A. Norte
Toyota Etios,Toyota Etios 1.5 Xls,17500000.0,$,2017,101.300 Km,Capital Federal - Capital Federal
Toyota Etios,Toyota Etios 1.5 Sedan Xls,19500.0,US$,2023,32.000 Km,San Isidro - Bs.As. G.B.A. Norte
Toyota Etios,Toyota Etios 1.5 Sedan X,16500000.0,$,2018,106.110 Km,La Plata - Bs.As. G.B.A. Sur
Toyota Etios,Toyota Etios 1.5 Sedan Xls,14000000.0,$,2014,160.000 Km,Almirante Brown - Bs.As. G.B.A. Sur
Toyota Etios,Toyota Etios 1.5 Xls My19,15900.0,US$,2019,32.500 Km,Zárate - Buenos Aires Interior
Toyota Etios,Toyota Etios 1.5 Platinum At,18900000.0,$,2018,153.000 Km,Ituzaingó - Bs.As. G.B.A. Oeste
Toyota Etios,Toyota Etios 1.5 Xls,16800.0,US$,2020,55.500 Km,Avellaneda - Bs.As. G.B.A. Sur
Toyota Etios,Toyota Etios 1.5 X 6mt My19,19800000.0,$,2023,37.000 Km,Capital Federal - Capital Federal
Toyota Etios,Toyota Etios 1.5 Sedan Xls,19000.0,US$,2018,49.450 Km,Florencio Varela - Bs.As. G.B.A. Sur
Toyota Etios,Toyota Etios 1.5 Xls,9750.0,US$,2015,183.000 Km,Pilar - Bs.As. G.B.A. Norte
Toyota Etios,Toyota Etios 1.5 Xls,21370000.0,$,2021,34.000 Km,Capital Federal - Capital Federal
Toyota Etios,Toyota Etios 1.5 X 6mt My19,20900000.0,$,2023,70.000 Km,Avellaneda - Bs.As. G.B.A. Sur
Toyota Etios,Toyota Etios 1.5 Sedan Xls,21800.0,US$,2023,12.501 Km,Morón - Bs.As. G.B.A. Oeste
Toyota Etios,Toyota Etios 1.5 Xls,21500000.0,$,2021,78.000 Km,Lanús - Bs.As. G.B.A. Sur
Toyota Etios,Toyota Etios 1.5 X 6mt My19,12900.0,US$,2018,106.000 Km,Capital Federal - Capital Federal
Toyota Etios,Toyota Etios 1.5 Xs My19,14200.0,US$,2020,100.000 Km,Campana - Buenos Aires Interior
Toyota Etios,Toyota Etios 1.5 Xls Auto,20840000.0,$,2021,76.552 Km,Capital Federal - Capital Federal
Toyota Etios,Toyota Etios 1.5 Xls Pack,20620000.0,$,2022,81.000 Km,Capital Federal - Capital Federal
Toyota Etios,Toyota Etios 1.5 Xls At,18300.0,US$,2021,33.000 Km,Capital Federal - Capital Federal
Toyota Etios,Toyota Etios 1.5 Xls At,18000.0,US$,2022,74.000 Km,Monte - Buenos Aires Interior
Toyota Etios,Toyota Etios 1.5 Xls,21800000.0,$,2021,47.167 Km,Capital Federal - Capital Federal
Toyota Etios,Toyota Etios 1.5 Sedan Xls At,18500000.0,$,2018,120.000 Km,Capital Federal - Capital Federal
Toyota Etios,Toyota Etios 1.5 Sedan Xls At,26800000.0,$,2023,28.000 Km,Capital Federal - Capital Federal
Toyota Etios,Toyota Etios 1.5 X 6mt My19,20500000.0,$,2020,17.500 Km,Capital Federal - Capital Federal
Toyota Etios,Toyota Etios 1.5 Xls,16400.0,US$,2020,48.500 Km,Castelar - Bs.As. G.B.A. Oeste
Toyota Etios,Toyota Etios 1.5 Xls At,18500.0,US$,2022,76.000 Km,San Isidro - Bs.As. G.B.A. Norte
Toyota Etios,Toyota Etios 1.5 Sedan Xls,17300.0,US$,2022,63.000 Km,Capital Federal - Capital Federal
Toyota Etios,Toyota Etios 1.5 Xls At,18000.0,US$,2021,64.000 Km,Ezeiza - Bs.As. G.B.A. Sur
Toyota Etios,Toyota Etios 1.5 Xls At,18000.0,US$,2022,56.000 Km,Pilar - Bs.As. G.B.A. Norte
Toyota Etios,Toyota Etios 1.5 Xls At,27300000.0,$,2023,8.526 Km,Tres De Febrero - Bs.As. G.B.A. Oeste
Toyota Etios,Toyota Etios 1.5 Xls 2016,14870000.0,$,2016,145.000 Km,Tigre - Bs.As. G.B.A. Norte
Toyota Etios,Toyota Etios 1.5 Xls Pack,21360000.0,$,2022,54.306 Km,Capital Federal - Capital Federal
Toyota Etios,Toyota Etios 1.5 Sedan Xls At,18500000.0,$,2017,85.000 Km,Avellaneda - Bs.As. G.B.A. Sur
Toyota Etios,Toyota Etios 1.5 X 6mt My19,21600000.0,$,2019,51.000 Km,Ituzaingó - Bs.As. G.B.A. Oeste
Toyota Etios,Toyota Etios 1.5 Sedan Xls,11499000.0,$,2016,101.000 Km,Avellaneda - Bs.As. G.B.A. Sur
Toyota Etios,Toyota Etios 1.5 Xls At,19500000.0,$,2018,81.000 Km,Capital Federal - Capital Federal
Toyota Etios,Toyota Etios 1.5 X 6mt My19,13500.0,US$,2021,70.000 Km,Escobar - Bs.As. G.B.A. Norte
Toyota Etios,Toyota Etios 1.5 X 6mt My19,21000000.0,$,2023,65.000 Km,Vicente López - Bs.As. G.B.A. Norte
Toyota Etios,Toyota Etios 1.5 Sedan Xls,12500.0,US$,2013,90.000 Km,Tigre - Bs.As. G.B.A. Norte
Toyota Etios,Toyota Etios 1.5 Xs,13500000.0,$,2013,115.000 Km,Capital Federal - Capital Federal
Toyota Etios,Toyota Etios 1.5 X 6mt My19,18500000.0,$,2022,115.000 Km,Tigre - Bs.As. G.B.A. Norte
Toyota Etios,Toyota Etios 1.5 X,22240000.0,$,2021,45.600 Km,Capital Federal - Capital Federal
Toyota Etios,Toyota Etios 1.5 Sedan Xls,14500000.0,$,2017,200.000 Km,Tigre - Bs.As. G.B.A. Norte
Toyota Etios,Toyota Etios 1.5 Xls,23500000.0,$,2022,46.000 Km,Luján - Buenos Aires Interior
Toyota Etios,Toyota Etios Xls,18000000.0,$,2016,100.271 Km,Capital Federal - Capital Federal
Toyota Etios,Toyota Etios 1.5 Xs,14550000.0,$,2015,69.446 Km,Tigre - Bs.As. G.B.A. Norte
Toyota Etios,Toyota Etios 1.5 Sedan Platinum At,14100.0,US$,2018,80.800 Km,Capital Federal - Capital Federal
Toyota Etios,Toyota Etios 1.5 Xls My19,21500000.0,$,2019,100.000 Km,La Plata - Bs.As. G.B.A. Sur
Toyota Etios,Toyota Etios 1.5 Xls,24050000.0,$,2020,46.315 Km,Capital Federal - Capital Federal
Toyota Etios,Toyota Etios 1.5 X 6mt My19,22000000.0,$,2023,84.000 Km,Escobar - Bs.As. G.B.A. Norte
Toyota Etios,Toyota Etios 1.5 Sedan Xls,21500000.0,$,2022,90.000 Km,Capital Federal - Capital Federal
Toyota Etios,Toyota Etios 1.5 Xls,17500000.0,$,2015,96.000 Km,Tigre - Bs.As. G.B.A. Norte
Toyota Etios,Toyota Etios 1.5 Sedan X,14000.0,US$,2021,150.000 Km,Del Viso - Bs.As. G.B.A. Norte
Toyota Etios,Toyota Etios 1.5 Xls At,14700.0,US$,2017,87.500 Km,San Isidro - Bs.As. G.B.A. Norte
Toyota Etios,Toyota Etios 1.5 X 6mt My19,23900000.0,$,2023,8.900 Km,Vicente López - Bs.As. G.B.A. Norte
Toyota Etios,Toyota Etios 1.5 Xls My19,15700.0,US$,2019,56.532 Km,Vicente López - Bs.As. G.B.A. Norte
Toyota Etios,Toyota Etios 1.5 Sedan Xls At,26500000.0,$,2022,22.000 Km,Tigre - Bs.As. G.B.A. Norte
Toyota Etios,Toyota Etios 1.5 Xls At,18500000.0,$,2018,165.000 Km,Capital Federal - Capital Federal
Toyota Etios,Toyota Etios 1.5 Sedan Xls At,21000.0,US$,2023,18.900 Km,Capital Federal - Capital Federal
Toyota Etios,Toyota Etios 1.5 Xls At,20300.0,US$,2022,14.000 Km,Capital Federal - Capital Federal
Toyota Etios,Toyota Etios 1.5 Sedan Xls,13500.0,US$,2019,88.000 Km,San Isidro - Bs.As. G.B.A. Norte
Toyota Etios,Toyota Etios 1.5 Xls,14150.0,US$,2017,92.000 Km,Capital Federal - Capital Federal
Toyota Etios,Toyota Etios 1.5 Sedan Xls At,22400000.0,$,2019,76.000 Km,Ituzaingó - Bs.As. G.B.A. Oeste
Toyota Etios,Toyota Etios 1.5 Xls 6m/t,13499.0,US$,2017,109.000 Km,Capital Federal - Capital Federal
Toyota Etios,Toyota Etios 1.5 Sedan X,17900000.0,$,2022,95.000 Km,Moreno - Bs.As. G.B.A. Oeste
Toyota Etios,Toyota Etios 1.5 X 6mt My19,14500.0,US$,2018,72.000 Km,Capital Federal - Capital Federal
Toyota Etios,Toyota Etios 1.5 Xls At,16500.0,US$,2019,60.000 Km,La Plata - Bs.As. G.B.A. Sur
Toyota Etios,Toyota Etios 1.5 Sedan Xs,15500000.0,$,2017,159.000 Km,La Plata - Bs.As. G.B.A. Sur
Toyota Etios,Toyota Etios 1.5 Sedan X,17989900.0,$,2019,79.000 Km,Capital Federal - Capital Federal
Toyota Etios,Toyota Etios 1.5 Xls,15499999.0,$,2014,144.000 Km,Cañuelas - Buenos Aires Interior
Toyota Etios,Toyota Etios 1.5 Sedan Xls,18900000.0,$,2019,175.000 Km,Campana - Buenos Aires Interior
Toyota Etios,Toyota Etios 1.5 Xls At,17300.0,US$,2021,67.000 Km,Hurlingham - Bs.As. G.B.A. Oeste
Toyota Etios,Toyota Etios 1.5 Xls,21000000.0,$,2017,70.000 Km,Tigre - Bs.As. G.B.A. Norte
Toyota Etios,Toyota Etios 1.5 Sedan Xls,12900.0,US$,2018,147.000 Km,Capital Federal - Capital Federal
Toyota Etios,Toyota Etios 1.5 Sedan Xls,22500.0,US$,2023,0 Km,Moreno - Bs.As. G.B.A. Oeste
Toyota Etios,Toyota Etios 1.5 Xls Mt,19500000.0,$,2018,60.000 Km,San Isidro - Bs.As. G.B.A. Norte
Toyota Etios,Toyota Etios 1.5 Sedan Xls,11500.0,US$,2015,151.000 Km,Escobar - Bs.As. G.B.A. Norte
Toyota Etios,Toyota Etios 1.5 Sedan X,17300000.0,$,2019,153.000 Km,Tigre - Bs.As. G.B.A. Norte
Toyota Etios,Toyota Etios 1.5 Sedan Xls My19,22900000.0,$,2023,50.000 Km,Capital Federal - Capital Federal
Toyota Etios,Toyota Etios 1.5 Sedan Xls,22500000.0,$,2022,60.000 Km,Capital Federal - Capital Federal
Toyota Etios,Toyota Etios 1.5 Xls,11800.0,US$,2015,142.000 Km,Vicente López - Bs.As. G.B.A. Norte
Toyota Etios,Toyota Etios 1.5 Sedan Xls,21800000.0,$,2021,47.147 Km,Capital Federal - Capital Federal
Toyota Etios,Toyota Etios 1.5 X 6mt My19,12800.0,US$,2020,97.000 Km,Capital Federal - Capital Federal
Toyota Etios,Toyota Etios 1.5 Xls,16500000.0,$,2015,134.000 Km,Capital Federal - Capital Federal
Toyota Etios,Toyota Etios 1.5 X 6mt My19,19000000.0,$,2021,99.300 Km,Capital Federal - Capital Federal
Toyota Etios,Toyota Etios 1.5 Xls At,19900000.0,$,2018,97.000 Km,Capital Federal - Capital Federal
Toyota Etios,Toyota Etios 1.5 Sedan Xls,16500000.0,$,2016,97.000 Km,La Matanza - Bs.As. G.B.A. Oeste
Toyota Etios,Toyota Etios 1.5 Sedan Xls,19650000.0,$,2019,101.142 Km,Ituzaingó - Bs.As. G.B.A. Oeste
Toyota Etios,Toyota Etios 1.5 Xls,13900000.0,$,2013,96.890 Km,Vicente López - Bs.As. G.B.A. Norte
Toyota Etios,Toyota Etios 1.5 Xs,15900000.0,$,2016,83.700 Km,Capital Federal - Capital Federal
Toyota Etios,Toyota Etios 1.5 Xls At,27000000.0,$,2021,26.000 Km,Capital Federal - Capital Federal
Toyota Etios,Toyota Etios 1.5 Sedan X,19800000.0,$,2022,66.800 Km,Capital Federal - Capital Federal
Toyota Etios,Toyota Etios 1.5 Xls,16000000.0,$,2015,114.000 Km,Capital Federal - Capital Federal
Toyota Etios,Toyota Etios 1.5 Xls,15420000.0,$,2015,99.000 Km,Capital Federal - Capital Federal
Toyota Etios,Toyota Etios 1.5 Xls At,25500000.0,$,2021,32.000 Km,San Isidro - Bs.As. G.B.A. Norte
Toyota Etios,Toyota Etios Xls Pack 1.5 6m/t,20500000.0,$,2022,70.000 Km,San Isidro - Bs.As. G.B.A. Norte
Toyota Etios,Toyota Etios 1.5 Platinum At,19999000.0,$,2017,92.000 Km,Castelar - Bs.As. G.B.A. Oeste
Toyota Etios,Toyota Etios 1.5 Sedan Xls,13500.0,US$,2018,72.000 Km,Capital Federal - Capital Federal
Toyota Etios,Toyota Etios 1.5 Sedan Xls L18,16990000.0,$,2018,161.884 Km,Capital Federal - Capital Federal
Toyota Etios,Toyota Etios 1.5 Sedan Xls At,23989900.0,$,2023,65.000 Km,Capital Federal - Capital Federal
Toyota Etios,Toyota Etios 1.5 Xls,11800.0,US$,2015,40.000 Km,Lomas De Zamora - Bs.As. G.B.A. Sur
Toyota Etios,Toyota Etios 1.5 Xls,20500000.0,$,2020,60.000 Km,La Matanza - Bs.As. G.B.A. Oeste
Toyota Etios,Toyota Etios 1.5 Xs,15990000.0,$,2017,128.500 Km,Tigre - Bs.As. G.B.A. Norte
Toyota Etios,Toyota Etios 1.5 Sedan X,16000000.0,$,2021,200.000 Km,Hurlingham - Bs.As. G.B.A. Oeste
Toyota Etios,Toyota Etios 1.5 Xls At,22700000.0,$,2018,73.000 Km,Lomas De Zamora - Bs.As. G.B.A. Sur
Toyota Etios,Toyota Etios 1.5 Sedan X,20800000.0,$,2022,38.000 Km,Capital Federal - Capital Federal
Toyota Etios,Toyota Etios 1.5 X 6mt My19,12500.0,US$,2021,130.000 Km,Escobar - Bs.As. G.B.A. Norte
Toyota Etios,Toyota Etios 1.5 Xls,14290000.0,$,2013,98.200 Km,Quilmes - Bs.As. G.B.A. Sur
Toyota Etios,Toyota Etios 1.5 Sedan Xls,16900000.0,$,2018,90.000 Km,Avellaneda - Bs.As. G.B.A. Sur
Toyota Etios,Toyota Etios 1.5 Sedan Xls,20000000.0,$,2018,65.500 Km,La Plata - Bs.As. G.B.A. Sur
Toyota Etios,Toyota Etios 1.5 Sedan X,19500000.0,$,2021,70.000 Km,Lomas De Zamora - Bs.As. G.B.A. Sur
Toyota Etios,Toyota Etios 1.5 Xls,17800000.0,$,2017,75.000 Km,Capital Federal - Capital Federal
Toyota Etios,Toyota Etios 1.5 Sedan Xls At,22000000.0,$,2019,97.000 Km,Capital Federal - Capital Federal
Toyota Etios,Toyota Etios 1.5 Sedan Xls,9600000.0,$,2014,210.000 Km,Capital Federal - Capital Federal
Toyota Etios,Toyota Etios 1.5 Sedan Xs,14700000.0,$,2015,115.000 Km,San Isidro - Bs.As. G.B.A. Norte
Toyota Etios,Toyota Etios 1.5 Xs My19,11800.0,US$,2018,130.000 Km,Pilar - Bs.As. G.B.A. Norte
Toyota Etios,Toyota Etios 1.5 Sedan Xls My19,18000000.0,$,2018,110.000 Km,Capital Federal - Capital Federal
Toyota Etios,Toyota Etios 1.5 Xls At,18900.0,US$,2021,70.000 Km,Luján - Buenos Aires Interior
Toyota Etios,Toyota Etios 1.5 X 6mt My19,15000.0,US$,2021,50.000 Km,Vicente López - Bs.As. G.B.A. Norte
Toyota Etios,Toyota Etios 1.5 Xls,24990000.0,$,2022,48.000 Km,La Plata - Bs.As. G.B.A. Sur
Toyota Etios,Toyota Etios 1.5 Xls At,17500000.0,$,2016,115.000 Km,San Isidro - Bs.As. G.B.A. Norte
Toyota Etios,Toyota Etios 1.5 Xls,20950000.0,$,2017,78.000 Km,Tigre - Bs.As. G.B.A. Norte
Toyota Etios,Toyota Etios 1.5 Xls At,15500.0,US$,2019,75.000 Km,Capital Federal - Capital Federal
Toyota Etios,Toyota Etios 1.5 Platinum At,14999.0,US$,2017,80.000 Km,Morón - Bs.As. G.B.A. Oeste
Toyota Etios,Toyota Etios 1.5 Xs,14000000.0,$,2016,100.000 Km,Capital Federal - Capital Federal
Toyota Etios,Toyota Etios 1.5 Xls At,15999.0,US$,2018,72.000 Km,Capital Federal - Capital Federal
Toyota Etios,Toyota Etios 1.5 Xls,19000000.0,$,2017,101.000 Km,Morón - Bs.As. G.B.A. Oeste
Toyota Etios,Toyota Etios 1.5 Xls At,18500000.0,$,2018,165.000 Km,Capital Federal - Capital Federal
Toyota Etios,Toyota Etios 1.5 Xls At,18500000.0,$,2018,165.000 Km,Capital Federal - Capital Federal
Toyota Etios,Toyota Etios 1.5 Xls At,18990000.0,$,2018,65.000 Km,Lanús - Bs.As. G.B.A. Sur
Toyota Etios,Toyota Etios 1.5 Xls At,18500000.0,$,2018,135.000 Km,Hurlingham - Bs.As. G.B.A. Oeste
Toyota Etios,Toyota Etios Xls 5p,19500000.0,$,2018,80.000 Km,Capital Federal - Capital Federal
Toyota Etios,Toyota Etios 1.5 Xls,15900000.0,$,2017,94.000 Km,Morón - Bs.As. G.B.A. Oeste
Toyota Etios,Toyota Etios 1.5 Platinum 4 P Automática,17800000.0,$,2017,117.000 Km,Brandsen - Buenos Aires Interior
Toyota Etios,Toyota Etios 1.5 Xs,10490000.0,$,2015,139.298 Km,Malvinas Argentinas - Bs.As. G.B.A. Norte
Toyota Etios,Toyota Etios 1.5 Sedan Xls At,24000.0,US$,2023,0 Km,Moreno - Bs.As. G.B.A. Oeste
Toyota Etios,Toyota Etios Xls Pack 1.5 4a/t,16700.0,US$,2022,100.000 Km,Escobar - Bs.As. G.B.A. Norte
Toyota Etios,Toyota Etios 1.5 Xls At,18500.0,US$,2021,38.000 Km,Vicente López - Bs.As. G.B.A. Norte
Toyota Etios,Toyota Etios 1.5 Platinum 4 P Automática 5 Marchas,15000.0,US$,2017,76.000 Km,Capital Federal - Capital Federal
Toyota Etios,Toyota Etios 1.5 Sedan Xls,13900000.0,$,2015,109.000 Km,Capital Federal - Capital Federal
Toyota Etios,Toyota Etios 1.5 X 6mt My19,11800.0,US$,2019,88.000 Km,General San Martín - Bs.As. G.B.A. Norte
Toyota Etios,Toyota Etios 1.5 Xls At,15500.0,US$,2017,86.000 Km,Ezeiza - Bs.As. G.B.A. Sur
Toyota Etios,Toyota Etios 1.5 Sedan Xls At,15200.0,US$,2020,84.300 Km,Avellaneda - Bs.As. G.B.A. Sur
Toyota Etios,Toyota Etios 1.5 Sedan Xls,18000000.0,$,2017,78.000 Km,Capital Federal - Capital Federal
Toyota Etios,Toyota Etios 1.5 Platinum At,19500.0,US$,2022,42.000 Km,La Matanza - Bs.As. G.B.A. Oeste
Toyota Etios,Toyota Etios 1.5 Sedan Xls,14200000.0,$,2014,95.000 Km,Quilmes - Bs.As. G.B.A. Sur
Toyota Etios,Toyota Etios 1.5 Sedan Xls,16500000.0,$,2016,97.000 Km,La Matanza - Bs.As. G.B.A. Oeste
Toyota Etios,Toyota Etios 1.5 Sedan Xls,11500.0,US$,2016,162.000 Km,Tigre - Bs.As. G.B.A. Norte
Toyota Etios,Toyota Etios 1.5 X 6mt My19,24000000.0,$,2023,44.321 Km,Escobar - Bs.As. G.B.A. Norte
Toyota Etios,Toyota Etios 1.5 X 6mt My19,17500.0,US$,2023,23.000 Km,Capital Federal - Capital Federal
Toyota Etios,Toyota Etios 1.5 Xs My19,12500.0,US$,2018,94.000 Km,Hurlingham - Bs.As. G.B.A. Oeste
Toyota Etios,Toyota Etios 1.5 Sedan Xls At,19510000.0,$,2017,75.000 Km,General San Martín - Bs.As. G.B.A. Norte
Toyota Etios,Toyota Etios 1.5 Xls At,16000.0,US$,2018,80.317 Km,Pilar - Bs.As. G.B.A. Norte
Toyota Etios,Toyota Etios 1.5 Xls,17300000.0,$,2017,128.800 Km,Hurlingham - Bs.As. G.B.A. Oeste
Toyota Etios,Toyota Etios 1.5 Sedan Xs,13900000.0,$,2017,181.000 Km,Capital Federal - Capital Federal
Toyota Etios,Toyota Etios 1.5 Sedan Xls,16499999.0,$,2016,118.000 Km,Cañuelas - Buenos Aires Interior
Toyota Etios,Toyota Etios Aibo,18800000.0,$,2022,23.000 Km,Capital Federal - Capital Federal
Toyota Etios,Toyota Etios 1.5 Sedan X,19800000.0,$,2022,82.000 Km,Capital Federal - Capital Federal
Toyota Etios,Toyota Etios 1.5 Xls,19000000.0,$,2017,101.000 Km,Castelar - Bs.As. G.B.A. Oeste
Toyota Etios,Toyota Etios 1.5 Sedan Xls,10500.0,US$,2015,83.000 Km,Tigre - Bs.As. G.B.A. Norte
Toyota Etios,Toyota Etios 1.5 Xls,24990000.0,$,2022,77.000 Km,Lanús - Bs.As. G.B.A. Sur
Toyota Etios,Toyota Etios 1.5 X 6mt My19,16900.0,US$,2020,56.000 Km,Ezeiza - Bs.As. G.B.A. Sur
Toyota Etios,Toyota Etios 1.5 Xls At,16000.0,US$,2018,80.000 Km,General Rodríguez - Bs.As. G.B.A. Oeste
Toyota Etios,Toyota Etios 1.5 X 6mt My19,14500.0,US$,2018,73.210 Km,Capital Federal - Capital Federal
Toyota Etios,Toyota Etios 1.5 Sedan X,21000000.0,$,2022,66.630 Km,Pilar - Bs.As. G.B.A. Norte
Toyota Etios,Toyota Etios 1.5 Xls,11900.0,US$,2017,115.000 Km,Capital Federal - Capital Federal
Toyota Etios,Toyota Etios 1.5 Xls At,19500.0,US$,2021,67.000 Km,Ituzaingó - Bs.As. G.B.A. Oeste
Toyota Etios,Toyota Etios 1.5 Sedan Xls,15500000.0,$,2018,173.000 Km,Capital Federal - Capital Federal
Toyota Etios,Toyota Etios 1.5 Xls At,14000.0,US$,2017,85.000 Km,Ituzaingó - Bs.As. G.B.A. Oeste
Toyota Etios,Toyota Etios 1.5 Xls At,14000.0,US$,2017,85.000 Km,Ituzaingó - Bs.As. G.B.A. Oeste
Toyota Etios,Toyota Etios 1.5 Xls,11900.0,US$,2015,138.000 Km,Moreno - Bs.As. G.B.A. Oeste
Toyota Etios,Toyota Etios 1.5 Xls At,19490.0,US$,2022,77.300 Km,Vicente López - Bs.As. G.B.A. Norte
Toyota Etios,Toyota Etios 1.5 Xls At,18800.0,US$,2022,59.000 Km,La Matanza - Bs.As. G.B.A. Oeste
Toyota Etios,Toyota Etios 1.5 Sedan Xls,15000.0,US$,2021,70.000 Km,Capital Federal - Capital Federal
Toyota Etios,Toyota Etios 1.5 Sedan Xls,18500.0,US$,2021,62.000 Km,Capital Federal - Capital Federal
Toyota Etios,Toyota Etios 1.5 Sedan Xls,13000.0,US$,2014,55.000 Km,Capital Federal - Capital Federal
Toyota Etios,Toyota Etios 1.5 Sedan Xls,11300.0,US$,2018,190.000 Km,Pilar - Bs.As. G.B.A. Norte
Toyota Etios,Toyota Etios 1.5 Sedan Xs,13000000.0,$,2016,197.000 Km,San Isidro - Bs.As. G.B.A. Norte
Toyota Etios,Toyota Etios 1.5 Sedan Xls At,22500000.0,$,2023,74.000 Km,Avellaneda - Bs.As. G.B.A. Sur
Toyota Etios,Toyota Etios 1.5 X 6mt My19,12100.0,US$,2018,102.000 Km,Capital Federal - Capital Federal
Toyota Etios,Toyota Etios 1.5 X 6mt My19,14000.0,US$,2018,118.000 Km,Moreno - Bs.As. G.B.A. Oeste
Toyota Etios,Toyota Etios 1.5 Xs 5 P,14000000.0,$,2015,120.000 Km,Escobar - Bs.As. G.B.A. Norte
Toyota Etios,Toyota Etios 1.5 Sedan Xs,9700000.0,$,2014,198.000 Km,Vicente López - Bs.As. G.B.A. Norte
Toyota Etios,Toyota Etios 1.5 Sedan Xls My19,22500000.0,$,2019,65.000 Km,Hurlingham - Bs.As. G.B.A. Oeste
Toyota Etios,Toyota Etios 1.5 Sedan Xls At,17000000.0,$,2016,117.000 Km,Avellaneda - Bs.As. G.B.A. Sur
Toyota Etios,Toyota Etios 1.5 Xs,20300000.0,$,2017,101.500 Km,Escobar - Bs.As. G.B.A. Norte
Toyota Etios,Toyota Etios 1.5 Xls At,18500000.0,$,2017,160.000 Km,Almirante Brown - Bs.As. G.B.A. Sur
Toyota Etios,Toyota Etios 1.5 Xls At,20000000.0,$,2017,54.000 Km,Almirante Brown - Bs.As. G.B.A. Sur
Toyota Etios,Toyota Etios 1.5 Sedan Xls,8490.0,US$,2014,209.000 Km,Capital Federal - Capital Federal
Toyota Etios,Toyota Etios 1.5 Sedan Xs,15500000.0,$,2016,97.000 Km,Capital Federal - Capital Federal
Toyota Etios,Toyota Etios Xls 1.5 6m/t,12500.0,US$,2018,185.700 Km,La Matanza - Bs.As. G.B.A. Oeste
Toyota Etios,Toyota Etios 1.5 Xls At,20000.0,US$,2022,20.000 Km,San Isidro - Bs.As. G.B.A. Norte
Toyota Etios,Toyota Etios 1.5 Sedan Xls,15900000.0,$,2015,140.000 Km,Moreno - Bs.As. G.B.A. Oeste
Toyota Etios,Toyota Etios 1.5 Xls Pack 6m/t,27000000.0,$,2023,47.554 Km,Pilar - Bs.As. G.B.A. Norte
Toyota Etios,Toyota Etios Xls 1.5 4a/t 2017,18500000.0,$,2017,172.370 Km,Pilar - Bs.As. G.B.A. Norte
Toyota Etios,Toyota Etios 1.5 Xls 6m/t,12999.0,US$,2017,164.000 Km,Monte - Buenos Aires Interior
Toyota Etios,Toyota Etios 1.5 Sedan Xls,17800000.0,$,2018,65.000 Km,Capital Federal - Capital Federal
Toyota Etios,Toyota Etios 1.5 X 6mt My19,17000000.0,$,2019,116.000 Km,Avellaneda - Bs.As. G.B.A. Sur
Toyota Etios,Toyota Etios 1.5 X 6mt My19,17700000.0,$,2019,99.700 Km,General Rodríguez - Bs.As. G.B.A. Oeste
Toyota Etios,Toyota Etios 1.5 Xls,13990000.0,$,2014,140.000 Km,Hurlingham - Bs.As. G.B.A. Oeste
Toyota Etios,Toyota Etios 1.5 Sedan Xls,19500000.0,$,2017,84.800 Km,Mercedes - Buenos Aires Interior
Toyota Etios,Toyota Etios 1.5 Platinum At,15800.0,US$,2017,76.000 Km,Capital Federal - Capital Federal
Toyota Etios,Toyota Etios 1.5 Sedan Xls,18900000.0,$,2021,76.000 Km,Moreno - Bs.As. G.B.A. Oeste
Toyota Etios,Toyota Etios 1.5 Xls,19450000.0,$,2018,38.209 Km,Capital Federal - Capital Federal
Toyota Etios,Toyota Etios 1.5 Sedan Xls,15500000.0,$,2016,125.000 Km,Lomas De Zamora - Bs.As. G.B.A. Sur
Toyota Etios,Toyota Etios 1.5 Xls,12600.0,US$,2015,91.000 Km,La Plata - Bs.As. G.B.A. Sur
Toyota Etios,Toyota Etios 1.5 Xls At,19400.0,US$,2023,60.000 Km,San Isidro - Bs.As. G.B.A. Norte
Toyota Etios,Toyota Etios 1.5 Xls Mt6 5p,20900000.0,$,2019,70.338 Km,General San Martín - Bs.As. G.B.A. Norte
Toyota Etios,Toyota Etios 1.5 Xls,13000.0,US$,2017,130.000 Km,San Miguel - Bs.As. G.B.A. Norte
Toyota Etios,Toyota Etios 1.5 Sedan Xs,12900.0,US$,2018,79.000 Km,Tigre - Bs.As. G.B.A. Norte
Toyota Etios,Toyota Etios 1.5 Xls At,23800000.0,$,2023,62.000 Km,La Plata - Bs.As. G.B.A. Sur
Toyota Etios,Toyota Etios 1.5 X Mt6 4p,22100000.0,$,2023,73.000 Km,Malvinas Argentinas - Bs.As. G.B.A. Norte
Toyota Etios,Toyota Etios 1.5 Sedan Xls L18,14000.0,US$,2018,76.000 Km,San Miguel - Bs.As. G.B.A. Norte
Toyota Etios,Toyota Etios 1.5 Sedan Xls At,23000.0,US$,2023,5.100 Km,Capital Federal - Capital Federal
Toyota Etios,Toyota Etios 1.5 X 6mt My19,17500.0,US$,2021,59.000 Km,Capital Federal - Capital Federal
Toyota Etios,Toyota Etios 1.5 Xls,12900.0,US$,2015,98.000 Km,General San Martín - Bs.As. G.B.A. Norte
Toyota Etios,Toyota Etios 1.5 Xls,15400000.0,$,2015,198.000 Km,Berazategui - Bs.As. G.B.A. Sur
Toyota Corolla,Toyota Corolla 2.0 Xei Cvt 170cv,37000000.0,$,2024,49.000 Km,Capital Federal - Capital Federal
Toyota Corolla,Toyota Corolla 2.0 Seg Cvt 170cv,28250.0,US$,2021,63.000 Km,Capital Federal - Capital Federal
Toyota Corolla,Toyota Corolla 1.8 Xei Mt,16000000.0,$,2011,270.000 Km,La Plata - Bs.As. G.B.A. Sur
Toyota Corolla,Toyota Corolla 1.8 Hev Xei Ecvt,28500.0,US$,2022,68.000 Km,Escobar - Bs.As. G.B.A. Norte
Toyota Corolla,Toyota Corolla 2.0 Xli Cvt 171cv,44082000.0,$,2026,0 Km,Capital Federal - Capital Federal
Toyota Corolla,Toyota Corolla 1.8 Xei Mt 140cv,21000000.0,$,2014,158.000 Km,La Matanza - Bs.As. G.B.A. Oeste
Toyota Corolla,Toyota Corolla 1.8 Hev Seg Ecvt,32000.0,US$,2025,6.500 Km,Capital Federal - Capital Federal
Toyota Corolla,Toyota Corolla 1.8 Se-g At,11000.0,US$,2010,190.000 Km,San Isidro - Bs.As. G.B.A. Norte
Toyota Corolla,Toyota Corolla 2.0 Xli Cvt 171cv,42000000.0,$,2025,39.000 Km,Morón - Bs.As. G.B.A. Oeste
Toyota Corolla,Toyota Corolla 1.8 Hev Seg Ecvt,24500.0,US$,2021,67.000 Km,Capital Federal - Capital Federal
Toyota Corolla,Toyota Corolla 2.0 Seg L/23 Cvt,45500000.0,$,2025,5.000 Km,Vicente López - Bs.As. G.B.A. Norte
Toyota Corolla,Toyota Corolla 1.8 Hev Seg Ecvt,33900000.0,$,2021,61.000 Km,Pilar - Bs.As. G.B.A. Norte
Toyota Corolla,Toyota Corolla 1.8 Xei Cvt Pack 140cv,21000000.0,$,2015,130.000 Km,General San Martín - Bs.As. G.B.A. Norte
Toyota Corolla,Toyota Corolla 2.0 D Terra,5500.0,US$,2004,237.000 Km,San Isidro - Bs.As. G.B.A. Norte
Toyota Corolla,Toyota Corolla 1.8 Xei Cvt 140cv,13900.0,US$,2014,140.000 Km,Capital Federal - Capital Federal
Toyota Corolla,Toyota Corolla 2.0 Xli Mt 170cv,33900000.0,$,2023,26.500 Km,Capital Federal - Capital Federal
Toyota Corolla,Toyota Corolla 2.0 Seg Cvt 170cv,33900000.0,$,2022,88.000 Km,Zárate - Buenos Aires Interior
Toyota Corolla,Toyota Corolla 1.8 Xei Cvt 140cv,23500000.0,$,2015,148.000 Km,Tres De Febrero - Bs.As. G.B.A. Oeste
Toyota Corolla,Toyota Corolla 2.0 Gr-sport Cvt 171cv,55439000.0,$,2026,0 Km,Capital Federal - Capital Federal
Toyota Corolla,Toyota Corolla 1.8 Hev Seg Ecvt,27000.0,US$,2022,30.000 Km,San Fernando - Bs.As. G.B.A. Norte
Toyota Corolla,Toyota Corolla 1.8 Xei Cvt 140cv,16500.0,US$,2018,191.000 Km,Capital Federal - Capital Federal
Toyota Corolla,Toyota Corolla 1.8 Xei Mt 140cv,20000000.0,$,2016,146.000 Km,Pilar - Bs.As. G.B.A. Norte
Toyota Corolla,Toyota Corolla 2.0 Gr-sport Cvt,30000.0,US$,2023,28.000 Km,La Plata - Bs.As. G.B.A. Sur
Toyota Corolla,Toyota Corolla 1.8 Xei At,22900000.0,$,2017,123.000 Km,Capital Federal - Capital Federal
Toyota Corolla,Toyota Corolla 1.8 Xli Cvt 140cv,22000000.0,$,2017,122.000 Km,Capital Federal - Capital Federal
Toyota Corolla,Toyota Corolla 2.0 Xli Mt 170cv,29500000.0,$,2022,53.000 Km,Almirante Brown - Bs.As. G.B.A. Sur
Toyota Corolla,Toyota Corolla 1.8 Xli Mt 140cv,21989900.0,$,2016,129.000 Km,Capital Federal - Capital Federal
Toyota Corolla,Toyota Corolla 1.8 Xei Mt 140cv,14500.0,US$,2015,232.000 Km,Pilar - Bs.As. G.B.A. Norte
Toyota Corolla,Toyota Corolla 2.0 Xli Cvt,34280000.0,$,2023,24.755 Km,Capital Federal - Capital Federal
Toyota Corolla,Toyota Corolla 2.0 Gr-sport Cvt,28000.0,US$,2023,90.972 Km,Escobar - Bs.As. G.B.A. Norte
Toyota Corolla,Toyota Corolla 1.8 Xei Mt 136cv,9000.0,US$,2012,370.000 Km,San Fernando - Bs.As. G.B.A. Norte
Toyota Corolla,Toyota Corolla 1.8 Xei Cvt Pack 140cv,17500.0,US$,2017,140.000 Km,Tigre - Bs.As. G.B.A. Norte
Toyota Corolla,Toyota Corolla 1.8 Xei Cvt Pack 140cv,17900.0,US$,2017,138.000 Km,Pilar - Bs.As. G.B.A. Norte
Toyota Corolla,Toyota Corolla 1.8 Xei Mt Pack,12500000.0,$,2009,191.000 Km,Capital Federal - Capital Federal
Toyota Corolla,Toyota Corolla 1.8 Se-g Cvt 140cv,21500.0,US$,2019,91.000 Km,Capital Federal - Capital Federal
Toyota Corolla,Toyota Corolla 1.8 Se-g Cvt 140cv,23200000.0,$,2017,98.100 Km,Capital Federal - Capital Federal
Toyota Corolla,Toyota Corolla 1.8 Se-g Cvt 140cv,20000.0,US$,2017,150.000 Km,Capital Federal - Capital Federal
Toyota Corolla,Toyota Corolla 1.8 Se-g Cvt 140cv,24000.0,US$,2017,52.000 Km,Escobar - Bs.As. G.B.A. Norte
Toyota Corolla,Toyota Corolla 1.8 Xli Cvt 140cv,16000.0,US$,2015,57.530 Km,Capital Federal - Capital Federal
Toyota Corolla,Toyota Corolla 1.8 Xei Cvt 140cv,18000.0,US$,2018,134.000 Km,Vicente López - Bs.As. G.B.A. Norte
Toyota Corolla,Toyota Corolla 2.0 Xli Cvt 171cv,25990.0,US$,2025,21.000 Km,San Isidro - Bs.As. G.B.A. Norte
Toyota Corolla,Toyota Corolla 1.8 Xei Mt 140cv,16000.0,US$,2016,120.000 Km,Vicente López - Bs.As. G.B.A. Norte
Toyota Corolla,Toyota Corolla 1.8 Xei Cvt Pack 140cv,15400.0,US$,2014,92.500 Km,Capital Federal - Capital Federal
Toyota Corolla,Toyota Corolla 2.0 Seg Cvt 170cv,39900000.0,$,2023,62.000 Km,Tigre - Bs.As. G.B.A. Norte
Toyota Corolla,Toyota Corolla 2.0 Gr-sport Cvt 171cv,36000.0,US$,2025,17.000 Km,Escobar - Bs.As. G.B.A. Norte
Toyota Corolla,Toyota Corolla 1.8 Se-g,8200000.0,$,2003,184.000 Km,La Matanza - Bs.As. G.B.A. Oeste
Toyota Corolla,Toyota Corolla 1.8 Xei Cvt Pack 140cv,21500000.0,$,2016,167.000 Km,San Miguel - Bs.As. G.B.A. Norte
Toyota Corolla,Toyota Corolla 1.8 Xei Cvt 140cv,16000.0,US$,2016,10.000 Km,Berazategui - Bs.As. G.B.A. Sur
Toyota Corolla,Toyota Corolla 1.8 Xei Mt 140cv,26000000.0,$,2019,130.000 Km,Capital Federal - Capital Federal
Toyota Corolla,Toyota Corolla 1.8 Se-g At,10950000.0,$,2004,178.000 Km,Quilmes - Bs.As. G.B.A. Sur
Toyota Corolla,Toyota Corolla 2.0 Seg Cvt 170cv,44400000.0,$,2024,4.000 Km,General Rodríguez - Bs.As. G.B.A. Oeste
Toyota Corolla,Toyota Corolla 1.8 Xei Mt,11800.0,US$,2011,115.000 Km,Lanús - Bs.As. G.B.A. Sur
Toyota Corolla,Toyota Corolla 1.8 Xli,16000.0,US$,2017,165.000 Km,Tigre - Bs.As. G.B.A. Norte
Toyota Corolla,Toyota Corolla 2.0 Seg Cvt 170cv,28000.0,US$,2023,58.000 Km,Berazategui - Bs.As. G.B.A. Sur
Toyota Corolla,Toyota Corolla 1.8 Xei Mt Pack 140cv,16900000.0,$,2015,175.000 Km,Ituzaingó - Bs.As. G.B.A. Oeste
Toyota Corolla,Toyota Corolla 2.0 Seg Cvt 170cv,47000000.0,$,2025,12.000 Km,Escobar - Bs.As. G.B.A. Norte
Toyota Corolla,Toyota Corolla 2.0 Xli Cvt 171cv,28400.0,US$,2025,17.000 Km,Moreno - Bs.As. G.B.A. Oeste
Toyota Corolla,Toyota Corolla 1.8 Se-g At,12200.0,US$,2009,134.000 Km,Capital Federal - Capital Federal
Toyota Corolla,Toyota Corolla 1.8 Xei At Pack,11000.0,US$,2009,220.000 Km,Tigre - Bs.As. G.B.A. Norte
Toyota Corolla,Toyota Corolla 1.8 Xei At,11500.0,US$,2009,135.000 Km,Vicente López - Bs.As. G.B.A. Norte
Toyota Corolla,Toyota Corolla 1.8 Xei Pack,26500000.0,$,2019,110.000 Km,Tigre - Bs.As. G.B.A. Norte
Toyota Corolla,Toyota Corolla 1.8 Xli Mt 136cv,14990000.0,$,2013,160.000 Km,San Isidro - Bs.As. G.B.A. Norte
Toyota Corolla,Toyota Corolla 1.8 Xli Mt 140cv,32900000.0,$,2023,12.500 Km,Moreno - Bs.As. G.B.A. Oeste
Toyota Corolla,Toyota Corolla 2.0 Xli Cvt 171cv,37500000.0,$,2024,32.000 Km,Capital Federal - Capital Federal
Toyota Corolla,Toyota Corolla 2.0 Gr-sport Cvt 171cv,50900000.0,$,2026,0 Km,San Isidro - Bs.As. G.B.A. Norte
Toyota Corolla,Toyota Corolla 1.8 Se-g Cvt 140cv,20300.0,US$,2019,150.000 Km,Escobar - Bs.As. G.B.A. Norte
Toyota Corolla,Toyota Corolla 1.8 Xli Cvt 140cv,13800.0,US$,2016,140.000 Km,San Isidro - Bs.As. G.B.A. Norte
Toyota Corolla,Toyota Corolla 2.0 Seg Cvt 170cv,22500.0,US$,2021,106.800 Km,San Fernando - Bs.As. G.B.A. Norte
Toyota Corolla,Toyota Corolla 1.8 Seg L/20 Cvt Hybrid,34900000.0,$,2021,39.000 Km,Vicente López - Bs.As. G.B.A. Norte
Toyota Corolla,Toyota Corolla 1.8 Xei Cvt Pack 140cv,25900000.0,$,2018,62.000 Km,Avellaneda - Bs.As. G.B.A. Sur
Toyota Corolla,Toyota Corolla 1.8 Xei Cvt Pack 140cv,18000.0,US$,2017,165.000 Km,Capital Federal - Capital Federal
Toyota Corolla,Toyota Corolla Corolla Hv 1.8 Seg Ecvt,56180000.0,$,2026,0 Km,Capital Federal - Capital Federal
Toyota Corolla,Toyota Corolla 2.0 Xli Mt 170cv,37500000.0,$,2023,14.500 Km,Capital Federal - Capital Federal
Toyota Corolla,Toyota Corolla 2.0 Xei Mt 170cv,33000000.0,$,2023,46.000 Km,Capital Federal - Capital Federal
Toyota Corolla,Toyota Corolla 1.8 Xei Mt 140cv,24000000.0,$,2018,97.800 Km,Berazategui - Bs.As. G.B.A. Sur
Toyota Corolla,Toyota Corolla 1.8 Xei At 136cv,13000.0,US$,2013,170.000 Km,Lanús - Bs.As. G.B.A. Sur
Toyota Corolla,Toyota Corolla 1.8 Se-g Cvt 140cv,28900.0,US$,2023,53.000 Km,Zárate - Buenos Aires Interior
Toyota Corolla,Toyota Corolla 1.8 Xli Cvt,27940000.0,$,2017,63.705 Km,Capital Federal - Capital Federal
Toyota Corolla,Toyota Corolla Hv 1.8 Xei Ecvt,31900000.0,$,2021,90.200 Km,Capital Federal - Capital Federal
Toyota Corolla,Toyota Corolla 2.0 Xli Cvt 171cv,26500.0,US$,2024,39.000 Km,Capital Federal - Capital Federal
Toyota Corolla,Toyota Corolla 2.0 Xli Cvt 171cv,39900000.0,$,2024,23.000 Km,Tigre - Bs.As. G.B.A. Norte
Toyota Corolla,Toyota Corolla 2.0 Xli Cvt 171cv,37900000.0,$,2025,16.000 Km,Capital Federal - Capital Federal
Toyota Corolla,Toyota Corolla 1.8 Xei Mt Pack 140cv,16000000.0,$,2014,181.000 Km,Berazategui - Bs.As. G.B.A. Sur
Toyota Corolla,Toyota Corolla 2.0 Xei Cvt 170cv,34990000.0,$,2024,62.500 Km,Capital Federal - Capital Federal
Toyota Corolla,Toyota Corolla 2.0 Xei Cvt 170cv,40000000.0,$,2024,25.087 Km,Escobar - Bs.As. G.B.A. Norte
Toyota Corolla,Toyota Corolla 2.0 Xei Cvt 171cv,39900000.0,$,2025,13.500 Km,Zárate - Buenos Aires Interior
Toyota Corolla,Toyota Corolla 2.0 Xli Cvt 170cv,24000.0,US$,2022,80.000 Km,Capital Federal - Capital Federal
Toyota Corolla,Toyota Corolla 1.8 Xei Cvt Pack 140cv,14800.0,US$,2016,265.000 Km,Zárate - Buenos Aires Interior
Toyota Corolla,Toyota Corolla 1.8 Xei Mt 140cv,22000000.0,$,2016,160.000 Km,Capital Federal - Capital Federal
Toyota Corolla,Toyota Corolla 2.0 Xei M/t,29000000.0,$,2021,110.000 Km,Capital Federal - Capital Federal
Toyota Corolla,Toyota Corolla 1.8 Xei Mt,10000.0,US$,2011,172.000 Km,Capital Federal - Capital Federal
Toyota Corolla,Toyota Corolla 2.0 Xei Cvt 171cv,40500000.0,$,2025,13.000 Km,Zárate - Buenos Aires Interior
Toyota Corolla,Toyota Corolla 1.8 Se-g At 136cv,16700000.0,$,2012,140.869 Km,Escobar - Bs.As. G.B.A. Norte
Toyota Corolla,Toyota Corolla 1.8 Hev Seg Ecvt,33900000.0,$,2021,61.000 Km,Pilar - Bs.As. G.B.A. Norte
Toyota Corolla,Toyota Corolla 1.8 Hev Seg Ecvt,29900.0,US$,2024,27.000 Km,Capital Federal - Capital Federal
Toyota Corolla,Toyota Corolla 1.8 Hev Seg Ecvt,39900000.0,$,2024,41.000 Km,Tigre - Bs.As. G.B.A. Norte
Toyota Corolla,Toyota Corolla 1.8 Xei Cvt 140cv,30900000.0,$,2020,75.600 Km,Avellaneda - Bs.As. G.B.A. Sur
Toyota Corolla,Toyota Corolla 1.8 Xei Mt 140cv,17900.0,US$,2017,79.000 Km,General San Martín - Bs.As. G.B.A. Norte
Toyota Corolla,Toyota Corolla 2.0 Xei Cvt 171cv,38500000.0,$,2025,20.000 Km,Capital Federal - Capital Federal
Toyota Corolla,Toyota Corolla 1.8 Xli Mt 140cv,16100.0,US$,2017,92.680 Km,Capital Federal - Capital Federal
Toyota Corolla,Toyota Corolla 1.8 Se-g Cvt 140cv,27500000.0,$,2019,64.000 Km,Capital Federal - Capital Federal
Toyota Corolla,Toyota Corolla 1.8 Se-g Cvt 140cv,21000000.0,$,2014,159.000 Km,Hurlingham - Bs.As. G.B.A. Oeste
Toyota Corolla,Toyota Corolla 2.0 Xei Cvt 170cv,32000000.0,$,2022,59.000 Km,San Isidro - Bs.As. G.B.A. Norte
Toyota Corolla,Toyota Corolla 1.8 Xei Mt Pack,12500000.0,$,2011,156.000 Km,Morón - Bs.As. G.B.A. Oeste
Toyota Corolla,Toyota Corolla 1.8 Hev Seg Ecvt,26000.0,US$,2023,46.000 Km,Quilmes - Bs.As. G.B.A. Sur
Toyota Corolla,Toyota Corolla 1.8 Xli Mt 140cv,29900000.0,$,2022,87.000 Km,Malvinas Argentinas - Bs.As. G.B.A. Norte
Toyota Corolla,Toyota Corolla 2.0 Xei Cvt 170cv,23500.0,US$,2021,76.000 Km,Capital Federal - Capital Federal
Toyota Corolla,Toyota Corolla 1.8 Se-g Cvt 140cv,15000.0,US$,2016,160.000 Km,Lanús - Bs.As. G.B.A. Sur
Toyota Corolla,Toyota Corolla 1.8 Hev Xei Ecvt,33500000.0,$,2024,80.000 Km,San Miguel - Bs.As. G.B.A. Norte
Toyota Corolla,Toyota Corolla 1.8 Xei,12500.0,US$,2006,137.000 Km,Capital Federal - Capital Federal
Toyota Corolla,Toyota Corolla 1.8 Se-g,26600000.0,$,2018,90.573 Km,Capital Federal - Capital Federal
Toyota Corolla,Toyota Corolla 1.8 Se-g Cvt 140cv,18000.0,US$,2018,135.900 Km,Esteban Echeverría - Bs.As. G.B.A. Sur
Toyota Corolla,Toyota Corolla 2.0 Seg Cvt 170cv,24800.0,US$,2021,70.000 Km,Vicente López - Bs.As. G.B.A. Norte
Toyota Corolla,Toyota Corolla 2.0 Seg Cvt 170cv,48500000.0,$,2026,0 Km,Vicente López - Bs.As. G.B.A. Norte
Toyota Corolla,Toyota Corolla 2.0 Xli Cvt 171cv,38500000.0,$,2025,6.805 Km,San Isidro - Bs.As. G.B.A. Norte
Toyota Corolla,Toyota Corolla 1.8 Hev Seg Ecvt,53000000.0,$,2024,18.700 Km,Lomas De Zamora - Bs.As. G.B.A. Sur
Toyota Corolla,Toyota Corolla 2.0 Seg Cvt 140cv,33900000.0,$,2021,61.000 Km,Pilar - Bs.As. G.B.A. Norte
Toyota Corolla,Toyota Corolla 2.0 Se-g Cvt,26500000.0,$,2021,136.153 Km,Capital Federal - Capital Federal
Toyota Corolla,Toyota Corolla 2.0 Xei Cvt 170cv,25500.0,US$,2022,27.000 Km,Pilar - Buenos Aires Interior
Toyota Corolla,Toyota Corolla 1.8 Hev Seg Ecvt,26000.0,US$,2021,25.000 Km,Capital Federal - Capital Federal
Toyota Corolla,Toyota Corolla 1.8 Se-g Mt 136cv,16500000.0,$,2013,197.000 Km,Avellaneda - Bs.As. G.B.A. Sur
Toyota Corolla,Toyota Corolla 2.0 Xli Cvt 170cv,31800000.0,$,2022,52.000 Km,Esteban Echeverría - Bs.As. G.B.A. Sur
Toyota Corolla,Toyota Corolla 1.8 Xei At,7800.0,US$,2006,126.000 Km,San Isidro - Bs.As. G.B.A. Norte
Toyota Corolla,Toyota Corolla 2.0 Gr-sport Cvt 171cv,50900000.0,$,2026,0 Km,Vicente López - Bs.As. G.B.A. Norte
Toyota Corolla,Toyota Corolla 2.0 Gr-s Cvt,37870000.0,$,2021,55.507 Km,Capital Federal - Capital Federal
Toyota Corolla,Toyota Corolla 1.8 Xei Cvt 140cv,17800.0,US$,2017,123.000 Km,San Isidro - Bs.As. G.B.A. Norte
Toyota Corolla,Toyota Corolla 1.8 Se-g Mt 140cv,19800.0,US$,2017,89.000 Km,Exaltación De La Cruz - Buenos Aires Interior
Toyota Corolla,Toyota Corolla 2.0 Xei Cvt 171cv,38000000.0,$,2025,18.000 Km,Zárate - Buenos Aires Interior
Toyota Corolla,Toyota Corolla 2.0 Xei Cvt 171cv,38500000.0,$,2025,11.000 Km,Tigre - Bs.As. G.B.A. Norte
Toyota Corolla,Toyota Corolla 1.8 Se-g Cvt 140cv,19500.0,US$,2019,83.000 Km,San Isidro - Bs.As. G.B.A. Norte
Toyota Corolla,Toyota Corolla 2.0 Xei Cvt 171cv,25000.0,US$,2023,126.000 Km,Del Viso - Bs.As. G.B.A. Norte
Toyota Corolla,Toyota Corolla 1.8 Hev Seg Ecvt,33900000.0,$,2021,60.590 Km,Pilar - Bs.As. G.B.A. Norte
Toyota Corolla,Toyota Corolla 1.8 Hev Seg Ecvt,33900000.0,$,2021,61.000 Km,Pilar - Bs.As. G.B.A. Norte
Toyota Corolla,Toyota Corolla 1.8 Hev Seg Ecvt,29800000.0,$,2021,182.000 Km,Malvinas Argentinas - Bs.As. G.B.A. Norte
Toyota Corolla,Toyota Corolla 1.8 Hev Seg Ecvt,33900000.0,$,2021,61.000 Km,Pilar - Bs.As. G.B.A. Norte
Toyota Corolla,Toyota Corolla 1.8 Hev Seg Ecvt,33900000.0,$,2021,61.000 Km,Pilar - Bs.As. G.B.A. Norte
Toyota Corolla,Toyota Corolla 1.8 Hev Seg Ecvt,33900000.0,$,2021,61.000 Km,Pilar - Bs.As. G.B.A. Norte
Toyota Corolla,Toyota Corolla 1.8 Xei Cvt,26710000.0,$,2018,96.211 Km,Capital Federal - Capital Federal
Toyota Corolla,Toyota Corolla 1.8 Xei Cvt 140cv,20300.0,US$,2018,76.457 Km,Escobar - Bs.As. G.B.A. Norte
Toyota Corolla,Toyota Corolla 1.8 Xei Cvt 140cv,17500.0,US$,2018,110.000 Km,La Plata - Bs.As. G.B.A. Sur
Toyota Corolla,Toyota Corolla 2.0 Seg Cvt 170cv,32000.0,US$,2024,1.742 Km,Lanús - Bs.As. G.B.A. Sur
Toyota Corolla,Toyota Corolla 2.0 Xli Cvt 171cv,35000000.0,$,2025,27.000 Km,San Isidro - Bs.As. G.B.A. Norte
Toyota Corolla,Toyota Corolla 2.0 Xli Mt 170cv,27000000.0,$,2021,112.000 Km,Ensenada - Buenos Aires Interior
Toyota Corolla,Toyota Corolla 1.8 Hev Seg Ecvt,50562000.0,$,2026,0 Km,Capital Federal - Capital Federal
Toyota Corolla,Toyota Corolla 1.8 Xli Cvt 140cv,24500.0,US$,2024,14.500 Km,Malvinas Argentinas - Bs.As. G.B.A. Norte
Toyota Corolla,Toyota Corolla 2.0 Xei Cvt 170cv,22000.0,US$,2022,82.000 Km,Ezeiza - Bs.As. G.B.A. Sur
Toyota Corolla,Toyota Corolla 2.0 Seg Cvt,25000.0,US$,2020,69.000 Km,Capital Federal - Capital Federal
Toyota Corolla,Toyota Corolla 1.8 Xei Hybrid Cvt,38200000.0,$,2024,34.020 Km,Capital Federal - Capital Federal
Toyota Corolla,Toyota Corolla 2.0 Xei Mt 170cv,29800000.0,$,2022,105.000 Km,Exaltación De La Cruz - Buenos Aires Interior
Toyota Corolla,Toyota Corolla 1.8 Xei At Pack,10800.0,US$,2010,176.000 Km,Morón - Bs.As. G.B.A. Oeste
Toyota Corolla,Toyota Corolla 1.8 Xei Cvt 140cv,21000.0,US$,2019,70.000 Km,Berazategui - Bs.As. G.B.A. Sur
Toyota Corolla,Toyota Corolla 2.0 Xei Cvt 171cv,39500000.0,$,2025,7.523 Km,Zárate - Buenos Aires Interior
Toyota Corolla,Toyota Corolla 2.0 Seg Cvt 170cv,29500.0,US$,2024,18.892 Km,San Isidro - Bs.As. G.B.A. Norte
Toyota Corolla,Toyota Corolla 1.8 Xei Cvt Pack 140cv,23900000.0,$,2018,96.000 Km,Capital Federal - Capital Federal
Toyota Corolla,Toyota Corolla 1.8 Se-g Cvt 140cv,16800.0,US$,2014,185.000 Km,Los Cardales - Bs.As. G.B.A. Norte
Toyota Corolla,Toyota Corolla 1.8 Xei Cvt Pack 140cv,17700.0,US$,2019,176.400 Km,Lomas De Zamora - Bs.As. G.B.A. Sur
Toyota Corolla,Toyota Corolla 1.8 Hev Xei Ecvt,21900.0,US$,2020,68.000 Km,Capital Federal - Capital Federal
Toyota Corolla,Toyota Corolla 2.0 Xei Cvt 170cv,24500.0,US$,2022,38.100 Km,General San Martín - Bs.As. G.B.A. Norte
Toyota Corolla,Toyota Corolla 1.8 Se-g Cvt 140cv,24000000.0,$,2018,148.000 Km,Capital Federal - Capital Federal
Toyota Corolla,Toyota Corolla 2.0 Xei Cvt 171cv,36500000.0,$,2023,35.600 Km,Capital Federal - Capital Federal
Toyota Corolla,Toyota Corolla 1.8 Xli Mt 140cv,19000000.0,$,2014,150.000 Km,Del Viso - Bs.As. G.B.A. Norte
Toyota Corolla,Toyota Corolla 1.8 Xei Mt 140cv,25000000.0,$,2018,112.000 Km,Capital Federal - Capital Federal
Toyota Corolla,Toyota Corolla 1.8 Xli Cvt,24460000.0,$,2018,69.700 Km,Tigre - Bs.As. G.B.A. Norte
Toyota Corolla,Toyota Corolla 2.0 Seg Cvt 170cv,28000.0,US$,2023,51.500 Km,Capital Federal - Capital Federal
Toyota Corolla,Toyota Corolla 2.0 Se-g Cvt,43060000.0,$,2025,3.823 Km,Capital Federal - Capital Federal
Toyota Corolla,Toyota Corolla 2.0 Seg Cvt 170cv,37490.0,US$,2025,4.146 Km,Castelar - Bs.As. G.B.A. Oeste
Toyota Corolla,Toyota Corolla 1.8 Xei Cvt Pack 140cv,25900.0,US$,2024,23.000 Km,Capital Federal - Capital Federal
Toyota Corolla,Toyota Corolla 1.8 Hev Seg Ecvt,46000000.0,$,2025,10.406 Km,Morón - Bs.As. G.B.A. Oeste
Toyota Corolla,Toyota Corolla 1.8 Hev Seg Ecvt,49600000.0,$,2025,13.000 Km,Capital Federal - Capital Federal
Toyota Corolla,Toyota Corolla 1.8 Xei Mt,18900000.0,$,2011,148.000 Km,Morón - Bs.As. G.B.A. Oeste
Toyota Corolla,Toyota Corolla 1.8 Se-g Cvt 140cv,12800.0,US$,2012,153.000 Km,San Isidro - Bs.As. G.B.A. Norte
Toyota Corolla,Toyota Corolla 1.8 Hev Seg Ecvt,32000.0,US$,2024,39.000 Km,Capital Federal - Capital Federal
Toyota Corolla,Toyota Corolla 1.8 Xei,19500.0,US$,2018,66.000 Km,Capital Federal - Capital Federal
Toyota Corolla,Toyota Corolla 1.8 Xei Mt 140cv,23500000.0,$,2018,120.000 Km,Capital Federal - Capital Federal
Toyota Corolla,Toyota Corolla 2.0 Xei Cvt 171cv,37900000.0,$,2025,6.600 Km,Campana - Buenos Aires Interior
Toyota Corolla,Toyota Corolla 1.8 Xei Mt,12500000.0,$,2010,240.000 Km,Capital Federal - Capital Federal
Toyota Corolla,Toyota Corolla 1.8 Hev Xei Ecvt,29500000.0,$,2020,133.771 Km,Lobos - Buenos Aires Interior
Toyota Corolla,Toyota Corolla 1.8 Hev Xei Ecvt,40000000.0,$,2025,12.800 Km,Lanús - Bs.As. G.B.A. Sur
Toyota Corolla,Toyota Corolla 2.0 Seg Cvt 170cv,32990000.0,$,2022,140.000 Km,General San Martín - Bs.As. G.B.A. Norte
Toyota Corolla,Toyota Corolla 2.0 Seg Cvt 170cv,37900000.0,$,2022,69.000 Km,Pilar - Bs.As. G.B.A. Norte
Toyota Corolla,Toyota Corolla 2.0 Seg Cvt 170cv,25000.0,US$,2022,116.000 Km,Campana - Buenos Aires Interior
Toyota Corolla,Toyota Corolla 1.8 Xei Mt 136cv,16400000.0,$,2013,232.000 Km,Capital Federal - Capital Federal
Toyota Corolla,Toyota Corolla 1.8 Hev Seg Ecvt,31500000.0,$,2020,70.000 Km,San Isidro - Bs.As. G.B.A. Norte
Toyota Corolla,Toyota Corolla 2.0 Gr-sport Cvt 171cv,48290000.0,$,2025,31.000 Km,Capital Federal - Capital Federal
Toyota Corolla,Toyota Corolla 2.0 Xli Cvt,30410000.0,$,2023,52.579 Km,Capital Federal - Capital Federal
Toyota Corolla,Toyota Corolla 2.0 Xli Cvt,36150000.0,$,2023,15.682 Km,Malvinas Argentinas - Bs.As. G.B.A. Norte
Toyota Corolla,Toyota Corolla 1.8 Hev Xei Ecvt,38200000.0,$,2023,36.000 Km,Hurlingham - Bs.As. G.B.A. Oeste
Toyota Corolla,Toyota Corolla 1.8 Hev Xei Ecvt,26000.0,US$,2023,60.000 Km,Berazategui - Bs.As. G.B.A. Sur
Toyota Corolla,Toyota Corolla 1.8 Se-g Cvt,26330000.0,$,2016,138.000 Km,Capital Federal - Capital Federal
Toyota Corolla,Toyota Corolla 1.8 Hev Xei Ecvt,32000000.0,$,2021,78.000 Km,Capital Federal - Capital Federal
Toyota Corolla,Toyota Corolla 1.8 Hev Seg Ecvt,49900000.0,$,2025,3.650 Km,Capital Federal - Capital Federal
Toyota Corolla,Toyota Corolla 1.8 Xei Mt 140cv,16900.0,US$,2019,100.000 Km,Capital Federal - Capital Federal
Toyota Corolla,Toyota Corolla Corolla Seg 1.8 Cvt,28900000.0,$,2019,65.000 Km,Capital Federal - Capital Federal
Toyota Corolla,Toyota Corolla 1.8 Xei Cvt Pack 140cv,21000000.0,$,2015,110.000 Km,Lomas De Zamora - Bs.As. G.B.A. Sur
Toyota Corolla,Toyota Corolla 2.0 Seg Cvt 170cv,38500000.0,$,2023,38.200 Km,General San Martín - Bs.As. G.B.A. Norte
Toyota Corolla,Toyota Corolla 1.8 Hev Xei Ecvt,41900000.0,$,2026,8.000 Km,Campana - Buenos Aires Interior
Toyota Corolla,Toyota Corolla 1.8 Hev Seg Ecvt,33900000.0,$,2021,60.590 Km,Pilar - Bs.As. G.B.A. Norte
Toyota Corolla,Toyota Corolla 1.8 Xli Cvt 140cv,17000.0,US$,2018,77.000 Km,Lomas De Zamora - Bs.As. G.B.A. Sur
Toyota Corolla,Toyota Corolla 1.8 Se-g,21000.0,US$,2018,84.000 Km,Ituzaingó - Bs.As. G.B.A. Oeste
Toyota Corolla,Toyota Corolla 1.8 Hev Seg Ecvt,54392000.0,$,2026,0 Km,Capital Federal - Capital Federal
Toyota Corolla,Toyota Corolla 1.8 Hev Seg Ecvt,56180000.0,$,2026,0 Km,Tres De Febrero - Bs.As. G.B.A. Oeste
Toyota Corolla,Toyota Corolla 1.8 Hev Seg Ecvt,56180000.0,$,2026,0 Km,Tres De Febrero - Bs.As. G.B.A. Oeste
Toyota Corolla,Toyota Corolla 1.8 Hev Seg Ecvt,56180000.0,$,2026,0 Km,Capital Federal - Capital Federal
Toyota Corolla,Toyota Corolla 1.8 Hev Seg Ecvt,56180000.0,$,2026,0 Km,Capital Federal - Capital Federal
Toyota Corolla,Toyota Corolla Corolla Hv 1.8 Seg Ecvt,56180000.0,$,2026,0 Km,Capital Federal - Capital Federal
Toyota Corolla,Toyota Corolla Corolla Hv 1.8 Seg Ecvt,56180000.0,$,2026,0 Km,Capital Federal - Capital Federal
Toyota Corolla,Toyota Corolla 1.8 Xli Mt 140cv,16300.0,US$,2017,61.500 Km,Capital Federal - Capital Federal
Toyota Corolla,Toyota Corolla 2.0 Xei Cvt 170cv,38000000.0,$,2023,40.675 Km,Capital Federal - Capital Federal
Toyota Corolla,Toyota Corolla 2.0 Xei Cvt 171cv,37000000.0,$,2025,20.000 Km,Capital Federal - Capital Federal
Toyota Corolla,Toyota Corolla 2.0 Xei Mt,32490000.0,$,2021,74.100 Km,Capital Federal - Capital Federal
Toyota Corolla,Toyota Corolla 1.8 Xei Mt Pack 140cv,18300.0,US$,2017,82.000 Km,Capital Federal - Capital Federal
Toyota Corolla,Toyota Corolla 1.8 Xei Cvt Pack 140cv,16500.0,US$,2016,137.000 Km,Esteban Echeverría - Bs.As. G.B.A. Sur
Toyota Corolla,Toyota Corolla 1.8 Hev Seg Ecvt,22500.0,US$,2021,100.000 Km,Capital Federal - Capital Federal
Toyota Corolla,Toyota Corolla 1.8 Se-g Cvt,25920000.0,$,2017,75.566 Km,Capital Federal - Capital Federal
Toyota Corolla,Toyota Corolla 2.0 Xei Cvt 170cv,35500000.0,$,2023,25.000 Km,Capital Federal - Capital Federal
Toyota Corolla,Toyota Corolla 2.0 Xei Cvt 171cv,39000000.0,$,2024,13.107 Km,General San Martín - Bs.As. G.B.A. Norte
Toyota Corolla,Toyota Corolla 1.8 Hev Xei Ecvt,44700000.0,$,2025,9.000 Km,Capital Federal - Capital Federal
Toyota Corolla,Toyota Corolla 1.8 Hev Xei Ecvt,50764000.0,$,2026,0 Km,Capital Federal - Capital Federal
Toyota Corolla,Toyota Corolla 1.8 Xei,18800.0,US$,2019,123.000 Km,San Fernando - Bs.As. G.B.A. Norte
Toyota Corolla,Toyota Corolla 2.0 Xli Cvt 171cv,39900000.0,$,2025,6.500 Km,Merlo - Bs.As. G.B.A. Oeste
Toyota Corolla,Toyota Corolla 1.8 Hev Xei Ecvt,52000.0,US$,2023,33.000 Km,Capital Federal - Capital Federal
Toyota Corolla,Toyota Corolla 2.0 Xei Cvt 170cv,37650000.0,$,2024,15.000 Km,Moreno - Bs.As. G.B.A. Oeste
Toyota Corolla,Toyota Corolla 1.8 Se-g Cvt 140cv,20500.0,US$,2018,64.000 Km,Capital Federal - Capital Federal
Toyota Corolla,Toyota Corolla 2.0 Seg Cvt 170cv,31900.0,US$,2024,15.000 Km,Capital Federal - Capital Federal
Toyota Corolla,Toyota Corolla 1.8 Xei Cvt 140cv,19000.0,US$,2019,70.050 Km,Capital Federal - Capital Federal
Toyota Corolla,Toyota Corolla 2.0 Xli Cvt 170cv,30400000.0,$,2022,52.000 Km,Capital Federal - Capital Federal
Toyota Corolla,Toyota Corolla 2.0 Xei Cvt,32580000.0,$,2022,51.064 Km,Malvinas Argentinas - Bs.As. G.B.A. Norte
Toyota Corolla,Toyota Corolla 2.0 Xei Cvt,37800000.0,$,2022,14.260 Km,Capital Federal - Capital Federal
Toyota Corolla,Toyota Corolla 2.0 Xli Cvt 171cv,38000000.0,$,2024,50.025 Km,Capital Federal - Capital Federal
Toyota Corolla,Toyota Corolla 2.0 Seg Cvt 170cv,34500000.0,$,2021,79.000 Km,Berazategui - Bs.As. G.B.A. Sur
Toyota Corolla,Toyota Corolla 1.6 Gli,14000000.0,$,2008,300.000 Km,Vicente López - Bs.As. G.B.A. Norte
Toyota Corolla,Toyota Corolla 1.8 Xli Cvt 140cv,31000000.0,$,2021,69.000 Km,Avellaneda - Bs.As. G.B.A. Sur
Toyota Corolla,Toyota Corolla 1.8 Xei Cvt 140cv,23990000.0,$,2019,145.000 Km,Lanús - Bs.As. G.B.A. Sur
Toyota Corolla,Toyota Corolla 1.8 Xei Cvt 140cv,29000000.0,$,2019,135.000 Km,Morón - Bs.As. G.B.A. Oeste
Toyota Corolla,Toyota Corolla Hev 1.8 Seg Ectv,49800000.0,$,2025,12.800 Km,Capital Federal - Capital Federal
Toyota Corolla,Toyota Corolla 2.0 Seg Cvt 170cv,28900.0,US$,2023,55.000 Km,San Miguel - Bs.As. G.B.A. Norte
Toyota Corolla,Toyota Corolla 2.0 Seg Cvt 140cv,37500000.0,$,2022,72.900 Km,Avellaneda - Bs.As. G.B.A. Sur
Toyota Corolla,Toyota Corolla 2.0 Xli Cvt 170cv,35000000.0,$,2023,37.500 Km,Capital Federal - Capital Federal
Toyota Corolla,Toyota Corolla 2.0 Seg Cvt 170cv,24000.0,US$,2021,70.000 Km,Ituzaingó - Bs.As. G.B.A. Oeste
Toyota Corolla,Toyota Corolla 2.0 Seg Cvt 170cv,38500000.0,$,2021,68.000 Km,Ezeiza - Bs.As. G.B.A. Sur
Toyota Yaris,Toyota Yaris 1.5 107cv S Cvt,40956000.0,$,2026,0 Km,Capital Federal - Capital Federal
Toyota Yaris,Toyota Yaris 1.5 107cv Xls Pack Cvt,29000000.0,$,2019,52.617 Km,Capital Federal - Capital Federal
Toyota Yaris,Toyota Yaris 1.5 Xls 5p,25900000.0,$,2022,43.273 Km,General San Martín - Bs.As. G.B.A. Norte
Toyota Yaris,Toyota Yaris 1.5 107cv Xs Cvt,34284000.0,$,2026,0 Km,Capital Federal - Capital Federal
Toyota Yaris,Toyota Yaris 1.5 107cv Xls Pack Cvt Sedan,18000.0,US$,2020,88.000 Km,Capital Federal - Capital Federal
Toyota Yaris,Toyota Yaris 1.5 107cv S Cvt,29000000.0,$,2022,53.000 Km,Capital Federal - Capital Federal
Toyota Yaris,Toyota Yaris 1.5 107cv S Cvt,38700000.0,$,2025,9.700 Km,Campana - Buenos Aires Interior
Toyota Yaris,Toyota Yaris 1.5 107cv Xls Pack Cvt,33990000.0,$,2024,49.000 Km,Morón - Bs.As. G.B.A. Oeste
Toyota Yaris,Toyota Yaris 1.5 107cv Xls Cvt,35418120.0,$,2026,0 Km,Vicente López - Bs.As. G.B.A. Norte
Toyota Yaris,Toyota Yaris 1.5 107cv S Cvt,19990.0,US$,2022,128.000 Km,Malvinas Argentinas - Bs.As. G.B.A. Norte
Toyota Yaris,Toyota Yaris 1.5 107cv Xls,28000000.0,$,2023,72.000 Km,Almirante Brown - Bs.As. G.B.A. Sur
Toyota Yaris,Toyota Yaris 1.5 107cv Xs Cvt,31884120.0,$,2026,0 Km,San Isidro - Bs.As. G.B.A. Norte
Toyota Yaris,Toyota Yaris 1.5 107cv Xls,33900000.0,$,2024,21.000 Km,Tigre - Bs.As. G.B.A. Norte
Toyota Yaris,Toyota Yaris 1.5 107cv Xls Pack Cvt,27990000.0,$,2022,80.000 Km,General San Martín - Bs.As. G.B.A. Norte
Toyota Yaris,Toyota Yaris 1.5 107cv Xs Cvt,29500000.0,$,2024,19.566 Km,General San Martín - Bs.As. G.B.A. Norte
Toyota Yaris,Toyota Yaris 1.5 107cv Xls Pack Cvt Sedan,29000000.0,$,2023,50.000 Km,Berazategui - Bs.As. G.B.A. Sur
Toyota Yaris,Toyota Yaris 1.5 107cv Xls Sedan,29500000.0,$,2024,35.000 Km,Capital Federal - Capital Federal
Toyota Yaris,Toyota Yaris 1.5 107cv S Cvt,36942000.0,$,2026,0 Km,Vicente López - Bs.As. G.B.A. Norte
Toyota Yaris,Toyota Yaris 1.5 107cv Xls Pack Cvt Sedan,30500000.0,$,2024,20.600 Km,Capital Federal - Capital Federal
Toyota Yaris,Toyota Yaris 1.5 107cv Xls 5 P,27000000.0,$,2021,57.000 Km,Vicente López - Bs.As. G.B.A. Norte
Toyota Yaris,Toyota Yaris 1.5 107cv Xls Cvt,29000000.0,$,2022,34.040 Km,General San Martín - Bs.As. G.B.A. Norte
Toyota Yaris,Toyota Yaris 1.5 107cv Xls Cvt Sedan,27900000.0,$,2023,27.000 Km,Capital Federal - Capital Federal
Toyota Yaris,Toyota Yaris 1.5 107cv S Cvt,36860400.0,$,2026,0 Km,San Isidro - Bs.As. G.B.A. Norte
Toyota Yaris,Toyota Yaris 1.5 107cv Xs Sedan,31500000.0,$,2023,23.000 Km,Capital Federal - Capital Federal
Toyota Yaris,Toyota Yaris 1.5 107cv S Cvt,16900.0,US$,2019,127.000 Km,San Fernando - Bs.As. G.B.A. Norte
Toyota Yaris,Toyota Yaris 1.5 107cv Xls Cvt,31000000.0,$,2024,17.709 Km,Tres De Febrero - Bs.As. G.B.A. Oeste
Toyota Yaris,Toyota Yaris 1.5 107cv Xls Cvt,31000000.0,$,2024,17.709 Km,Tres De Febrero - Bs.As. G.B.A. Oeste
Toyota Yaris,Toyota Yaris 1.5 107cv Xls,15500.0,US$,2019,66.306 Km,Avellaneda - Bs.As. G.B.A. Sur
Toyota Yaris,Toyota Yaris 1.5 107cv S Cvt,36942000.0,$,2026,0 Km,Vicente López - Bs.As. G.B.A. Norte
Toyota Yaris,Toyota Yaris 1.5 107cv Xls,25500000.0,$,2022,100.000 Km,Capital Federal - Capital Federal
Toyota Yaris,Toyota Yaris 1.5 107cv Xs Cvt,27500000.0,$,2024,60.000 Km,Lanús - Bs.As. G.B.A. Sur
Toyota Yaris,Toyota Yaris 1.5 107cv S,19000.0,US$,2020,86.000 Km,Capital Federal - Capital Federal
Toyota Yaris,Toyota Yaris 1.5 107cv Xs Cvt,22500.0,US$,2026,0 Km,Vicente López - Bs.As. G.B.A. Norte
Toyota Yaris,Toyota Yaris 1.5 107cv Xls Cvt,34284000.0,$,2026,0 Km,Capital Federal - Capital Federal
Toyota Yaris,Toyota Yaris 1.5 107cv Xls Pack Cvt Sedan,28000000.0,$,2023,71.000 Km,General San Martín - Bs.As. G.B.A. Norte
Toyota Yaris,Toyota Yaris 1.5 107cv Xls Pack Cvt,21900.0,US$,2024,33.000 Km,Escobar - Bs.As. G.B.A. Norte
Toyota Yaris,Toyota Yaris 1.5 107cv Xs,21500.0,US$,2023,18.000 Km,Vicente López - Bs.As. G.B.A. Norte
Toyota Yaris,Toyota Yaris Yaris Xls+cvt5p,25500.0,US$,2025,6.550 Km,Pilar - Bs.As. G.B.A. Norte
Toyota Yaris,Toyota Yaris 1.5 107cv Xls Pack Cvt,31200000.0,$,2023,52.000 Km,Castelar - Bs.As. G.B.A. Oeste
Toyota Yaris,Toyota Yaris 1.5 107cv Xls Pack Cvt,20500.0,US$,2021,20.600 Km,José C. Paz - Bs.As. G.B.A. Norte
Toyota Yaris,Toyota Yaris 1.5 107cv Xls Pack Cvt,21900000.0,$,2019,143.080 Km,Lobos - Buenos Aires Interior
Toyota Yaris,Toyota Yaris 1.5 S,17960.0,US$,2018,58.000 Km,Hurlingham - Bs.As. G.B.A. Oeste
Toyota Yaris,Toyota Yaris 1.5 107cv S Cvt,32000000.0,$,2023,38.000 Km,Capital Federal - Capital Federal
Toyota Yaris,Toyota Yaris 1.5 107cv Xls Pack Cvt,20500.0,US$,2022,40.000 Km,La Matanza - Bs.As. G.B.A. Oeste
Toyota Yaris,Toyota Yaris 1.5 107cv Xs Cvt,28990000.0,$,2025,43.000 Km,San Isidro - Bs.As. G.B.A. Norte
Toyota Yaris,Toyota Yaris 1.5 107cv S Cvt,38908200.0,$,2026,0 Km,Capital Federal - Capital Federal
Toyota Yaris,Toyota Yaris 1.5 107cv S Cvt,37500000.0,$,2025,5.200 Km,Malvinas Argentinas - Bs.As. G.B.A. Norte
Toyota Yaris,Toyota Yaris 1.5 107cv Xls,18000.0,US$,2023,85.000 Km,San Isidro - Bs.As. G.B.A. Norte
Toyota Yaris,Toyota Yaris 1.5 107cv Xls Cvt,35418120.0,$,2026,0 Km,San Isidro - Bs.As. G.B.A. Norte
Toyota Yaris,Toyota Yaris 1.5 107cv S Cvt,25297000.0,$,2020,98.000 Km,Escobar - Bs.As. G.B.A. Norte
Toyota Yaris,Toyota Yaris 1.5 107cv Xls Sedan,27000000.0,$,2022,72.000 Km,Capital Federal - Capital Federal
Toyota Yaris,Toyota Yaris 1.5 107cv Xls,16000.0,US$,2019,97.600 Km,Capital Federal - Capital Federal
Toyota Yaris,Toyota Yaris 1.5 107cv S Cvt,29990000.0,$,2022,89.000 Km,General San Martín - Bs.As. G.B.A. Norte
Toyota Yaris,Toyota Yaris 1.5 107cv S Cvt,23500.0,US$,2022,52.000 Km,Capital Federal - Capital Federal
Toyota Yaris,Toyota Yaris 1.5 107cv S Cvt,23500.0,US$,2023,13.500 Km,San Isidro - Bs.As. G.B.A. Norte
Toyota Yaris,Toyota Yaris 1.5 107cv Xls Cvt,25600.0,US$,2026,0 Km,Capital Federal - Capital Federal
Toyota Yaris,Toyota Yaris 1.5 107cv S Cvt,31500000.0,$,2024,50.000 Km,Capital Federal - Capital Federal
Toyota Yaris,Toyota Yaris 1.5 107cv Xls Pack Cvt,24500.0,US$,2025,14.000 Km,Capital Federal - Capital Federal
Toyota Yaris,Toyota Yaris 1.5 107cv S Cvt,31000000.0,$,2023,69.000 Km,General San Martín - Bs.As. G.B.A. Norte
Toyota Yaris,Toyota Yaris 1.5 107cv S Cvt,26900000.0,$,2019,30.000 Km,Capital Federal - Capital Federal
Toyota Yaris,Toyota Yaris 1.5 107cv Xls Pack Cvt,19500.0,US$,2020,45.100 Km,Capital Federal - Capital Federal
Toyota Yaris,Toyota Yaris A76-yaris Xls 1.5 Cvt,33000000.0,$,2023,11.572 Km,Capital Federal - Capital Federal
Toyota Yaris,Toyota Yaris 1.5 107cv Xls,16000.0,US$,2018,100.000 Km,Capital Federal - Capital Federal
Toyota Yaris,Toyota Yaris Xls 1.5 6mt 5p 2022,27000000.0,$,2022,70.978 Km,Pilar - Bs.As. G.B.A. Norte
Toyota Yaris,Toyota Yaris 1.5 107cv Xls Cvt,37000000.0,$,2026,1.000 Km,Vicente López - Bs.As. G.B.A. Norte
Toyota Yaris,Toyota Yaris 1.5 Xls,24300000.0,$,2021,45.465 Km,Capital Federal - Capital Federal
Toyota Yaris,Toyota Yaris 1.5 107cv Xls,22889.0,US$,2025,0 Km,San Isidro - Bs.As. G.B.A. Norte
Toyota Yaris,Toyota Yaris 1.5 107cv Xs Cvt,31490000.0,$,2026,0 Km,Vicente López - Bs.As. G.B.A. Norte
Toyota Yaris,Toyota Yaris 1.5 107cv Xls Pack Cvt,23000.0,US$,2025,13.336 Km,San Miguel - Bs.As. G.B.A. Norte
Toyota Yaris,Toyota Yaris 1.5 107cv Xs Cvt,28500000.0,$,2025,40.700 Km,Capital Federal - Capital Federal
Toyota Yaris,Toyota Yaris 1.5 107cv Xls Pack Cvt,27300000.0,$,2023,57.852 Km,Tigre - Bs.As. G.B.A. Norte
Toyota Yaris,Toyota Yaris 1.5 107cv Xls Pack Cvt Sedan,21000.0,US$,2024,31.300 Km,La Matanza - Bs.As. G.B.A. Oeste
Toyota Yaris,Toyota Yaris Xls + 1.5 Cvt 5p,24100.0,US$,2025,5.000 Km,Capital Federal - Capital Federal
Toyota Yaris,Toyota Yaris 1.5 107cv Xls Pack,19800.0,US$,2022,88.000 Km,Escobar - Bs.As. G.B.A. Norte
Toyota Yaris,Toyota Yaris 1.5 107cv Xs Cvt,26500000.0,$,2024,52.700 Km,General San Martín - Bs.As. G.B.A. Norte
Toyota Yaris,Toyota Yaris 1.5 Xls Cvt,29670000.0,$,2022,49.000 Km,Capital Federal - Capital Federal
Toyota Yaris,Toyota Yaris 1.5 107cv S Cvt,18000.0,US$,2019,77.000 Km,Quilmes - Bs.As. G.B.A. Sur
Toyota Yaris,Toyota Yaris Gr,59000.0,US$,2021,4.400 Km,Capital Federal - Capital Federal
Toyota Yaris,Toyota Yaris 1.5 107cv Xls Cvt,20500.0,US$,2023,96.000 Km,Del Viso - Bs.As. G.B.A. Norte
Toyota Yaris,Toyota Yaris 1.5 107cv Xls Cvt,20000.0,US$,2022,48.000 Km,Capital Federal - Capital Federal
Toyota Yaris,Toyota Yaris 1.5 107cv Xls Pack Cvt,31990000.0,$,2024,21.000 Km,Capital Federal - Capital Federal
Toyota Yaris,Toyota Yaris 1.5 107cv Xs Cvt,33000000.0,$,2025,11.468 Km,Escobar - Bs.As. G.B.A. Norte
Toyota Yaris,Toyota Yaris 1.5 107cv Xs Cvt,33900000.0,$,2025,10.000 Km,Tigre - Bs.As. G.B.A. Norte
Toyota Yaris,Toyota Yaris 1.5 107cv S Cvt,29900000.0,$,2021,62.000 Km,Capital Federal - Capital Federal
Toyota Yaris,Toyota Yaris 1.5 107cv S Cvt,29800.0,US$,2025,500 Km,La Matanza - Bs.As. G.B.A. Oeste
Toyota Yaris,Toyota Yaris 1.5 107cv Xls Pack Cvt,23500.0,US$,2023,21.500 Km,Capital Federal - Capital Federal
Toyota Yaris,Toyota Yaris 1.5 107cv Xs Cvt,21000.0,US$,2025,29.000 Km,La Plata - Bs.As. G.B.A. Sur
Toyota Yaris,Toyota Yaris 1.5 S Cvt,36990000.0,$,2025,20.330 Km,Capital Federal - Capital Federal
Toyota Yaris,Toyota Yaris 1.5 107cv Xls Pack Cvt,36000000.0,$,2025,9.500 Km,Almirante Brown - Bs.As. G.B.A. Sur
Toyota Yaris,Toyota Yaris 1.5 S Mt,21260000.0,$,2019,91.413 Km,Capital Federal - Capital Federal
Toyota Yaris,Toyota Yaris 1.5 107cv S Cvt,32000000.0,$,2024,42.000 Km,Esteban Echeverría - Bs.As. G.B.A. Sur
Toyota Yaris,Toyota Yaris 1.5 Xls Cvt,33980000.0,$,2022,27.000 Km,Capital Federal - Capital Federal
Toyota Yaris,Toyota Yaris 1.5 107cv Xs,26500000.0,$,2024,45.000 Km,Escobar - Bs.As. G.B.A. Norte
Toyota Yaris,Toyota Yaris 1.5 107cv S Cvt,19800.0,US$,2021,110.000 Km,Tigre - Bs.As. G.B.A. Norte
Toyota Yaris,Toyota Yaris 1.5 107cv Xls,24900000.0,$,2019,48.925 Km,Capital Federal - Capital Federal
Toyota Yaris,Toyota Yaris 1.5 107cv S Cvt,29999900.0,$,2021,37.000 Km,Capital Federal - Capital Federal
Toyota Yaris,Toyota Yaris Gr 1.6 300cv,63000.0,US$,2026,0 Km,Esteban Echeverría - Bs.As. G.B.A. Sur
Toyota Yaris,Toyota Yaris 1.5 107cv Xls Pack Cvt Sedan,29490000.0,$,2024,71.000 Km,San Isidro - Bs.As. G.B.A. Norte
Toyota Yaris,Toyota Yaris 1.6t Gr 3p,49500.0,US$,2022,26.000 Km,Tigre - Bs.As. G.B.A. Norte
Toyota Yaris,Toyota Yaris 1.5 107cv S Cvt,37999999.0,$,2025,2.300 Km,Berazategui - Bs.As. G.B.A. Sur
Toyota Yaris,Toyota Yaris 1.5 107cv S Cvt,25900.0,US$,2023,28.500 Km,Capital Federal - Capital Federal
Toyota Yaris,Toyota Yaris 1.5 107cv Xls Cvt,29000000.0,$,2023,29.000 Km,Capital Federal - Capital Federal
Toyota Yaris,Toyota Yaris 1.5 107cv Xls Pack Cvt Sedan,33000000.0,$,2024,41.000 Km,Escobar - Bs.As. G.B.A. Norte
Toyota Yaris,Toyota Yaris 1.5 107cv Xls Pack Cvt Sedan,26500000.0,$,2021,78.000 Km,Castelar - Bs.As. G.B.A. Oeste
Toyota Yaris,Toyota Yaris 1.5 107cv Xls Pack Cvt Sedan,24000000.0,$,2021,110.000 Km,Morón - Bs.As. G.B.A. Oeste
Toyota Yaris,Toyota Yaris 1.5 107cv S Cvt,17900.0,US$,2019,96.000 Km,San Isidro - Bs.As. G.B.A. Norte
Toyota Yaris,Toyota Yaris 1.5 107cv Xs,28500000.0,$,2024,19.900 Km,Tigre - Bs.As. G.B.A. Norte
Toyota Yaris,Toyota Yaris 1.5 107cv S Cvt,36000000.0,$,2024,19.400 Km,Capital Federal - Capital Federal
Toyota Yaris,Toyota Yaris 1.5 107cv Xls Pack Cvt,18200.0,US$,2019,42.000 Km,Capital Federal - Capital Federal
Toyota Yaris,Toyota Yaris 1.5 107cv Xs Cvt,32569800.0,$,2026,0 Km,Capital Federal - Capital Federal
Toyota Yaris,Toyota Yaris 1.5 107cv Xs Cvt,23900.0,US$,2025,12.000 Km,Pilar - Bs.As. G.B.A. Norte
Toyota Yaris,Toyota Yaris 1.5 107cv S Cvt,27500.0,US$,2025,1.000 Km,San Isidro - Bs.As. G.B.A. Norte
Toyota Yaris,Toyota Yaris 1.5 107cv Xls Cvt,18000.0,US$,2020,70.000 Km,Castelar - Bs.As. G.B.A. Oeste
Toyota Yaris,Toyota Yaris 1.5 107cv S Cvt,38120000.0,$,2025,0 Km,Hurlingham - Bs.As. G.B.A. Oeste
Toyota Yaris,Toyota Yaris 1.5 107cv S Cvt,37999000.0,$,2025,10.200 Km,General San Martín - Bs.As. G.B.A. Norte
Toyota Yaris,Toyota Yaris 1.5 107cv S,20000.0,US$,2021,70.000 Km,La Matanza - Bs.As. G.B.A. Oeste
Toyota Yaris,Toyota Yaris 1.5 107cv Xs Cvt,34384000.0,$,2026,0 Km,Ituzaingó - Bs.As. G.B.A. Oeste
Toyota Yaris,Toyota Yaris 1.5 107cv S Cvt,22700.0,US$,2023,41.200 Km,Capital Federal - Capital Federal
Toyota Yaris,Toyota Yaris 1.5 107cv Xls Sedan,13800.0,US$,2021,115.000 Km,La Plata - Bs.As. G.B.A. Sur
Toyota Yaris,Toyota Yaris 1.5 107cv Cvt,21900000.0,$,2017,112.800 Km,San Miguel - Bs.As. G.B.A. Norte
Toyota Yaris,Toyota Yaris 1.5 107cv Xls Cvt,22500.0,US$,2023,61.000 Km,Luján - Buenos Aires Interior
Toyota Yaris,Toyota Yaris 1.5 107cv Xls Cvt,27700000.0,$,2023,64.000 Km,Escobar - Bs.As. G.B.A. Norte
Toyota Yaris,Toyota Yaris 1.5 107cv S Cvt,22000.0,US$,2022,55.500 Km,Morón - Bs.As. G.B.A. Oeste
Toyota Yaris,Toyota Yaris 1.5 107cv Xls Cvt,31900000.0,$,2023,40.000 Km,San Andrés De Giles - Buenos Aires Interior
Toyota Yaris,Toyota Yaris 1.5 107cv Cvt,27000000.0,$,2019,50.000 Km,Capital Federal - Capital Federal
Toyota Yaris,Toyota Yaris 1.5 107cv Xls Cvt,20700.0,US$,2023,20.500 Km,San Fernando - Bs.As. G.B.A. Norte
Toyota Yaris,Toyota Yaris 1.5 107cv S Cvt,19500.0,US$,2022,70.000 Km,Capital Federal - Capital Federal
Toyota Yaris,Toyota Yaris 1.5 107cv S Cvt,22990.0,US$,2023,67.000 Km,Capital Federal - Capital Federal
Toyota Yaris,Toyota Yaris 1.5 107cv Xls Pack Cvt,21000.0,US$,2021,67.000 Km,Capital Federal - Capital Federal
Toyota Yaris,Toyota Yaris 1.5 107cv Xls Pack Cvt,22300000.0,$,2019,109.200 Km,Capital Federal - Capital Federal
Toyota Yaris,Toyota Yaris 1.5 107cv Xs Cvt,31500000.0,$,2025,10.000 Km,Campana - Buenos Aires Interior
Toyota Yaris,Toyota Yaris 1.5 107cv Cvt,23500000.0,$,2017,75.422 Km,Capital Federal - Capital Federal
Toyota Yaris,Toyota Yaris 1.5 107cv S Cvt,33900000.0,$,2024,9.594 Km,Capital Federal - Capital Federal
Toyota Yaris,Toyota Yaris 1.5 107cv Xls Cvt,35800000.0,$,2026,1.000 Km,Capital Federal - Capital Federal
Toyota Yaris,Toyota Yaris 1.5 Xls Pack Cvt,34120000.0,$,2023,23.277 Km,Capital Federal - Capital Federal
Toyota Yaris,Toyota Yaris 1.5 107cv Xls Cvt Sedan,24000.0,US$,2023,10.460 Km,San Isidro - Bs.As. G.B.A. Norte
Toyota Yaris,Toyota Yaris 1.5 107cv Xls,20000.0,US$,2022,35.000 Km,Lomas De Zamora - Bs.As. G.B.A. Sur
Toyota Yaris,Toyota Yaris 1.5 107cv Xls Cvt,28000000.0,$,2022,75.550 Km,General San Martín - Bs.As. G.B.A. Norte
Toyota Yaris,Toyota Yaris 1.5 107cv Cvt,20500000.0,$,2017,110.000 Km,Pilar - Bs.As. G.B.A. Norte
Toyota Yaris,Toyota Yaris 1.5 107cv Xs,23900000.0,$,2023,48.000 Km,Pilar - Bs.As. G.B.A. Norte
Toyota Yaris,Toyota Yaris 1.5 107cv S Cvt,27900000.0,$,2021,75.000 Km,Capital Federal - Capital Federal
Toyota Yaris,Toyota Yaris 1.5 107cv Xls Cvt,18900.0,US$,2021,61.000 Km,Capital Federal - Capital Federal
Toyota Yaris,Toyota Yaris 1.5 107cv Xls 5 P,28800000.0,$,2021,20.000 Km,Almirante Brown - Bs.As. G.B.A. Sur
Toyota Yaris,Toyota Yaris 1.5 107cv S,25000000.0,$,2019,69.000 Km,Capital Federal - Capital Federal
Toyota Yaris,Toyota Yaris 1.5 107cv S Cvt,39900000.0,$,2024,1.111 Km,San Isidro - Bs.As. G.B.A. Norte
Toyota Yaris,Toyota Yaris 1.5 107cv Xls 4 P,27000000.0,$,2022,41.000 Km,Capital Federal - Capital Federal
Toyota Yaris,Toyota Yaris 1.5 107cv Xls Pack Cvt,20000.0,US$,2021,56.000 Km,San Isidro - Bs.As. G.B.A. Norte
Toyota Yaris,Toyota Yaris 1.5 107cv S,31500000.0,$,2023,51.000 Km,Capital Federal - Capital Federal
Toyota Yaris,Toyota Yaris 1.5 107cv S Cvt,16300.0,US$,2018,113.000 Km,Capital Federal - Capital Federal
Toyota Yaris,Toyota Yaris 1.5 107cv S,34900000.0,$,2024,2.000 Km,Capital Federal - Capital Federal
Toyota Yaris,Toyota Yaris 1.5 107cv Xs Cvt,29500000.0,$,2025,12.000 Km,Vicente López - Bs.As. G.B.A. Norte
Toyota Yaris,Toyota Yaris 1.5 107cv S Cvt,25500.0,US$,2025,9.000 Km,Capital Federal - Capital Federal
Toyota Yaris,Toyota Yaris 1.5 107cv Xls Pack Cvt,21700.0,US$,2021,23.284 Km,Capital Federal - Capital Federal
Toyota Yaris,Toyota Yaris 1.5 107cv S Cvt,17000.0,US$,2021,98.000 Km,Vicente López - Bs.As. G.B.A. Norte
Toyota Yaris,Toyota Yaris 1.5 107cv S Cvt,24500.0,US$,2025,18.000 Km,La Plata - Bs.As. G.B.A. Sur
Toyota Yaris,Toyota Yaris Xls Pack 1.5 Cvt,28500000.0,$,2019,61.987 Km,Bs.As. G.B.A. Norte
Toyota Yaris,Toyota Yaris 1.5 107cv S Cvt,21500.0,US$,2022,54.000 Km,Escobar - Bs.As. G.B.A. Norte
Toyota Yaris,Toyota Yaris 1.5 107cv Xls Pack Cvt,26000.0,US$,2024,10.200 Km,Malvinas Argentinas - Bs.As. G.B.A. Norte
Toyota Yaris,Toyota Yaris 1.5 107cv Xls Pack Cvt,21900.0,US$,2023,34.140 Km,Vicente López - Bs.As. G.B.A. Norte
Toyota Yaris,Toyota Yaris 1.5 107cv Xls Pack Cvt Sedan,17500.0,US$,2020,154.000 Km,Ituzaingó - Bs.As. G.B.A. Oeste
Toyota Yaris,Toyota Yaris 1.5 107cv Xls Pack Cvt,26800000.0,$,2022,65.500 Km,Tigre - Bs.As. G.B.A. Norte
Toyota Yaris,Toyota Yaris 1.5 107cv S Cvt,23500.0,US$,2023,25.000 Km,Capital Federal - Capital Federal
Toyota Yaris,Toyota Yaris 1.5 107cv S,34000000.0,$,2024,27.000 Km,Vicente López - Bs.As. G.B.A. Norte
Toyota Yaris,Toyota Yaris 1.5 107cv S Cvt,35500000.0,$,2025,9.200 Km,Pilar - Bs.As. G.B.A. Norte
Toyota Yaris,Toyota Yaris 1.5 107cv S Cvt,34900000.0,$,2025,1.000 Km,Capital Federal - Capital Federal
Toyota Yaris,Toyota Yaris 1.5 107cv S Cvt,40956000.0,$,2026,0 Km,General San Martín - Bs.As. G.B.A. Norte
Toyota Yaris,Toyota Yaris 1.5 107cv S Cvt,34999999.0,$,2024,40.000 Km,General San Martín - Bs.As. G.B.A. Norte
Toyota Yaris,Toyota Yaris 1.5 107cv Xls Cvt,23300.0,US$,2023,15.000 Km,Lanús - Bs.As. G.B.A. Sur
Toyota Yaris,Toyota Yaris 1.5 107cv Xls Cvt Sedan,26900000.0,$,2023,59.700 Km,Capital Federal - Capital Federal
Toyota Yaris,Toyota Yaris 1.5 107cv S Cvt,29000000.0,$,2019,63.000 Km,Capital Federal - Capital Federal
Toyota Yaris,Toyota Yaris 1.5 107cv Xs Cvt,34284000.0,$,2026,0 Km,Capital Federal - Capital Federal
Toyota Yaris,Toyota Yaris 1.5 107cv Xs Cvt,34284000.0,$,2026,0 Km,Capital Federal - Capital Federal
Toyota Yaris,Toyota Yaris 1.5 107cv Xs Cvt,32999900.0,$,2026,0 Km,Capital Federal - Capital Federal
Toyota Yaris,Toyota Yaris 1.5 107cv Xs Cvt,34284000.0,$,2026,0 Km,Capital Federal - Capital Federal
Toyota Yaris,Toyota Yaris 1.5 107cv Xs Cvt,35500000.0,$,2026,0 Km,Capital Federal - Capital Federal
Toyota Yaris,Toyota Yaris 1.5 107cv Xls Pack Cvt,33800000.0,$,2025,15.000 Km,San Miguel - Bs.As. G.B.A. Norte
Toyota Yaris,Toyota Yaris 1.5 107cv Xs,20900.0,US$,2023,1.100 Km,Capital Federal - Capital Federal
Toyota Yaris,Toyota Yaris 1.5 107cv Xls,24000.0,US$,2022,0 Km,Moreno - Bs.As. G.B.A. Oeste
Toyota Yaris,Toyota Yaris 1.5 107cv Xls Cvt,19500.0,US$,2022,50.000 Km,General San Martín - Bs.As. G.B.A. Norte
Toyota Yaris,Toyota Yaris 1.5 107cv S Cvt,29500000.0,$,2022,40.000 Km,Zárate - Buenos Aires Interior
Toyota Yaris,Toyota Yaris 1.5 107cv S Cvt,28300000.0,$,2019,37.400 Km,Capital Federal - Capital Federal
Toyota Yaris,Toyota Yaris 1.5 S Cvt,30830000.0,$,2022,36.666 Km,Malvinas Argentinas - Bs.As. G.B.A. Norte
Toyota Yaris,Toyota Yaris 1.5 107cv S Cvt,35500000.0,$,2025,8.500 Km,Castelar - Bs.As. G.B.A. Oeste
Toyota Yaris,Toyota Yaris 1.5 107cv S Cvt,18000.0,US$,2019,90.000 Km,Capital Federal - Capital Federal
Toyota Yaris,Toyota Yaris 1.5 107cv S Cvt,23000.0,US$,2024,31.000 Km,Morón - Bs.As. G.B.A. Oeste
Toyota Yaris,Toyota Yaris 1.5 107cv Xls,16800.0,US$,2019,54.500 Km,Avellaneda - Bs.As. G.B.A. Sur
Toyota Yaris,Toyota Yaris 1.5 107cv S Cvt,42300000.0,$,2025,0 Km,Capital Federal - Capital Federal
Toyota Yaris,Toyota Yaris 1.5 107cv S Cvt,40956000.0,$,2026,0 Km,Almirante Brown - Bs.As. G.B.A. Sur
Toyota Yaris,Toyota Yaris 1.5 107cv Xls Pack,19500.0,US$,2022,95.000 Km,La Matanza - Bs.As. G.B.A. Oeste
Toyota Yaris,Toyota Yaris 1.5 107cv S Cvt,25800000.0,$,2020,118.000 Km,Capital Federal - Capital Federal
Toyota Yaris,Toyota Yaris 1.5 107cv Xls Cvt,30500000.0,$,2022,13.000 Km,San Isidro - Bs.As. G.B.A. Norte
Toyota Yaris,Toyota Yaris 1.6t Gr 3p,67000.0,US$,2026,1.000 Km,Vicente López - Bs.As. G.B.A. Norte
Toyota Yaris,Toyota Yaris S 1.5 Cvt,19500.0,US$,2018,48.000 Km,La Matanza - Bs.As. G.B.A. Oeste
Toyota Yaris,Toyota Yaris 1.5 107cv Xls Sedan,19900000.0,$,2019,80.700 Km,Moreno - Bs.As. G.B.A. Oeste
Toyota Yaris,Toyota Yaris 1.5 107cv Xls Pack Cvt Sedan,24065430.0,$,2019,64.741 Km,Capital Federal - Capital Federal
Toyota Yaris,Toyota Yaris 1.5 107cv S Cvt,40956000.0,$,2026,0 Km,Vicente López - Bs.As. G.B.A. Norte
Toyota Yaris,Toyota Yaris 1.5 107cv Xls,18500.0,US$,2021,50.000 Km,Malvinas Argentinas - Bs.As. G.B.A. Norte
Toyota Yaris,Toyota Yaris 1.5 107cv Xls,24000000.0,$,2021,80.000 Km,Lanús - Bs.As. G.B.A. Sur
Toyota Yaris,Toyota Yaris 1.5 107cv Xls,32498000.0,$,2025,1.000 Km,San Isidro - Bs.As. G.B.A. Norte
Toyota Yaris,Toyota Yaris 1.5 107cv S,18000.0,US$,2019,113.000 Km,Berazategui - Bs.As. G.B.A. Sur
Toyota Yaris,Toyota Yaris 1.5 107cv Xls Cvt Sedan,25000000.0,$,2021,100.000 Km,Morón - Bs.As. G.B.A. Oeste
Toyota Yaris,Toyota Yaris 1.5 107cv Xls Cvt,33900000.0,$,2024,9.000 Km,Capital Federal - Capital Federal
Toyota Yaris,Toyota Yaris 1.5 107cv Xs Sedan,26700000.0,$,2024,29.200 Km,Malvinas Argentinas - Bs.As. G.B.A. Norte
Toyota Yaris,Toyota Yaris 1.5 107cv Xs Sedan,30000000.0,$,2025,6.000 Km,Tres De Febrero - Bs.As. G.B.A. Oeste
Toyota Yaris,Toyota Yaris 1.5 107cv Xs Sedan,21500000.0,$,2019,72.000 Km,San Isidro - Bs.As. G.B.A. Norte
Toyota Yaris,Toyota Yaris 1.5 107cv Xls Cvt,38084000.0,$,2026,0 Km,Lanús - Bs.As. G.B.A. Sur
Toyota Yaris,Toyota Yaris 1.5 107cv Xls Sedan,18000.0,US$,2021,72.000 Km,Capital Federal - Capital Federal
Toyota Yaris,Toyota Yaris 1.5 107cv Xs Cvt,32000000.0,$,2025,11.111 Km,La Plata - Bs.As. G.B.A. Sur
Toyota Yaris,Toyota Yaris 1.5 107cv S Cvt,39500000.0,$,2026,0 Km,Capital Federal - Capital Federal
Toyota Yaris,Toyota Yaris 1.5 107cv Xls Cvt,20900.0,US$,2022,59.200 Km,Castelar - Bs.As. G.B.A. Oeste
Toyota Yaris,Toyota Yaris 1.5 Xs Cvt,33410000.0,$,2025,8.533 Km,Tigre - Bs.As. G.B.A. Norte
Toyota Yaris,Toyota Yaris 1.5 Xs Cvt,32680000.0,$,2025,9.465 Km,Capital Federal - Capital Federal
Toyota Yaris,Toyota Yaris 1.5 107cv Xs Cvt,31900000.0,$,2025,9.900 Km,Almirante Brown - Bs.As. G.B.A. Sur
Toyota Yaris,Toyota Yaris 1.5 107cv Xs Cvt,31500000.0,$,2025,11.000 Km,Almirante Brown - Bs.As. G.B.A. Sur
Toyota Yaris,Toyota Yaris 1.5 107cv Xls Pack Cvt,25999.0,US$,2023,500 Km,La Matanza - Bs.As. G.B.A. Oeste
Toyota Yaris,Toyota Yaris 1.5 107cv Xs Cvt,30000000.0,$,2025,18.300 Km,Hurlingham - Bs.As. G.B.A. Oeste
Toyota Yaris,Toyota Yaris 1.5 107cv Xs Cvt,30000000.0,$,2024,36.000 Km,Almirante Brown - Bs.As. G.B.A. Sur
Toyota Yaris,Toyota Yaris 1.5 107cv Xls Pack Cvt,28000000.0,$,2020,59.600 Km,Capital Federal - Capital Federal
Toyota Yaris,Toyota Yaris 1.5 107cv S Cvt,28000000.0,$,2019,65.000 Km,La Matanza - Bs.As. G.B.A. Oeste
Toyota Yaris,Toyota Yaris 1.6 Gr,54000.0,US$,2021,6.800 Km,Quilmes - Bs.As. G.B.A. Sur
Toyota Yaris,Toyota Yaris 1.5 107cv Xls Cvt,16500.0,US$,2021,117.500 Km,Capital Federal - Capital Federal
Toyota Yaris,Toyota Yaris 1.5 107cv Xls Pack,27900000.0,$,2022,39.000 Km,Tigre - Bs.As. G.B.A. Norte
Toyota Yaris,Toyota Yaris 1.5 107cv Xls Pack Cvt Sedan,28000000.0,$,2020,55.000 Km,Vicente López - Bs.As. G.B.A. Norte
Toyota Yaris,Toyota Yaris 1.5 107cv Xs Cvt,31900000.0,$,2025,10.000 Km,Tigre - Bs.As. G.B.A. Norte
Toyota Yaris,Toyota Yaris 1.5 107cv Cvt,22900000.0,$,2017,42.000 Km,Lomas De Zamora - Bs.As. G.B.A. Sur
Toyota Yaris,Toyota Yaris 1.5 107cv S Cvt,20500.0,US$,2022,75.000 Km,La Plata - Bs.As. G.B.A. Sur
Toyota Yaris,Toyota Yaris 1.5 107cv Xs Cvt,34284000.0,$,2026,0 Km,Ezeiza - Bs.As. G.B.A. Sur
Toyota Yaris,Toyota Yaris 1.5 107cv Xs Cvt,29500000.0,$,2025,10.000 Km,Hurlingham - Bs.As. G.B.A. Oeste
Toyota Yaris,Toyota Yaris 1.5 107cv Xs Cvt,21350.0,US$,2025,26.500 Km,Capital Federal - Capital Federal
Toyota Yaris,Toyota Yaris 1.5 107cv S Cvt,18300.0,US$,2021,92.000 Km,Capital Federal - Capital Federal
Toyota Yaris,Toyota Yaris 1.5 107cv Xs Cvt,34284000.0,$,2025,0 Km,San Isidro - Bs.As. G.B.A. Norte
Toyota Yaris,Toyota Yaris 1.5 107cv S Cvt,31499999.0,$,2023,15.000 Km,Capital Federal - Capital Federal
Toyota Yaris,Toyota Yaris 1.5 107cv Xls Cvt Sedan,26000000.0,$,2023,60.000 Km,Capital Federal - Capital Federal
Toyota Yaris,Toyota Yaris 1.5 107cv Xls Sedan,21500000.0,$,2019,126.000 Km,Vicente López - Bs.As. G.B.A. Norte
Toyota Yaris,Toyota Yaris 1.5 Xls + Cvt,34800000.0,$,2025,12.082 Km,Capital Federal - Capital Federal
Toyota Yaris,Toyota Yaris 1.5 107cv Xls Cvt,36500000.0,$,2025,8.300 Km,Campana - Buenos Aires Interior
Toyota Yaris,Toyota Yaris 1.5 107cv S Cvt,29500.0,US$,2025,0 Km,Capital Federal - Capital Federal
Toyota Yaris,Toyota Yaris 1.5 107cv S,26500000.0,$,2019,75.525 Km,Mercedes - Buenos Aires Interior
Toyota Yaris,Toyota Yaris 1.5 107cv Xls Cvt Sedan,31000000.0,$,2024,17.709 Km,Tres De Febrero - Bs.As. G.B.A. Oeste
Toyota Yaris,Toyota Yaris 1.5 107cv Xs Cvt,24000.0,US$,2026,1.000 Km,San Isidro - Bs.As. G.B.A. Norte
Chevrolet Onix Plus,Chevrolet Onix Plus 1.0 Lt,26900000.0,$,2025,700 Km,Tigre - Bs.As. G.B.A. Norte
Chevrolet Onix Plus,Chevrolet Onix Plus 1.0 Turbo Premier At,37571900.0,$,2026,0 Km,
Chevrolet Onix Plus,Chevrolet Onix Plus 1.0 Lt,25539999.0,$,2025,0 Km,Capital Federal - Capital Federal
Chevrolet Onix Plus,Chevrolet Onix Plus 1.0 Lt,26060000.0,$,2026,0 Km,Capital Federal - Capital Federal
Chevrolet Onix Plus,Chevrolet Onix Plus 1.0 Turbo Premier At,30453999.0,$,2025,0 Km,Capital Federal - Capital Federal
Chevrolet Onix Plus,Chevrolet Onix Plus 1.0 Turbo Premier At,21490000.0,$,2022,125.101 Km,Capital Federal - Capital Federal
Chevrolet Onix Plus,Chevrolet Onix Plus 1.0 Turbo Premier At,31936115.0,$,2026,0 Km,Quilmes - Bs.As. G.B.A. Sur
Chevrolet Onix Plus,Chevrolet Onix Plus 1.0 Turbo Premier Mt,19500000.0,$,2020,82.000 Km,Capital Federal - Capital Federal
Chevrolet Onix Plus,Chevrolet Onix Plus 1.0 Lt,23020000.0,$,2026,0 Km,Capital Federal - Capital Federal
Chevrolet Onix Plus,Chevrolet Onix Plus 1.2,19900000.0,$,2024,11.925 Km,Capital Federal - Capital Federal
Chevrolet Onix Plus,Chevrolet Onix Plus 1.2 Lt,16990000.0,$,2021,99.177 Km,Capital Federal - Capital Federal
Chevrolet Onix Plus,Chevrolet Onix Plus 1.0 Lt,24999900.0,$,2025,0 Km,Capital Federal - Capital Federal
Chevrolet Onix Plus,Chevrolet Onix Plus 1.4 Black Edition,16500000.0,$,2022,103.222 Km,Capital Federal - Capital Federal
Chevrolet Onix Plus,Chevrolet Onix Plus 1.0 Turbo Premier At,29899900.0,$,2026,0 Km,Capital Federal - Capital Federal
Chevrolet Onix Plus,Chevrolet Onix Plus 1.0 Lt,25800000.0,$,2026,0 Km,Capital Federal - Capital Federal
Chevrolet Onix Plus,Chevrolet Onix Plus 1.0 Turbo Ltz At,29000000.0,$,2026,0 Km,Capital Federal - Capital Federal
Chevrolet Onix Plus,Chevrolet Onix Plus 1.0 Turbo Premier At,29900000.0,$,2025,2.500 Km,Capital Federal - Capital Federal
Chevrolet Onix Plus,Chevrolet Onix Plus 1.2 Lt Tech Onstar,21000000.0,$,2020,43.000 Km,Capital Federal - Capital Federal
Chevrolet Onix Plus,Chevrolet Onix Plus 1.2 Lt,16700000.0,$,2020,104.272 Km,Capital Federal - Capital Federal
Chevrolet Onix Plus,Chevrolet Onix Plus 1.4 Black Edition,9500.0,US$,2020,259.250 Km,Capital Federal - Capital Federal
Chevrolet Onix Plus,Chevrolet Onix Plus 1.0 Lt,25998900.0,$,2026,0 Km,Campana - Buenos Aires Interior
Chevrolet Onix Plus,Chevrolet Onix Plus 1.4 Black Edition,17500000.0,$,2021,86.000 Km,Cañuelas - Buenos Aires Interior
Chevrolet Onix Plus,Chevrolet Onix Plus 1.0 Turbo Premier At,25500000.0,$,2023,29.000 Km,General San Martín - Bs.As. G.B.A. Norte
Chevrolet Onix Plus,Chevrolet Onix Plus 1.0 Turbo Ltz At,24400000.0,$,2025,35.000 Km,San Isidro - Bs.As. G.B.A. Norte
Chevrolet Onix Plus,Chevrolet Onix Plus 1.0 Lt,24900000.0,$,2024,9.000 Km,Capital Federal - Capital Federal
Chevrolet Onix Plus,Chevrolet Onix Plus 1.0 Turbo Ltz At,29000000.0,$,2026,0 Km,Tigre - Bs.As. G.B.A. Norte
Chevrolet Onix Plus,Chevrolet Onix Plus 1.0 Turbo Premier At,27900000.0,$,2025,1.000 Km,Capital Federal - Capital Federal
Chevrolet Onix Plus,Chevrolet Onix Plus 1.0 Turbo Ltz Mt,19488000.0,$,2023,68.000 Km,Tigre - Bs.As. G.B.A. Norte
Chevrolet Onix Plus,Chevrolet Onix Plus 1.0 Lt,25999999.0,$,2026,0 Km,Tigre - Bs.As. G.B.A. Norte
Chevrolet Onix Plus,Chevrolet Onix Plus 1.0 Turbo Premier At,31936115.0,$,2026,0 Km,Castelar - Bs.As. G.B.A. Oeste
Chevrolet Onix Plus,Chevrolet Onix Plus 1.0 Turbo Premier At,31390000.0,$,2026,0 Km,Capital Federal - Capital Federal
Chevrolet Onix Plus,Chevrolet Onix Plus 1.0 Lt,28355310.0,$,2026,0 Km,Capital Federal - Capital Federal
Chevrolet Onix Plus,Chevrolet Onix Plus 1.0 Lt,28355310.0,$,2026,0 Km,Vicente López - Bs.As. G.B.A. Norte
Chevrolet Onix Plus,Chevrolet Onix Plus 1.0 Lt,28355310.0,$,2026,0 Km,La Matanza - Bs.As. G.B.A. Oeste
Chevrolet Onix Plus,Chevrolet Onix Plus 1.0 Lt,28355310.0,$,2026,0 Km,Capital Federal - Capital Federal
Chevrolet Onix Plus,Chevrolet Onix Plus 1.0 Lt,28355310.0,$,2026,0 Km,Capital Federal - Capital Federal
Chevrolet Onix Plus,Chevrolet Onix Plus 1.0 Lt,28355310.0,$,2026,0 Km,Capital Federal - Capital Federal
Chevrolet Onix Plus,Chevrolet Onix Plus 1.0 Lt,28355310.0,$,2026,0 Km,Hurlingham - Bs.As. G.B.A. Oeste
Chevrolet Onix Plus,Chevrolet Onix Plus 1.0 Lt,28355310.0,$,2026,0 Km,La Plata - Bs.As. G.B.A. Sur
Chevrolet Onix Plus,Chevrolet Onix Plus 1.0 Lt,28355310.0,$,2026,0 Km,Capital Federal - Capital Federal
Chevrolet Onix Plus,Chevrolet Onix Plus 1.0 Lt,28355310.0,$,2026,0 Km,Castelar - Bs.As. G.B.A. Oeste
Chevrolet Onix Plus,Chevrolet Onix Plus 1.0 Lt,28355310.0,$,2026,0 Km,Capital Federal - Capital Federal
Chevrolet Onix Plus,Chevrolet Onix Plus 1.0 Lt,28355310.0,$,2026,0 Km,Capital Federal - Capital Federal
Chevrolet Onix Plus,Chevrolet Onix Plus 1.0 Lt,28355310.0,$,2026,0 Km,Capital Federal - Capital Federal
Chevrolet Onix Plus,Chevrolet Onix Plus 1.0 Lt,28355310.0,$,2026,0 Km,Capital Federal - Capital Federal
Chevrolet Onix Plus,Chevrolet Onix Plus 1.0 Lt,28355310.0,$,2026,0 Km,Ezeiza - Bs.As. G.B.A. Sur
Chevrolet Onix Plus,Chevrolet Onix Plus 1.0 Lt,28355310.0,$,2026,0 Km,La Matanza - Bs.As. G.B.A. Oeste
Chevrolet Onix Plus,Chevrolet Onix Plus 1.0 Lt,28355310.0,$,2026,0 Km,Capital Federal - Capital Federal
Chevrolet Onix Plus,Chevrolet Onix Plus 1.0 Lt,28355310.0,$,2026,0 Km,Capital Federal - Capital Federal
Chevrolet Onix Plus,Chevrolet Onix Plus 1.0 Lt,25200000.0,$,2026,0 Km,Capital Federal - Capital Federal
Chevrolet Onix Plus,Chevrolet Onix Plus 1.0 Lt,25998990.0,$,2026,0 Km,Escobar - Bs.As. G.B.A. Norte
Chevrolet Onix Plus,Chevrolet Onix Plus 1.0 Lt,24999900.0,$,2026,0 Km,Capital Federal - Capital Federal
Chevrolet Onix Plus,Chevrolet Onix Plus 1.0 Turbo Ltz At,31921148.0,$,2026,0 Km,Capital Federal - Capital Federal
Chevrolet Onix Plus,Chevrolet Onix Plus 1.0 Turbo Ltz At,31921148.0,$,2026,0 Km,Capital Federal - Capital Federal
Chevrolet Onix Plus,Chevrolet Onix Plus 1.0 Turbo Ltz At,31921148.0,$,2026,0 Km,Capital Federal - Capital Federal
Chevrolet Onix Plus,Chevrolet Onix Plus 1.0 Turbo Ltz At,31921148.0,$,2026,0 Km,Almirante Brown - Bs.As. G.B.A. Sur
Chevrolet Onix Plus,Chevrolet Onix Plus 1.0 Turbo Ltz At,31921148.0,$,2026,0 Km,La Matanza - Bs.As. G.B.A. Oeste
Chevrolet Onix Plus,Chevrolet Onix Plus 1.0 Turbo Ltz At,31921148.0,$,2026,0 Km,Capital Federal - Capital Federal
Chevrolet Onix Plus,Chevrolet Onix Plus 1.0 Turbo Ltz At,31921148.0,$,2026,0 Km,Capital Federal - Capital Federal
Chevrolet Onix Plus,Chevrolet Onix Plus 1.0 Turbo Ltz At,31921148.0,$,2026,0 Km,Capital Federal - Capital Federal
Chevrolet Onix Plus,Chevrolet Onix Plus 1.0 Turbo Ltz At,31921148.0,$,2026,0 Km,Capital Federal - Capital Federal
Chevrolet Onix Plus,Chevrolet Onix Plus 1.0 Turbo Ltz At,31921148.0,$,2026,0 Km,Capital Federal - Capital Federal
Chevrolet Onix Plus,Chevrolet Onix Plus 1.0 Turbo Ltz At,31921148.0,$,2026,0 Km,Vicente López - Bs.As. G.B.A. Norte
Chevrolet Onix Plus,Chevrolet Onix Plus 1.0 Turbo Ltz At,31921148.0,$,2026,0 Km,Capital Federal - Capital Federal
Chevrolet Onix Plus,Chevrolet Onix Plus 1.0 Turbo Ltz At,28999999.0,$,2026,0 Km,Capital Federal - Capital Federal
Chevrolet Onix Plus,Chevrolet Onix Plus 1.2 Lt,18000000.0,$,2020,57.000 Km,Lanús - Bs.As. G.B.A. Sur
Chevrolet Onix Plus,Chevrolet Onix Plus 1.0 Turbo Premier At,22988000.0,$,2022,55.000 Km,Tigre - Bs.As. G.B.A. Norte
Chevrolet Onix Plus,Chevrolet Onix Plus 1.0 Lt,27500000.0,$,2025,12.200 Km,Escobar - Bs.As. G.B.A. Norte
Chevrolet Onix Plus,Chevrolet Onix Plus 1.0 Turbo Premier At,31936115.0,$,2026,0 Km,Capital Federal - Capital Federal
Chevrolet Onix Plus,Chevrolet Onix Plus 1.0 Turbo Premier At,31936115.0,$,2026,0 Km,Capital Federal - Capital Federal
Chevrolet Onix Plus,Chevrolet Onix Plus 1.0 Turbo Premier At,31936115.0,$,2026,0 Km,Capital Federal - Capital Federal
Chevrolet Onix Plus,Chevrolet Onix Plus 1.0 Turbo Premier At,31936115.0,$,2026,0 Km,Capital Federal - Capital Federal
Chevrolet Onix Plus,Chevrolet Onix Plus 1.0 Turbo Premier At,31936115.0,$,2026,0 Km,Capital Federal - Capital Federal
Chevrolet Onix Plus,Chevrolet Onix Plus 1.0 Turbo Premier At,31936115.0,$,2026,0 Km,Capital Federal - Capital Federal
Chevrolet Onix Plus,Chevrolet Onix Plus 1.0 Turbo Premier At,30300000.0,$,2026,0 Km,Capital Federal - Capital Federal
Chevrolet Onix Plus,Chevrolet Onix Plus 1.0 Turbo Premier At,30899900.0,$,2026,0 Km,Malvinas Argentinas - Bs.As. G.B.A. Norte
Chevrolet Onix Plus,Chevrolet Onix Plus 1.0 Turbo Premier At,30900000.0,$,2026,0 Km,Tigre - Bs.As. G.B.A. Norte
Chevrolet Onix Plus,Chevrolet Onix Plus 1.2 Lt,17500000.0,$,2020,33.000 Km,Lanús - Bs.As. G.B.A. Sur
Chevrolet Onix Plus,Chevrolet Onix Plus 1.0 Turbo Premier Mt,15800.0,US$,2020,23.200 Km,Merlo - Bs.As. G.B.A. Oeste
Chevrolet Onix Plus,Chevrolet Onix Plus 1.0 Lt,25400000.0,$,2026,0 Km,Tres De Febrero - Bs.As. G.B.A. Oeste
Chevrolet Onix Plus,Chevrolet Onix Plus 1.0 Turbo Premier At,31000001.0,$,2026,0 Km,Capital Federal - Capital Federal
Chevrolet Onix Plus,Chevrolet Onix Plus 1.0 Turbo Ltz At,31921148.0,$,2026,0 Km,La Matanza - Bs.As. G.B.A. Oeste
Chevrolet Onix Plus,Chevrolet Onix Plus 1.0 Turbo Premier At,21000000.0,$,2021,80.000 Km,La Plata - Bs.As. G.B.A. Sur
Chevrolet Onix Plus,Chevrolet Onix Plus 1.0 Turbo Premier At,23800000.0,$,2020,31.000 Km,La Matanza - Bs.As. G.B.A. Oeste
Chevrolet Onix Plus,Chevrolet Onix Plus 1.2 Lt,21000000.0,$,2021,41.773 Km,Lanús - Bs.As. G.B.A. Sur
Chevrolet Onix Plus,Chevrolet Onix Plus 1.2 Lt,18700000.0,$,2023,66.000 Km,Pilar - Bs.As. G.B.A. Norte
Chevrolet Onix Plus,Chevrolet Onix Plus 1.0 Turbo Premier Mt,21500000.0,$,2020,45.000 Km,La Matanza - Bs.As. G.B.A. Oeste
Chevrolet Onix Plus,Chevrolet Onix Plus 1.4 Black Edition,18500000.0,$,2020,78.238 Km,Escobar - Bs.As. G.B.A. Norte
Chevrolet Onix Plus,Chevrolet Onix Plus 1.0 Turbo Premier At,20500000.0,$,2020,100.000 Km,Quilmes - Bs.As. G.B.A. Sur
Chevrolet Onix Plus,Chevrolet Onix Plus 1.0 Turbo Premier At,20900000.0,$,2020,77.000 Km,Capital Federal - Capital Federal
Chevrolet Onix Plus,Chevrolet Onix Plus 1.2,21000000.0,$,2023,95.500 Km,Lanús - Bs.As. G.B.A. Sur
Chevrolet Onix Plus,Chevrolet Onix Plus 1.2 Lt,15000000.0,$,2020,112.300 Km,Luján - Buenos Aires Interior
Chevrolet Onix Plus,Chevrolet Onix Plus 1.0 Lt,25400000.0,$,2026,0 Km,Capital Federal - Capital Federal
Chevrolet Onix Plus,Chevrolet Onix Plus 1.0 Lt,25400000.0,$,2026,0 Km,Capital Federal - Capital Federal
Chevrolet Onix Plus,Chevrolet Onix Plus 1.2 Lt Tech Onstar,15500000.0,$,2020,113.000 Km,Pilar - Bs.As. G.B.A. Norte
Chevrolet Onix Plus,Chevrolet Onix Plus 1.0 Lt,24900000.0,$,2024,9.000 Km,Capital Federal - Capital Federal
Chevrolet Onix Plus,Chevrolet Onix Plus 1.2 Lt,16500000.0,$,2020,108.000 Km,La Matanza - Bs.As. G.B.A. Oeste
Chevrolet Onix Plus,Chevrolet Onix Plus 1.0 Turbo Ltz At,28199900.0,$,2026,0 Km,Capital Federal - Capital Federal
Chevrolet Onix Plus,Chevrolet Onix Plus 1.2,18500000.0,$,2021,36.000 Km,Capital Federal - Capital Federal
Chevrolet Onix Plus,Chevrolet Onix Plus 1.0 Lt,25000000.0,$,2025,10.000 Km,Hurlingham - Bs.As. G.B.A. Oeste
Chevrolet Onix Plus,Chevrolet Onix Plus 1.0 Turbo Premier At,30600000.0,$,2026,0 Km,Capital Federal - Capital Federal
Chevrolet Onix Plus,Chevrolet Onix Plus 1.0 Turbo Premier At,30600000.0,$,2026,0 Km,Capital Federal - Capital Federal
Chevrolet Onix Plus,Chevrolet Onix Plus 1.0 Turbo Premier At,30600000.0,$,2026,0 Km,Tres De Febrero - Bs.As. G.B.A. Oeste
Chevrolet Onix Plus,Chevrolet Onix Plus 1.0 Turbo Premier At,31500000.0,$,2026,0 Km,Capital Federal - Capital Federal
Chevrolet Onix Plus,Chevrolet Onix Plus 1.4 Base,19500000.0,$,2021,67.130 Km,La Matanza - Bs.As. G.B.A. Oeste
Chevrolet Onix Plus,Chevrolet Onix Plus 1.0 Lt,25090000.0,$,2025,0 Km,Capital Federal - Capital Federal
Chevrolet Onix Plus,Chevrolet Onix Plus 1.2,17900000.0,$,2020,72.000 Km,Berazategui - Bs.As. G.B.A. Sur
Chevrolet Onix Plus,Chevrolet Onix Plus 1.0 Turbo Premier At,23900000.0,$,2020,36.000 Km,Tigre - Bs.As. G.B.A. Norte
Chevrolet Onix Plus,Chevrolet Onix Plus 1.0 Turbo Premier At,33475412.0,$,2025,0 Km,Pilar - Buenos Aires Interior
Chevrolet Onix Plus,Chevrolet Onix Plus 1.2 Lt,18390000.0,$,2021,58.600 Km,Capital Federal - Capital Federal
Chevrolet Onix Plus,Chevrolet Onix Plus 1.2 Lt,22000000.0,$,2021,110.000 Km,Avellaneda - Bs.As. G.B.A. Sur
Chevrolet Onix Plus,Chevrolet Onix Plus 1.2 Lt Tech Onstar,19200000.0,$,2020,35.000 Km,Capital Federal - Capital Federal
Chevrolet Onix Plus,Chevrolet Onix Plus 1.0 Turbo Premier At,21500000.0,$,2021,78.000 Km,La Plata - Bs.As. G.B.A. Sur
Chevrolet Onix Plus,Chevrolet Onix Plus 1.2 Lt Tech Onstar,17500000.0,$,2021,84.000 Km,San Miguel - Bs.As. G.B.A. Norte
Chevrolet Onix Plus,Chevrolet Onix Plus 1.0 Turbo Premier At,28350000.0,$,2023,21.000 Km,Capital Federal - Capital Federal
Chevrolet Onix Plus,Chevrolet Onix Plus 1.0 Turbo Ltz At,30400000.0,$,2026,0 Km,Lanús - Bs.As. G.B.A. Sur
Chevrolet Onix Plus,Chevrolet Onix Plus 1.0 Turbo Lt,25400000.0,$,2026,0 Km,Capital Federal - Capital Federal
Chevrolet Onix Plus,Chevrolet Onix Plus 1.0 Turbo Ltz At,19000.0,US$,2025,24.880 Km,Capital Federal - Capital Federal
Chevrolet Onix Plus,Chevrolet Onix Plus 1.0 Turbo Ltz At,27000000.0,$,2025,24.880 Km,Capital Federal - Capital Federal
Chevrolet Onix Plus,Chevrolet Onix Plus 1.2,16000.0,US$,2023,74.019 Km,Escobar - Bs.As. G.B.A. Norte
Chevrolet Onix Plus,Chevrolet Onix Plus 1.2 Mt,17000000.0,$,2020,93.000 Km,Capital Federal - Capital Federal
Chevrolet Onix Plus,Chevrolet Onix Plus 1.0 Turbo Premier At,20900000.0,$,2020,92.635 Km,Capital Federal - Capital Federal
Chevrolet Onix Plus,Chevrolet Onix Plus 1.0 Lt,25400000.0,$,2026,0 Km,Capital Federal - Capital Federal
Chevrolet Onix Plus,Chevrolet Onix Plus 1.0 Lt,25400000.0,$,2026,0 Km,Capital Federal - Capital Federal
Chevrolet Onix Plus,Chevrolet Onix Plus 1.0 Lt,26478797.0,$,2026,0 Km,La Plata - Bs.As. G.B.A. Sur
Chevrolet Onix Plus,Chevrolet Onix Plus 1.2 Lt,19500000.0,$,2020,83.000 Km,Campana - Buenos Aires Interior
Chevrolet Onix Plus,Chevrolet Onix Plus 1.0 Turbo Premier At,30600000.0,$,2026,0 Km,Capital Federal - Capital Federal
Chevrolet Onix Plus,Chevrolet Onix Plus 1.0 Turbo Premier At,32275000.0,$,2026,0 Km,Capital Federal - Capital Federal
Chevrolet Onix Plus,Chevrolet Onix Plus 1.0 Turbo Premier At,29323000.0,$,2026,0 Km,Capital Federal - Capital Federal
Chevrolet Onix Plus,Chevrolet Onix Plus 1.0 Turbo Premier Mt,22000000.0,$,2020,49.000 Km,Lanús - Bs.As. G.B.A. Sur
Chevrolet Onix Plus,Chevrolet Onix Plus 1.2,14500.0,US$,2024,22.000 Km,Castelar - Bs.As. G.B.A. Oeste
Chevrolet Onix Plus,Chevrolet Onix Plus 1.4 Black Edition,21000000.0,$,2023,28.000 Km,Malvinas Argentinas - Bs.As. G.B.A. Norte
Chevrolet Onix Plus,Chevrolet Onix Plus 1.0 Turbo Premier At,30900000.0,$,2024,2.500 Km,Capital Federal - Capital Federal
Chevrolet Onix Plus,Chevrolet Onix Plus 1.4 Joy,17000000.0,$,2020,72.000 Km,Lanús - Bs.As. G.B.A. Sur
Chevrolet Onix Plus,Chevrolet Onix Plus 1.2 Lt,20000000.0,$,2020,34.000 Km,Esteban Echeverría - Bs.As. G.B.A. Sur
Chevrolet Onix Plus,Chevrolet Onix Plus 1.0 Turbo Premier At,21500000.0,$,2021,68.710 Km,Capital Federal - Capital Federal
Chevrolet Onix Plus,Chevrolet Onix Plus 1.0 Turbo Premier At,19750000.0,$,2020,70.000 Km,Capital Federal - Capital Federal
Chevrolet Onix Plus,Chevrolet Onix Plus 1.4 Joy,14900.0,US$,2020,12.000 Km,Capital Federal - Capital Federal
Chevrolet Onix Plus,Chevrolet Onix Plus 1.0 Turbo Premier At,21900000.0,$,2020,53.000 Km,Morón - Bs.As. G.B.A. Oeste
Chevrolet Onix Plus,Chevrolet Onix Plus 1.4 Black Edition,18490000.0,$,2021,38.000 Km,Avellaneda - Bs.As. G.B.A. Sur
Chevrolet Onix Plus,Chevrolet Onix Plus 1.2 Lt Tech Onstar,21300000.0,$,2023,74.000 Km,Caseros - Bs.As. G.B.A. Oeste
Chevrolet Onix Plus,Chevrolet Onix Plus 1.0 Turbo Ltz At,18999.0,US$,2022,51.000 Km,Vicente López - Bs.As. G.B.A. Norte
Chevrolet Onix Plus,Chevrolet Onix Plus 1.2 Lt,23750000.0,$,2023,22.000 Km,Capital Federal - Capital Federal
Chevrolet Onix Plus,Chevrolet Onix Plus 1.4 Black Edition,17000000.0,$,2020,71.000 Km,Mar Del Plata - Bs.As. Costa Atlántica
Chevrolet Onix Plus,Chevrolet Onix Plus 1.0 Turbo Premier At,33000000.0,$,2025,0 Km,Córdoba - Córdoba
Chevrolet Onix Plus,Chevrolet Onix Plus 1.2 Lt,16000000.0,$,2020,81.000 Km,Maracó - La Pampa
Chevrolet Onix Plus,Chevrolet Onix Plus Onix Plus 1.0t At Ltz,26250000.0,$,2025,29.048 Km,Bariloche - Río Negro
Chevrolet Onix Plus,Chevrolet Onix Plus 1.2 Lt Tech,19500000.0,$,2020,87.415 Km,Pinamar - Província De Buenos Aires
Chevrolet Onix Plus,Chevrolet Onix Plus 1.0 Turbo Ltz At,31921148.0,$,2026,0 Km,San Bernardo - Bs.As. Costa Atlántica
Chevrolet Onix Plus,Chevrolet Onix Plus 1.0 Lt,27500000.0,$,2026,0 Km,Córdoba - Córdoba
Chevrolet Onix Plus,Chevrolet Onix Plus 1.2 Lt,19900000.0,$,2023,60.000 Km,Mar Del Plata - Bs.As. Costa Atlántica
Chevrolet Onix Plus,Chevrolet Onix Plus 1.2 Lt,18600000.0,$,2020,90.000 Km,25 De Mayo - Buenos Aires Interior
Chevrolet Onix Plus,Chevrolet Onix Plus 1.2 Lt Tech Onstar,18500000.0,$,2020,111.000 Km,San Miguel De Tucumán - Tucumán
Chevrolet Onix Plus,Chevrolet Onix Plus 1.0 Lt,28355310.0,$,2026,0 Km,Mar Del Plata - Bs.As. Costa Atlántica
Chevrolet Onix Plus,Chevrolet Onix Plus 1.2 Ls,17899000.0,$,2020,81.000 Km,Córdoba - Córdoba
Chevrolet Onix Plus,Chevrolet Onix Plus 1.0 Turbo Premier At,32800000.0,$,2026,0 Km,Córdoba - Córdoba
Chevrolet Onix Plus,Chevrolet Onix Plus 1.2 Lt Tech Onstar,19000000.0,$,2020,112.000 Km,Paraná - Entre Ríos
Chevrolet Onix Plus,Chevrolet Onix Plus 1.0 Turbo Premier At,35000000.0,$,2026,0 Km,Córdoba - Córdoba
Chevrolet Onix Plus,Chevrolet Onix Plus 1.2 Lt Tech,14900.0,US$,2021,45.000 Km,Mar Del Plata - Bs.As. Costa Atlántica
Chevrolet Onix Plus,Chevrolet Onix Plus 1.2 Lt Tech Onstar,17500000.0,$,2020,170.000 Km,Córdoba - Córdoba
Chevrolet Onix Plus,Chevrolet Onix Plus 1.2 Lt Tech,18500000.0,$,2020,108.392 Km,Paraná - Entre Ríos
Chevrolet Onix Plus,Chevrolet Onix Plus 1.0 Turbo Ltz At,24750000.0,$,2023,25.000 Km,Tapalqué - Buenos Aires Interior
Chevrolet Onix Plus,Chevrolet Onix Plus 1.2 Lt Tech,18500000.0,$,2020,75.000 Km,Santo Tomé - Santa Fe
Chevrolet Onix Plus,Chevrolet Onix Plus 1.0 Lt,28355310.0,$,2026,0 Km,Azul - Buenos Aires Interior
Chevrolet Onix Plus,Chevrolet Onix Plus 1.0 Lt,28355310.0,$,2026,0 Km,Las Toninas - Bs.As. Costa Atlántica
Chevrolet Onix Plus,Chevrolet Onix Plus 1.0 Lt,28355310.0,$,2026,0 Km,Ayacucho - Buenos Aires Interior
Chevrolet Onix Plus,Chevrolet Onix Plus 1.0 Lt,26600000.0,$,2026,0 Km,Concordia - Entre Ríos
Chevrolet Onix Plus,Chevrolet Onix Plus 1.0 Turbo Ltz At,31921148.0,$,2026,0 Km,Olavarría - Buenos Aires Interior
Chevrolet Onix Plus,Chevrolet Onix Plus 1.0 Turbo Ltz At,29700000.0,$,2026,0 Km,Concordia - Entre Ríos
Chevrolet Onix Plus,Chevrolet Onix Plus 1.0 Turbo Premier Mt,19500000.0,$,2020,80.000 Km,Oncativo - Córdoba
Chevrolet Onix Plus,Chevrolet Onix Plus 1.0 Turbo Premier At,31936115.0,$,2026,0 Km,Rauch - Buenos Aires Interior
Chevrolet Onix Plus,Chevrolet Onix Plus 1.0 Turbo Premier At,31936115.0,$,2026,0 Km,Las Toninas - Bs.As. Costa Atlántica
Chevrolet Onix Plus,Chevrolet Onix Plus 1.4 Black Edition,18900000.0,$,2023,45.000 Km,Punilla - Córdoba
Chevrolet Onix Plus,Chevrolet Onix Plus 1.0 Turbo Ltz Mt,24400000.0,$,2024,114.925 Km,Concordia - Entre Ríos
Chevrolet Onix Plus,Chevrolet Onix Plus 1.0 Turbo Premier I Mt,18500000.0,$,2020,106.600 Km,Córdoba - Córdoba
Chevrolet Onix Plus,Chevrolet Onix Plus 1.2 Lt Tech,23000000.0,$,2023,78.000 Km,Córdoba - Córdoba
Chevrolet Onix Plus,Chevrolet Onix Plus 1.2 Lt Tech Onstar,19000000.0,$,2020,112.000 Km,Paraná - Entre Ríos
Chevrolet Onix Plus,Chevrolet Onix Plus 1.0 Turbo Premier At,18350.0,US$,2024,33.000 Km,Concordia - Entre Ríos
Chevrolet Onix Plus,Chevrolet Onix Plus 1.0 Turbo Premier At,31600000.0,$,2026,0 Km,Concordia - Entre Ríos
Chevrolet Onix Plus,Chevrolet Onix Plus 1.4 Black Edition,19500000.0,$,2023,35.000 Km,Cruz Del Eje - Córdoba
Chevrolet Prisma,Chevrolet Prisma 1.4 Ltz At 98cv,15000000.0,$,2016,88.000 Km,Lomas De Zamora - Bs.As. G.B.A. Sur
Chevrolet Prisma,Chevrolet Prisma 1.4 Joy Ls 98cv,9150.0,US$,2018,90.000 Km,San Isidro - Bs.As. G.B.A. Norte
Chevrolet Prisma,Chevrolet Prisma 1.4 Joy Ls 98cv,12000000.0,$,2018,214.000 Km,Capital Federal - Capital Federal
Chevrolet Prisma,Chevrolet Prisma 1.4 Joy Ls 98cv,12500000.0,$,2018,125.000 Km,Capital Federal - Capital Federal
Chevrolet Prisma,Chevrolet Prisma 1.4 Ltz 98cv,11800.0,US$,2018,160.000 Km,Morón - Bs.As. G.B.A. Oeste
Chevrolet Prisma,Chevrolet Prisma 1.4 Ltz 98cv,12900000.0,$,2015,148.000 Km,Capital Federal - Capital Federal
Chevrolet Prisma,Chevrolet Prisma 1.4 Joy Ls 98cv,14300000.0,$,2017,114.000 Km,Capital Federal - Capital Federal
Chevrolet Prisma,Chevrolet Prisma 1.4 Lt 98cv,16800000.0,$,2019,85.000 Km,Lomas De Zamora - Bs.As. G.B.A. Sur
Chevrolet Prisma,Chevrolet Prisma 1.4 Ltz 98cv,15100000.0,$,2017,112.000 Km,Capital Federal - Capital Federal
Chevrolet Prisma,Chevrolet Prisma 1.4 Lt 98cv,15800000.0,$,2019,95.127 Km,Hurlingham - Bs.As. G.B.A. Oeste
Chevrolet Prisma,Chevrolet Prisma 1.4 Ltz 98cv,12900000.0,$,2013,125.000 Km,Lanús - Bs.As. G.B.A. Sur
Chevrolet Prisma,Chevrolet Prisma 1.4 Lt 98cv,11500.0,US$,2020,144.000 Km,Capital Federal - Capital Federal
Chevrolet Prisma,Chevrolet Prisma 1.4 Ls,13420000.0,$,2019,135.000 Km,Capital Federal - Capital Federal
Chevrolet Prisma,Chevrolet Prisma 1.4 Lt 98cv,10250000.0,$,2016,270.000 Km,Capital Federal - Capital Federal
Chevrolet Prisma,Chevrolet Prisma 1.4 Ltz 98cv,11800.0,US$,2018,97.000 Km,Almirante Brown - Bs.As. G.B.A. Sur
Chevrolet Prisma,Chevrolet Prisma 1.4 Joy Ls 98cv,14500000.0,$,2020,105.000 Km,Capital Federal - Capital Federal
Chevrolet Prisma,Chevrolet Prisma 1.4 Joy Ls 98cv,9990.0,US$,2017,75.000 Km,Tigre - Bs.As. G.B.A. Norte
Chevrolet Prisma,Chevrolet Prisma 1.4 Lt 98cv,16000000.0,$,2018,120.000 Km,Avellaneda - Bs.As. G.B.A. Sur
Chevrolet Prisma,Chevrolet Prisma 1.4 Lt 98cv,11000000.0,$,2015,125.000 Km,Capital Federal - Capital Federal
Chevrolet Prisma,Chevrolet Prisma 1.4 Ltz 98cv,15500000.0,$,2016,96.000 Km,Capital Federal - Capital Federal
Chevrolet Prisma,Chevrolet Prisma 1.4 Joy Ls 98cv,14000000.0,$,2018,71.000 Km,La Matanza - Bs.As. G.B.A. Oeste
Chevrolet Prisma,Chevrolet Prisma 1.4 Joy Ls 98cv,15900000.0,$,2018,166.000 Km,Capital Federal - Capital Federal
Chevrolet Prisma,Chevrolet Prisma 1.4 Joy Ls,15500000.0,$,2019,95.000 Km,General San Martín - Bs.As. G.B.A. Norte
Chevrolet Prisma,Chevrolet Prisma 1.4 Lt 98cv,17499999.0,$,2018,117.000 Km,Cañuelas - Buenos Aires Interior
Chevrolet Prisma,Chevrolet Prisma 1.4 Lt 98cv,10890000.0,$,2015,147.000 Km,Capital Federal - Capital Federal
Chevrolet Prisma,Chevrolet Prisma 1.4 Lt 98cv,11000000.0,$,2013,128.000 Km,Escobar - Bs.As. G.B.A. Norte
Chevrolet Prisma,Chevrolet Prisma 1.4 Ltz 98cv,14000000.0,$,2015,98.000 Km,La Matanza - Bs.As. G.B.A. Oeste
Chevrolet Prisma,Chevrolet Prisma 1.4 Ltz 98cv,12700.0,US$,2017,92.305 Km,Morón - Bs.As. G.B.A. Oeste
Chevrolet Prisma,Chevrolet Prisma 1.4 Joy Ls 98cv,15888000.0,$,2018,120.400 Km,Quilmes - Bs.As. G.B.A. Sur
Chevrolet Prisma,Chevrolet Prisma 1.4 Ls+,15310000.0,$,2017,64.451 Km,Tigre - Bs.As. G.B.A. Norte
Chevrolet Prisma,Chevrolet Prisma 1.4 Lt 98cv,13785857.0,$,2017,156.200 Km,Moreno - Bs.As. G.B.A. Oeste
Chevrolet Prisma,Chevrolet Prisma 1.4 Lt 98cv,11300000.0,$,2013,83.000 Km,Capital Federal - Capital Federal
Chevrolet Prisma,Chevrolet Prisma 1.4 Joy Ls 98cv,12900000.0,$,2016,89.000 Km,Tres De Febrero - Bs.As. G.B.A. Oeste
Chevrolet Prisma,Chevrolet Prisma 1.4 Lt 98cv,13500000.0,$,2016,179.000 Km,La Plata - Bs.As. G.B.A. Sur
Chevrolet Prisma,Chevrolet Prisma 1.4 Ltz 98cv,15000000.0,$,2017,118.451 Km,San Isidro - Bs.As. G.B.A. Norte
Chevrolet Prisma,Chevrolet Prisma 1.4 Lt 98cv,14500000.0,$,2018,80.000 Km,La Matanza - Bs.As. G.B.A. Oeste
Chevrolet Prisma,Chevrolet Prisma 1.4 Lt 98cv,12000.0,US$,2019,104.000 Km,Hurlingham - Bs.As. G.B.A. Oeste
Chevrolet Prisma,Chevrolet Prisma 1.4 Lt 98cv,16800000.0,$,2019,95.000 Km,Hurlingham - Bs.As. G.B.A. Oeste
Chevrolet Prisma,Chevrolet Prisma 1.4 Ls+,14580000.0,$,2017,47.154 Km,Malvinas Argentinas - Bs.As. G.B.A. Norte
Chevrolet Prisma,Chevrolet Prisma 1.4 Joy Ls,11500.0,US$,2019,88.000 Km,Berazategui - Bs.As. G.B.A. Sur
Chevrolet Prisma,Chevrolet Prisma 1.4 Joy Ls 98cv,12900000.0,$,2018,113.000 Km,Tres De Febrero - Bs.As. G.B.A. Oeste
Chevrolet Prisma,Chevrolet Prisma 1.4 Ltz At 98cv,13000000.0,$,2014,113.000 Km,Capital Federal - Capital Federal
Chevrolet Prisma,Chevrolet Prisma 1.4 Lt 98cv,13000000.0,$,2016,216.000 Km,Tigre - Bs.As. G.B.A. Norte
Chevrolet Prisma,Chevrolet Prisma 1.4 Lt 98cv,17500000.0,$,2018,76.000 Km,Capital Federal - Capital Federal
Chevrolet Prisma,Chevrolet Prisma 1.4 Lt 98cv,14000000.0,$,2017,170.000 Km,Capital Federal - Capital Federal
Chevrolet Prisma,Chevrolet Prisma 1.4 Lt 98cv,11900.0,US$,2020,146.000 Km,Capital Federal - Capital Federal
Chevrolet Prisma,Chevrolet Prisma 1.4 Ltz 98cv,12000000.0,$,2014,119.000 Km,Capital Federal - Capital Federal
Chevrolet Prisma,Chevrolet Prisma 1.4 Joy Ls,14500.0,US$,2020,70.000 Km,General Rodríguez - Bs.As. G.B.A. Oeste
Chevrolet Prisma,Chevrolet Prisma 1.4 Ltz 98cv,12500000.0,$,2014,175.000 Km,Capital Federal - Capital Federal
Chevrolet Prisma,Chevrolet Prisma 1.4 Joy Ls 98cv,10800000.0,$,2018,130.000 Km,Capital Federal - Capital Federal
Chevrolet Prisma,Chevrolet Prisma 1.4 Ltz At 98cv,12500.0,US$,2018,138.737 Km,Ituzaingó - Bs.As. G.B.A. Oeste
Chevrolet Prisma,Chevrolet Prisma 1.4 Lt 98cv,15700000.0,$,2017,88.400 Km,Capital Federal - Capital Federal
Chevrolet Prisma,Chevrolet Prisma 1.4 Lt 98cv,13500000.0,$,2016,135.000 Km,La Plata - Bs.As. G.B.A. Sur
Chevrolet Prisma,Chevrolet Prisma 1.4 Ltz 98cv,17900000.0,$,2018,74.826 Km,Capital Federal - Capital Federal
Chevrolet Prisma,Chevrolet Prisma 1.4 Ltz At 98cv,14500000.0,$,2018,97.000 Km,Pilar - Bs.As. G.B.A. Norte
Chevrolet Prisma,Chevrolet Prisma 1.4 Ltz At 98cv,16750000.0,$,2018,101.000 Km,Tigre - Bs.As. G.B.A. Norte
Chevrolet Prisma,Chevrolet Prisma 1.4 Ltz At 98cv,14800000.0,$,2017,110.000 Km,La Matanza - Bs.As. G.B.A. Oeste
Chevrolet Prisma,Chevrolet Prisma 1.4 Joy Ls 98cv,10300000.0,$,2018,225.000 Km,Capital Federal - Capital Federal
Chevrolet Prisma,Chevrolet Prisma 1.4 Lt 98cv,12500000.0,$,2016,110.000 Km,La Matanza - Bs.As. G.B.A. Oeste
Chevrolet Prisma,Chevrolet Prisma 1.4 Joy Ls 98cv,15500000.0,$,2017,97.000 Km,Capital Federal - Capital Federal
Chevrolet Prisma,Chevrolet Prisma 1.4 Lt 98cv,9900000.0,$,2016,221.000 Km,Capital Federal - Capital Federal
Chevrolet Prisma,Chevrolet Prisma 1.4 Lt 98cv,15400000.0,$,2018,144.000 Km,La Matanza - Bs.As. G.B.A. Oeste
Chevrolet Prisma,Chevrolet Prisma 1.4 Joy Ls 98cv,9000.0,US$,2018,252.000 Km,Tigre - Bs.As. G.B.A. Norte
Chevrolet Prisma,Chevrolet Prisma 1.4 Joy Ls 98cv,13990000.0,$,2018,144.000 Km,Quilmes - Bs.As. G.B.A. Sur
Chevrolet Prisma,Chevrolet Prisma 1.4 Ltz 98cv,14400000.0,$,2018,90.000 Km,Capital Federal - Capital Federal
Chevrolet Prisma,Chevrolet Prisma 1.4 N Lt,12000.0,US$,2019,74.000 Km,San Fernando - Bs.As. G.B.A. Norte
Chevrolet Prisma,Chevrolet Prisma 1.4 Ltz 98cv,16500000.0,$,2018,100.000 Km,Lomas De Zamora - Bs.As. G.B.A. Sur
Chevrolet Prisma,Chevrolet Prisma 1.4 Ltz 98cv,18000000.0,$,2015,136.500 Km,Capital Federal - Capital Federal
Chevrolet Prisma,Chevrolet Prisma 1.4 Ltz 98cv,11900000.0,$,2014,177.000 Km,Capital Federal - Capital Federal
Chevrolet Prisma,Chevrolet Prisma 1.4 Joy Ls,17000000.0,$,2019,96.000 Km,Capital Federal - Capital Federal
Chevrolet Prisma,Chevrolet Prisma 1.4 Joy Ls,11000.0,US$,2019,136.000 Km,La Plata - Bs.As. G.B.A. Sur
Chevrolet Prisma,Chevrolet Prisma 1.4 Joy Ls,16750000.0,$,2019,60.000 Km,La Plata - Bs.As. G.B.A. Sur
Chevrolet Prisma,Chevrolet Prisma 1.4 Joy Ls,13000.0,US$,2019,80.000 Km,Pilar - Bs.As. G.B.A. Norte
Chevrolet Prisma,Chevrolet Prisma 1.4 Joy Ls,13200.0,US$,2019,138.000 Km,Escobar - Bs.As. G.B.A. Norte
Chevrolet Prisma,Chevrolet Prisma 1.4 Joy Ls,18000000.0,$,2019,96.000 Km,Capital Federal - Capital Federal
Chevrolet Prisma,Chevrolet Prisma 1.4 Joy Ls 98cv,15500000.0,$,2018,92.000 Km,Avellaneda - Bs.As. G.B.A. Sur
Chevrolet Prisma,Chevrolet Prisma 1.4 Ltz 98cv,13990000.0,$,2013,105.000 Km,Capital Federal - Capital Federal
Chevrolet Prisma,Chevrolet Prisma 1.4 Ltz 98cv,16800000.0,$,2018,125.000 Km,Morón - Bs.As. G.B.A. Oeste
Chevrolet Prisma,Chevrolet Prisma 1.4 Ltz At 98cv,14500000.0,$,2016,136.000 Km,La Matanza - Bs.As. G.B.A. Oeste
Chevrolet Prisma,Chevrolet Prisma 1.4 Lt 98cv,17000000.0,$,2021,87.000 Km,Capital Federal - Capital Federal
Chevrolet Prisma,Chevrolet Prisma 1.4 Ltz 98cv,10800.0,US$,2017,86.000 Km,Avellaneda - Bs.As. G.B.A. Sur
Chevrolet Prisma,Chevrolet Prisma 1.4 Ltz At 98cv,13900000.0,$,2017,160.106 Km,Capital Federal - Capital Federal
Chevrolet Prisma,Chevrolet Prisma 1.4 Ltz At 98cv,13500000.0,$,2014,110.000 Km,Avellaneda - Bs.As. G.B.A. Sur
Chevrolet Prisma,Chevrolet Prisma 1.4 Lt 98cv,13000000.0,$,2015,114.000 Km,Pilar - Bs.As. G.B.A. Norte
Chevrolet Prisma,Chevrolet Prisma 1.4 Ltz 98cv,9500.0,US$,2016,123.000 Km,Lomas De Zamora - Bs.As. G.B.A. Sur
Chevrolet Prisma,Chevrolet Prisma 1.4 Joy Ls,11500.0,US$,2019,136.000 Km,Tigre - Bs.As. G.B.A. Norte
Chevrolet Prisma,Chevrolet Prisma 1.4 Ltz 98cv,14000000.0,$,2015,98.000 Km,La Matanza - Bs.As. G.B.A. Oeste
Chevrolet Prisma,Chevrolet Prisma 1.4 Ltz 98cv,13000000.0,$,2015,300.000 Km,Lanús - Bs.As. G.B.A. Sur
Chevrolet Prisma,Chevrolet Prisma 1.4 Lt 98cv,16900000.0,$,2019,90.000 Km,Berazategui - Bs.As. G.B.A. Sur
Chevrolet Prisma,Chevrolet Prisma 1.4 Lt 98cv,14800000.0,$,2015,1.111 Km,Moreno - Bs.As. G.B.A. Oeste
Chevrolet Prisma,Chevrolet Prisma 1.4 Joy Ls 98cv,12500000.0,$,2017,83.500 Km,Capital Federal - Capital Federal
Chevrolet Prisma,Chevrolet Prisma 1.4 Ltz At 98cv,14850000.0,$,2018,94.500 Km,General San Martín - Bs.As. G.B.A. Norte
Chevrolet Prisma,Chevrolet Prisma 1.4 Ltz 98cv,14900000.0,$,2016,148.000 Km,La Matanza - Bs.As. G.B.A. Oeste
Chevrolet Prisma,Chevrolet Prisma 1.4 Ltz 98cv,14500000.0,$,2016,115.000 Km,La Plata - Bs.As. G.B.A. Sur
Chevrolet Prisma,Chevrolet Prisma 1.4 Ltz 98cv,14900000.0,$,2016,97.000 Km,Avellaneda - Bs.As. G.B.A. Sur
Chevrolet Prisma,Chevrolet Prisma 1.4 Ltz 98cv,13500000.0,$,2016,193.000 Km,Capital Federal - Capital Federal
Chevrolet Prisma,Chevrolet Prisma 1.4 Ls Joy L16,14000000.0,$,2018,44.891 Km,Malvinas Argentinas - Bs.As. G.B.A. Norte
Chevrolet Prisma,Chevrolet Prisma 1.4 Joy Ls 98cv,14000000.0,$,2018,71.000 Km,La Matanza - Bs.As. G.B.A. Oeste
Chevrolet Prisma,Chevrolet Prisma 1.4 Joy Ls 98cv,9780000.0,$,2018,163.900 Km,Quilmes - Bs.As. G.B.A. Sur
Chevrolet Prisma,Chevrolet Prisma 1.4 Joy Ls 98cv,13500000.0,$,2018,164.000 Km,Capital Federal - Capital Federal
Chevrolet Prisma,Chevrolet Prisma 1.4 Joy Ls 98cv,16500000.0,$,2018,82.000 Km,Ituzaingó - Bs.As. G.B.A. Oeste
Chevrolet Prisma,Chevrolet Prisma 1.4 Joy Ls 98cv,14100000.0,$,2018,106.000 Km,Quilmes - Bs.As. G.B.A. Sur
Chevrolet Prisma,Chevrolet Prisma 1.4 Ltz 98cv,13500000.0,$,2014,140.000 Km,La Matanza - Bs.As. G.B.A. Oeste
Chevrolet Prisma,Chevrolet Prisma 1.4 Ltz 98cv,16500000.0,$,2017,82.000 Km,Capital Federal - Capital Federal
Chevrolet Prisma,Chevrolet Prisma 1.4 Ltz 98cv,16500000.0,$,2017,100.500 Km,Capital Federal - Capital Federal
Chevrolet Prisma,Chevrolet Prisma 1.4 Lt 92cv,7000000.0,$,2011,150.000 Km,Capital Federal - Capital Federal
Chevrolet Prisma,Chevrolet Prisma 1.4 Ltz 98cv,13000000.0,$,2017,115.000 Km,La Matanza - Bs.As. G.B.A. Oeste
Chevrolet Prisma,Chevrolet Prisma 1.4 Joy Ls 98cv,14800000.0,$,2017,105.000 Km,Malvinas Argentinas - Bs.As. G.B.A. Norte
Chevrolet Prisma,Chevrolet Prisma 1.4 Ltz At 98cv,15500000.0,$,2016,88.000 Km,Capital Federal - Capital Federal
Chevrolet Prisma,Chevrolet Prisma 1.4 Ltz 98cv,13000.0,US$,2018,100.000 Km,General Rodríguez - Bs.As. G.B.A. Oeste
Chevrolet Prisma,Chevrolet Prisma 1.4 Joy Ls 98cv,16700000.0,$,2018,120.780 Km,Escobar - Bs.As. G.B.A. Norte
Chevrolet Prisma,Chevrolet Prisma 1.4 Joy Ls 98cv,13300000.0,$,2018,110.000 Km,Pilar - Bs.As. G.B.A. Norte
Chevrolet Prisma,Chevrolet Prisma 1.4 Joy Ls 98cv,13900000.0,$,2018,104.000 Km,San Fernando - Bs.As. G.B.A. Norte
Chevrolet Prisma,Chevrolet Prisma 1.4 Ltz 98cv,14500000.0,$,2016,114.000 Km,Capital Federal - Capital Federal
Chevrolet Prisma,Chevrolet Prisma 1.4 Ltz 98cv,9800.0,US$,2015,159.000 Km,Morón - Bs.As. G.B.A. Oeste
Chevrolet Prisma,Chevrolet Prisma 1.4 Ltz 98cv,14700000.0,$,2015,155.000 Km,Lomas De Zamora - Bs.As. G.B.A. Sur
Chevrolet Prisma,Chevrolet Prisma 1.4 Ltz 98cv,16000000.0,$,2015,114.000 Km,San Miguel - Bs.As. G.B.A. Norte
Chevrolet Prisma,Chevrolet Prisma 1.4 Lt 98cv,13600000.0,$,2017,124.000 Km,San Miguel - Bs.As. G.B.A. Norte
Chevrolet Prisma,Chevrolet Prisma 1.4 Ltz 98cv,16100000.0,$,2018,77.000 Km,Capital Federal - Capital Federal
Chevrolet Prisma,Chevrolet Prisma 1.4 Ltz 98cv,13200.0,US$,2020,96.800 Km,Capital Federal - Capital Federal
Chevrolet Prisma,Chevrolet Prisma 1.4 Ltz 98cv,11500.0,US$,2016,243.000 Km,Escobar - Bs.As. G.B.A. Norte
Chevrolet Prisma,Chevrolet Prisma 1.4 Joy Ls 98cv,9900.0,US$,2017,124.916 Km,Capital Federal - Capital Federal
Chevrolet Prisma,Chevrolet Prisma 1.4 Joy Ls 98cv,15000000.0,$,2017,132.000 Km,Caseros - Bs.As. G.B.A. Oeste
Chevrolet Prisma,Chevrolet Prisma 1.4 Joy Ls 98cv,15500000.0,$,2017,110.000 Km,Capital Federal - Capital Federal
Chevrolet Prisma,Chevrolet Prisma 1.4 Joy Ls 98cv,14999999.0,$,2017,116.000 Km,Cañuelas - Buenos Aires Interior
Chevrolet Prisma,Chevrolet Prisma 1.4 Joy Ls 98cv,12495000.0,$,2017,74.500 Km,Avellaneda - Bs.As. G.B.A. Sur
Chevrolet Prisma,Chevrolet Prisma 1.4 Joy Ls 98cv,14000000.0,$,2017,110.000 Km,General San Martín - Bs.As. G.B.A. Norte
Chevrolet Prisma,Chevrolet Prisma 1.4 Joy Ls+,12500000.0,$,2017,132.000 Km,La Plata - Bs.As. G.B.A. Sur
Chevrolet Prisma,Chevrolet Prisma 1.4 Joy Ls 98cv,12900000.0,$,2017,165.000 Km,Capital Federal - Capital Federal
Chevrolet Prisma,Chevrolet Prisma 1.4 Joy Ls 98cv,12500000.0,$,2017,116.000 Km,Avellaneda - Bs.As. G.B.A. Sur
Chevrolet Prisma,Chevrolet Prisma 1.4 Joy Ls 98cv,9000.0,US$,2018,252.000 Km,Tigre - Bs.As. G.B.A. Norte
Chevrolet Prisma,Chevrolet Prisma 1.4 Joy Ls 98cv,13800000.0,$,2018,125.000 Km,Lomas De Zamora - Bs.As. G.B.A. Sur
Chevrolet Prisma,Chevrolet Prisma 1.4 Ltz 98cv,16500000.0,$,2018,106.000 Km,Hurlingham - Bs.As. G.B.A. Oeste
Chevrolet Prisma,Chevrolet Prisma 1.4 Lt 98cv,13500000.0,$,2014,111.600 Km,Capital Federal - Capital Federal
Chevrolet Prisma,Chevrolet Prisma 1.4 Lt 98cv,16990000.0,$,2018,80.000 Km,Lanús - Bs.As. G.B.A. Sur
Chevrolet Prisma,Chevrolet Prisma 1.4 Ls 92cv,12000000.0,$,2013,105.000 Km,San Isidro - Bs.As. G.B.A. Norte
Chevrolet Prisma,Chevrolet Prisma 1.4 Ltz At 98cv,15900000.0,$,2015,58.000 Km,Moreno - Bs.As. G.B.A. Oeste
Chevrolet Prisma,Chevrolet Prisma 1.4 Ltz 98cv,11000.0,US$,2015,117.295 Km,Del Viso - Bs.As. G.B.A. Norte
Chevrolet Prisma,Chevrolet Prisma 1.4 Lt 98cv,11500000.0,$,2017,130.000 Km,Capital Federal - Capital Federal
Chevrolet Prisma,Chevrolet Prisma 1.4 Ltz 98cv,13000000.0,$,2017,115.000 Km,La Matanza - Bs.As. G.B.A. Oeste
Chevrolet Prisma,Chevrolet Prisma 1.4 Joy Ls 98cv,13900000.0,$,2018,104.000 Km,San Fernando - Bs.As. G.B.A. Norte
Chevrolet Prisma,Chevrolet Prisma 1.4 Joy Ls,12200.0,US$,2019,96.000 Km,Capital Federal - Capital Federal
Chevrolet Prisma,Chevrolet Prisma 1.4 Ltz At 98cv,8900.0,US$,2016,150.000 Km,Capital Federal - Capital Federal
Chevrolet Prisma,Chevrolet Prisma 1.4 Joy Ls 98cv,14000000.0,$,2017,100.000 Km,Quilmes - Bs.As. G.B.A. Sur
Chevrolet Prisma,Chevrolet Prisma 1.4 Joy Ls 98cv,12700000.0,$,2017,128.000 Km,Vicente López - Bs.As. G.B.A. Norte
Chevrolet Prisma,Chevrolet Prisma 1.4 Lt 98cv,13500000.0,$,2016,121.000 Km,Avellaneda - Bs.As. G.B.A. Sur
Chevrolet Prisma,Chevrolet Prisma 1.4 Lt 98cv,15500000.0,$,2018,95.000 Km,Capital Federal - Capital Federal
Chevrolet Prisma,Chevrolet Prisma 1.4 Joy Ls 98cv,16500000.0,$,2018,82.000 Km,Ituzaingó - Bs.As. G.B.A. Oeste
Chevrolet Prisma,Chevrolet Prisma 1.4 Lt 98cv,9900000.0,$,2017,111.111 Km,Moreno - Bs.As. G.B.A. Oeste
Chevrolet Prisma,Chevrolet Prisma 1.4 Ls 92cv,11500000.0,$,2012,170.000 Km,Florencio Varela - Bs.As. G.B.A. Sur
Chevrolet Prisma,Chevrolet Prisma 1.4 Joy Ls 98cv,13500000.0,$,2017,120.334 Km,Pilar - Bs.As. G.B.A. Norte
Chevrolet Prisma,Chevrolet Prisma 1.4 Ltz 98cv,15000000.0,$,2018,144.000 Km,Berazategui - Bs.As. G.B.A. Sur
Chevrolet Prisma,Chevrolet Prisma 1.4 Joy Ls 98cv,15500000.0,$,2018,66.000 Km,Lanús - Bs.As. G.B.A. Sur
Chevrolet Prisma,Chevrolet Prisma 1.4 Ltz 98cv,14900000.0,$,2016,100.000 Km,San Isidro - Bs.As. G.B.A. Norte
Chevrolet Prisma,Chevrolet Prisma 1.4 Joy Ls,11500000.0,$,2019,165.000 Km,Capital Federal - Capital Federal
Chevrolet Prisma,Chevrolet Prisma 1.4 Joy Ls,14900.0,US$,2019,64.000 Km,Quilmes - Bs.As. G.B.A. Sur
Chevrolet Prisma,Chevrolet Prisma 1.4 Lt 98cv,16900000.0,$,2019,110.000 Km,Capital Federal - Capital Federal
Chevrolet Prisma,Chevrolet Prisma 1.4 Ltz 98cv,13500000.0,$,2015,147.000 Km,San Fernando - Bs.As. G.B.A. Norte
Chevrolet Prisma,Chevrolet Prisma 1.4 Ltz 98cv,17800000.0,$,2019,87.000 Km,Malvinas Argentinas - Bs.As. G.B.A. Norte
Chevrolet Prisma,Chevrolet Prisma 1.4 Joy Ls,18000000.0,$,2019,59.400 Km,Avellaneda - Bs.As. G.B.A. Sur
Chevrolet Prisma,Chevrolet Prisma 1.4 Joy Ls 98cv,15300000.0,$,2018,55.000 Km,Quilmes - Bs.As. G.B.A. Sur
Chevrolet Prisma,Chevrolet Prisma 1.4 Lt 98cv,14500000.0,$,2018,150.000 Km,Tigre - Bs.As. G.B.A. Norte
Chevrolet Prisma,Chevrolet Prisma 1.4 Lt 98cv,10500000.0,$,2016,200.000 Km,Capital Federal - Capital Federal
Chevrolet Prisma,Chevrolet Prisma 1.4 Lt 98cv,13230000.0,$,2017,103.683 Km,Capital Federal - Capital Federal
Chevrolet Prisma,Chevrolet Prisma 1.4 Ltz 98cv,15800000.0,$,2017,110.000 Km,Quilmes - Bs.As. G.B.A. Sur
Chevrolet Prisma,Chevrolet Prisma 1.4 Lt 98cv,13900000.0,$,2016,88.000 Km,Capital Federal - Capital Federal
Chevrolet Prisma,Chevrolet Prisma 1.4 Lt 98cv,9400.0,US$,2017,135.000 Km,La Plata - Bs.As. G.B.A. Sur
Chevrolet Prisma,Chevrolet Prisma 1.4 Joy Ls 98cv,15000000.0,$,2017,95.000 Km,Capital Federal - Capital Federal
Chevrolet Prisma,Chevrolet Prisma 1.4 Ltz 98cv,14500000.0,$,2015,126.000 Km,Hurlingham - Bs.As. G.B.A. Oeste
Chevrolet Prisma,Chevrolet Prisma 1.4 Joy Ls 98cv,13500000.0,$,2018,150.000 Km,Almirante Brown - Bs.As. G.B.A. Sur
Chevrolet Prisma,Chevrolet Prisma 1.4 Ltz 98cv,14500000.0,$,2016,136.000 Km,General San Martín - Bs.As. G.B.A. Norte
Chevrolet Prisma,Chevrolet Prisma 1.4 Ltz 98cv,15500000.0,$,2016,112.000 Km,Vicente López - Bs.As. G.B.A. Norte
Chevrolet Prisma,Chevrolet Prisma 1.4 Joy Ls 98cv,13800000.0,$,2018,116.000 Km,La Matanza - Bs.As. G.B.A. Oeste
Chevrolet Prisma,Chevrolet Prisma 1.4 Ltz At 98cv,12900000.0,$,2015,98.000 Km,Avellaneda - Bs.As. G.B.A. Sur
Chevrolet Prisma,Chevrolet Prisma 1.4 Joy Ls 98cv,12500000.0,$,2018,157.000 Km,Lanús - Bs.As. G.B.A. Sur
Chevrolet Prisma,Chevrolet Prisma 1.4 Ltz 98cv,10900000.0,$,2013,138.000 Km,Tigre - Bs.As. G.B.A. Norte
Chevrolet Prisma,Chevrolet Prisma 1.4 Joy Ls 98cv,14588000.0,$,2017,84.200 Km,Quilmes - Bs.As. G.B.A. Sur
Chevrolet Prisma,Chevrolet Prisma 1.4 Ltz At 98cv,14000000.0,$,2016,120.000 Km,Lomas De Zamora - Bs.As. G.B.A. Sur
Chevrolet Prisma,Chevrolet Prisma 1.4 Joy Ls 98cv,14000000.0,$,2017,54.000 Km,Capital Federal - Capital Federal
Chevrolet Prisma,Chevrolet Prisma 1.4 Ltz 98cv,11500.0,US$,2016,72.890 Km,Lanús - Bs.As. G.B.A. Sur
Chevrolet Prisma,Chevrolet Prisma 1.4 Lt 98cv,14000000.0,$,2019,216.000 Km,Ezeiza - Bs.As. G.B.A. Sur
Chevrolet Prisma,Chevrolet Prisma 1.4 Lt 98cv,14900000.0,$,2019,120.000 Km,Ezeiza - Bs.As. G.B.A. Sur
Chevrolet Prisma,Chevrolet Prisma 1.4 Ls 92cv,9800000.0,$,2012,156.000 Km,Lanús - Bs.As. G.B.A. Sur
Chevrolet Prisma,Chevrolet Prisma 1.4 Lt 98cv,12500000.0,$,2017,165.000 Km,La Matanza - Bs.As. G.B.A. Oeste
Chevrolet Prisma,Chevrolet Prisma 1.4 Lt 98cv,13500.0,US$,2019,85.000 Km,Pilar - Bs.As. G.B.A. Norte
Chevrolet Prisma,Chevrolet Prisma 1.4 Ltz 98cv,13800.0,US$,2019,113.000 Km,Capital Federal - Capital Federal
Chevrolet Prisma,Chevrolet Prisma 1.4 Ltz 98cv,12000000.0,$,2013,95.000 Km,Tres De Febrero - Bs.As. G.B.A. Oeste
Chevrolet Prisma,Chevrolet Prisma 1.4 Ls+,13840000.0,$,2017,91.088 Km,Capital Federal - Capital Federal
Chevrolet Prisma,Chevrolet Prisma 1.4 Ltz 98cv,11500.0,US$,2016,138.539 Km,Morón - Bs.As. G.B.A. Oeste
Chevrolet Prisma,Chevrolet Prisma 1.4 Lt 98cv,12000.0,US$,2019,45.000 Km,Vicente López - Bs.As. G.B.A. Norte
Chevrolet Prisma,Chevrolet Prisma 1.4 Lt 92cv,10500000.0,$,2011,102.000 Km,Capital Federal - Capital Federal
Chevrolet Prisma,Chevrolet Prisma 1.4 Joy Ls 98cv,12900000.0,$,2018,127.000 Km,Capital Federal - Capital Federal
Chevrolet Prisma,Chevrolet Prisma 1.4 Joy Ls 98cv,9900.0,US$,2018,117.000 Km,Capital Federal - Capital Federal
Chevrolet Prisma,Chevrolet Prisma 1.4 Ltz At 98cv,18500000.0,$,2018,98.000 Km,Quilmes - Bs.As. G.B.A. Sur
Chevrolet Prisma,Chevrolet Prisma 1.4 Lt 98cv,14500000.0,$,2017,115.000 Km,Capital Federal - Capital Federal
Chevrolet Prisma,Chevrolet Prisma 1.4 Lt 98cv,8499.0,US$,2016,165.000 Km,Tigre - Bs.As. G.B.A. Norte
Chevrolet Prisma,Chevrolet Prisma 1.4 Ltz 98cv,13888000.0,$,2013,116.300 Km,Quilmes - Bs.As. G.B.A. Sur
Chevrolet Prisma,Chevrolet Prisma 1.4 Ltz 98cv,12800000.0,$,2013,113.000 Km,Capital Federal - Capital Federal
Chevrolet Prisma,Chevrolet Prisma 1.4 Ltz 98cv,12500.0,US$,2018,73.000 Km,Morón - Bs.As. G.B.A. Oeste
Chevrolet Prisma,Chevrolet Prisma 1.4 Ltz 98cv,18000000.0,$,2018,88.000 Km,Avellaneda - Bs.As. G.B.A. Sur
Chevrolet Prisma,Chevrolet Prisma 1.4 Ls 92cv,4490000.0,$,2012,120.000 Km,Capital Federal - Capital Federal
Chevrolet Prisma,Chevrolet Prisma 1.4 Lt 98cv,12500000.0,$,2017,120.000 Km,Tres De Febrero - Bs.As. G.B.A. Oeste
Chevrolet Prisma,Chevrolet Prisma 1.4 Ltz At 98cv,19500000.0,$,2020,61.000 Km,Lomas De Zamora - Bs.As. G.B.A. Sur
Chevrolet Prisma,Chevrolet Prisma 1.4 Lt 98cv,12500000.0,$,2017,120.000 Km,San Miguel - Bs.As. G.B.A. Norte
Chevrolet Prisma,Chevrolet Prisma 1.4 Lt 92cv,8000000.0,$,2012,11.111 Km,Del Viso - Bs.As. G.B.A. Norte
Chevrolet Prisma,Chevrolet Prisma 1.4 Lt 98cv,15900000.0,$,2017,60.000 Km,Lanús - Bs.As. G.B.A. Sur
Chevrolet Prisma,Chevrolet Prisma 1.4 Lt 98cv,14000000.0,$,2018,101.000 Km,Lomas De Zamora - Bs.As. G.B.A. Sur
Chevrolet Prisma,Chevrolet Prisma 1.4 Lt 98cv,11700.0,US$,2019,59.700 Km,Vicente López - Bs.As. G.B.A. Norte
Chevrolet Prisma,Chevrolet Prisma 1.4 Lt 98cv,16500000.0,$,2019,70.000 Km,La Matanza - Bs.As. G.B.A. Oeste
Chevrolet Prisma,Chevrolet Prisma 1.4 Ltz At 98cv,11000000.0,$,2014,178.000 Km,Morón - Bs.As. G.B.A. Oeste
Chevrolet Prisma,Chevrolet Prisma 1.4 Lt 98cv,12400.0,US$,2018,42.407 Km,Capital Federal - Capital Federal
Chevrolet Prisma,Chevrolet Prisma 1.4 Ltz 98cv,14000000.0,$,2016,130.000 Km,Hurlingham - Bs.As. G.B.A. Oeste
Chevrolet Prisma,Chevrolet Prisma 1.4 Lt 98cv,11500000.0,$,2015,180.000 Km,Almirante Brown - Bs.As. G.B.A. Sur
Chevrolet Prisma,Chevrolet Prisma 1.4 Ltz 98cv,14000000.0,$,2015,98.000 Km,La Matanza - Bs.As. G.B.A. Oeste
Chevrolet Prisma,Chevrolet Prisma 1.4 Ltz 98cv,10500.0,US$,2016,115.000 Km,La Plata - Bs.As. G.B.A. Sur
Chevrolet Prisma,Chevrolet Prisma 1.4 Ltz 98cv,11900000.0,$,2015,115.600 Km,Capital Federal - Capital Federal
Chevrolet Prisma,Chevrolet Prisma 1.4 Lt 98cv,12300000.0,$,2015,122.000 Km,General San Martín - Bs.As. G.B.A. Norte
Chevrolet Prisma,Chevrolet Prisma 1.4 Ltz 98cv,13800000.0,$,2016,115.000 Km,Capital Federal - Capital Federal
Chevrolet Prisma,Chevrolet Prisma 1.4 Ltz 98cv,11500000.0,$,2016,130.000 Km,Capital Federal - Capital Federal
Chevrolet Prisma,Chevrolet Prisma 1.4 Lt 98cv,7600.0,US$,2016,285.000 Km,Capital Federal - Capital Federal
Chevrolet Prisma,Chevrolet Prisma 1.4 Joy Ls 98cv,9000.0,US$,2017,238.000 Km,La Matanza - Bs.As. G.B.A. Oeste
Chevrolet Prisma,Chevrolet Prisma 1.4 Lt 98cv,13500000.0,$,2016,133.000 Km,Capital Federal - Capital Federal
Chevrolet Prisma,Chevrolet Prisma Joy,10600.0,US$,2017,115.000 Km,Capital Federal - Capital Federal
Chevrolet Prisma,Chevrolet Prisma 1.4 Lt 98cv,15300000.0,$,2020,122.000 Km,Capital Federal - Capital Federal
Chevrolet Prisma,Chevrolet Prisma 1.4 Joy Ls 98cv,11000000.0,$,2017,215.000 Km,La Matanza - Bs.As. G.B.A. Oeste
Chevrolet Prisma,Chevrolet Prisma 1.4 Joy Ls 98cv,13500000.0,$,2016,99.600 Km,Merlo - Bs.As. G.B.A. Oeste
Chevrolet Prisma,Chevrolet Prisma 1.4 Ltz At 98cv,15500000.0,$,2016,117.000 Km,Capital Federal - Capital Federal
Chevrolet Prisma,Chevrolet Prisma 1.4 Ltz At 98cv,10000000.0,$,2015,145.000 Km,Hurlingham - Bs.As. G.B.A. Oeste
Chevrolet Prisma,Chevrolet Prisma 1.4 Ltz At 98cv,15900000.0,$,2016,120.000 Km,San Miguel - Bs.As. G.B.A. Norte
Chevrolet Prisma,Chevrolet Prisma 1.4 Lt 98cv,14900000.0,$,2019,92.000 Km,Ezeiza - Bs.As. G.B.A. Sur
Chevrolet Prisma,Chevrolet Prisma 1.4 Lt 92cv,7300000.0,$,2011,230.000 Km,Moreno - Bs.As. G.B.A. Oeste
Chevrolet Prisma,Chevrolet Prisma 1.4 Lt 98cv,10500000.0,$,2016,93.000 Km,San Miguel - Bs.As. G.B.A. Norte
Chevrolet Prisma,Chevrolet Prisma 1.4 Lt 98cv,13800000.0,$,2019,205.000 Km,Capital Federal - Capital Federal
Chevrolet Prisma,Chevrolet Prisma Ls,8000000.0,$,2011,300.000 Km,Tigre - Bs.As. G.B.A. Norte
Chevrolet Prisma,Chevrolet Prisma 1.4 Ltz At 98cv,12000.0,US$,2017,155.000 Km,Moreno - Bs.As. G.B.A. Oeste
Chevrolet Prisma,Chevrolet Prisma 1.4 Ltz At 98cv,14500000.0,$,2015,115.000 Km,San Miguel - Bs.As. G.B.A. Norte
Chevrolet Prisma,Chevrolet Prisma 1.4 Ltz At 98cv,17499000.0,$,2019,68.000 Km,Merlo - Bs.As. G.B.A. Oeste
Chevrolet Prisma,Chevrolet Prisma 1.4 Joy Ls 98cv,11900.0,US$,2018,45.000 Km,Capital Federal - Capital Federal
Chevrolet Prisma,Chevrolet Prisma 1.4 Ltz 98cv,13500000.0,$,2014,108.000 Km,Capital Federal - Capital Federal
Chevrolet Prisma,Chevrolet Prisma 1.4 Ltz 98cv,15000000.0,$,2017,215.000 Km,Pilar - Bs.As. G.B.A. Norte
Fiat Cronos,Fiat Cronos 1.3 Gse Precision Cvt,32000000.0,$,2026,0 Km,Moreno - Bs.As. G.B.A. Oeste
Fiat Cronos,Fiat Cronos 1.3 Gse Precision Cvt,29000000.0,$,2026,0 Km,Capital Federal - Capital Federal
Fiat Cronos,Fiat Cronos 1.3 Gse Like,21500000.0,$,2025,60.000 Km,Capital Federal - Capital Federal
Fiat Cronos,Fiat Cronos 1.3 Gse Drive Pack Plus,27500000.0,$,2025,0 Km,Capital Federal - Capital Federal
Fiat Cronos,Fiat Cronos 1.3 Precision Cvt,23500000.0,$,2023,53.600 Km,Lomas De Zamora - Bs.As. G.B.A. Sur
Fiat Cronos,Fiat Cronos 1.3 Gse Drive Pack Plus,30900000.0,$,2026,0 Km,Capital Federal - Capital Federal
Fiat Cronos,Fiat Cronos 1.3 Gse Drive,19800000.0,$,2020,45.000 Km,Caseros - Bs.As. G.B.A. Oeste
Fiat Cronos,Fiat Cronos 1.8 16v Precision Pack Premium,13900000.0,$,2025,0 Km,Capital Federal - Capital Federal
Fiat Cronos,Fiat Cronos 1.8 16v Precision Pack Premium,18899999.0,$,2021,76.000 Km,Capital Federal - Capital Federal
Fiat Cronos,Fiat Cronos 1.8 16v Precision,19200000.0,$,2022,56.390 Km,San Fernando - Bs.As. G.B.A. Norte
Fiat Cronos,Fiat Cronos 1.3 Drive Mt,19500000.0,$,2022,135.000 Km,General San Martín - Bs.As. G.B.A. Norte
Fiat Cronos,Fiat Cronos 1.3 Gse Precision Cvt,27900000.0,$,2025,0 Km,San Miguel - Bs.As. G.B.A. Norte
Fiat Cronos,Fiat Cronos 1.3 Gse Drive Pack Conectividad,12000.0,US$,2022,48.000 Km,Florencio Varela - Bs.As. G.B.A. Sur
Fiat Cronos,Fiat Cronos 1.3 Gse Like,21400000.0,$,2026,0 Km,Capital Federal - Capital Federal
Fiat Cronos,Fiat Cronos 1.3 Gse Stile Mt,22500000.0,$,2024,100.000 Km,San Fernando - Bs.As. G.B.A. Norte
Fiat Cronos,Fiat Cronos 1.3 Gse Drive Pack Plus Cvt,29000000.0,$,2025,0 Km,Capital Federal - Capital Federal
Fiat Cronos,Fiat Cronos 1.3 Drive Mt,15500000.0,$,2027,0 Km,Capital Federal - Capital Federal
Fiat Cronos,Fiat Cronos 1.3 Gse Drive Pack Plus,26900000.0,$,2025,0 Km,Avellaneda - Bs.As. G.B.A. Sur
Fiat Cronos,Fiat Cronos 1.3 Gse Drive,20700000.0,$,2024,37.000 Km,San Isidro - Bs.As. G.B.A. Norte
Fiat Cronos,Fiat Cronos 1.3 Gse Like,18600000.0,$,2023,0 Km,La Matanza - Bs.As. G.B.A. Oeste
Fiat Cronos,Fiat Cronos 1.3 Drive Mt,15500000.0,$,2027,0 Km,San Isidro - Bs.As. G.B.A. Norte
Fiat Cronos,Fiat Cronos 1.3 Gse Precision Cvt,30600000.0,$,2026,0 Km,Avellaneda - Bs.As. G.B.A. Sur
Fiat Cronos,Fiat Cronos 1.3 Gse Like,21000000.0,$,2027,0 Km,Capital Federal - Capital Federal
Fiat Cronos,Fiat Cronos 1.3 Gse Drive Pack Plus,14000000.0,$,2027,0 Km,Avellaneda - Bs.As. G.B.A. Sur
Fiat Cronos,Fiat Cronos 1.3 Drive Cvt,16300.0,US$,2022,39.000 Km,Esteban Echeverría - Bs.As. G.B.A. Sur
Fiat Cronos,Fiat Cronos 1.3 Drive Mt,18400000.0,$,2021,122.000 Km,Pilar - Bs.As. G.B.A. Norte
Fiat Cronos,Fiat Cronos 1.3 Gse Like,14900.0,US$,2024,25.000 Km,La Plata - Bs.As. G.B.A. Sur
Fiat Cronos,Fiat Cronos 1.3 Gse Like,5000000.0,$,2027,0 Km,Capital Federal - Capital Federal
Fiat Cronos,Fiat Cronos 1.3 Gse Like,5000000.0,$,2027,0 Km,Capital Federal - Capital Federal
Fiat Cronos,Fiat Cronos 1.3 Pack Plus Manual,28660000.0,$,2026,0 Km,Avellaneda - Bs.As. G.B.A. Sur
Fiat Cronos,Fiat Cronos 1.3 Gse Drive Pack Plus,26340000.0,$,2026,0 Km,Capital Federal - Capital Federal
Fiat Cronos,Fiat Cronos 1.3 Drive Low Attractive L21,21800000.0,$,2022,18.780 Km,San Isidro - Bs.As. G.B.A. Norte
Fiat Cronos,Fiat Cronos 1.3 Gse Like,5000000.0,$,2027,0 Km,La Matanza - Bs.As. G.B.A. Oeste
Fiat Cronos,Fiat Cronos 1.3 Gse Drive Pack Conectividad,13999.0,US$,2020,18.000 Km,Beccar - Bs.As. G.B.A. Norte
Fiat Cronos,Fiat Cronos 1.3 Gse Drive Pack Plus,25000000.0,$,2024,0 Km,Ituzaingó - Bs.As. G.B.A. Oeste
Fiat Cronos,Fiat Cronos 1.3 Stile Mt,23950000.0,$,2023,38.900 Km,Capital Federal - Capital Federal
Fiat Cronos,Fiat Cronos 1.8 16v Precision,19900000.0,$,2021,42.000 Km,Avellaneda - Bs.As. G.B.A. Sur
Fiat Cronos,Fiat Cronos 1.3 Gse Like,5000000.0,$,2027,0 Km,Capital Federal - Capital Federal
Fiat Cronos,Fiat Cronos 1.3 Gse Like,25950000.0,$,2025,0 Km,San Miguel - Bs.As. G.B.A. Norte
Fiat Cronos,Fiat Cronos 1.3 Gse Drive Pack Conectividad,13500000.0,$,2027,0 Km,Capital Federal - Capital Federal
Fiat Cronos,Fiat Cronos 1.3 Gse Drive Pack Conectividad,18000000.0,$,2021,106.000 Km,Pilar - Bs.As. G.B.A. Norte
Fiat Cronos,Fiat Cronos 1.3 Precision Cvt,22499999.0,$,2023,57.000 Km,Capital Federal - Capital Federal
Fiat Cronos,Fiat Cronos 1.3 Gse Like,3750000.0,$,2027,0 Km,Capital Federal - Capital Federal
Fiat Cronos,Fiat Cronos 1.3 Gse Like,3750000.0,$,2027,0 Km,Capital Federal - Capital Federal
Fiat Cronos,Fiat Cronos 1.3 Attractive Mt,26904000.0,$,2025,0 Km,Capital Federal - Capital Federal
Fiat Cronos,Fiat Cronos 1.3 Gse Precision Cvt,31900000.0,$,2025,0 Km,Capital Federal - Capital Federal
Fiat Cronos,Fiat Cronos 1.3 Gse Precision Cvt,31500000.0,$,2025,0 Km,La Matanza - Bs.As. G.B.A. Oeste
Fiat Cronos,Fiat Cronos 1.3 Gse Precision Cvt,31614000.0,$,2025,0 Km,25 De Mayo - Buenos Aires Interior
Fiat Cronos,Fiat Cronos 1.3 Gse Precision Cvt,31614000.0,$,2025,0 Km,Mercedes - Buenos Aires Interior
Fiat Cronos,Fiat Cronos 1.3 Gse Drive,18000000.0,$,2021,66.000 Km,Avellaneda - Bs.As. G.B.A. Sur
Fiat Cronos,Fiat Cronos 1.3 Gse Like,27000000.0,$,2025,0 Km,Capital Federal - Capital Federal
Fiat Cronos,Fiat Cronos 1.3 Gse Like,28800000.0,$,2025,0 Km,Capital Federal - Capital Federal
Fiat Cronos,Fiat Cronos 1.3 Gse Like,24981040.0,$,2025,0 Km,San Miguel - Bs.As. G.B.A. Norte
Fiat Cronos,Fiat Cronos 1.8 16v Precision,19000000.0,$,2022,49.800 Km,Berazategui - Bs.As. G.B.A. Sur
Fiat Cronos,Fiat Cronos 1.3 Gse Drive,18900000.0,$,2021,69.000 Km,Capital Federal - Capital Federal
Fiat Cronos,Fiat Cronos 1.3 Gse Drive,13000000.0,$,2018,198.000 Km,Capital Federal - Capital Federal
Fiat Cronos,Fiat Cronos 1.3 Gse Like,3750000.0,$,2027,0 Km,Pilar - Bs.As. G.B.A. Norte
Fiat Cronos,Fiat Cronos 1.3 Pack Plus Manual,29245000.0,$,2026,0 Km,Avellaneda - Bs.As. G.B.A. Sur
Fiat Cronos,Fiat Cronos 1.3 Gse Drive Pack Conectividad,12500.0,US$,2019,130.000 Km,Quilmes - Bs.As. G.B.A. Sur
Fiat Cronos,Fiat Cronos 1.3 Gse Like,24980000.0,$,2026,0 Km,Capital Federal - Capital Federal
Fiat Cronos,Fiat Cronos 1.3 Gse Like,24400000.0,$,2025,0 Km,José C. Paz - Bs.As. G.B.A. Norte
Fiat Cronos,Fiat Cronos 1.3 Gse Like,26360000.0,$,2026,0 Km,San Isidro - Bs.As. G.B.A. Norte
Fiat Cronos,Fiat Cronos Drive 1.3 Pack Plus Mt My26,19200000.0,$,2026,0 Km,Capital Federal - Capital Federal
Fiat Cronos,Fiat Cronos 1.3 Drive Cvt,20300000.0,$,2022,40.000 Km,Capital Federal - Capital Federal
Fiat Cronos,Fiat Cronos 1.3 Attractive Mt,26900000.0,$,2026,0 Km,Capital Federal - Capital Federal
Fiat Cronos,Fiat Cronos 1.3 Gse Drive Pack Plus,28500000.0,$,2025,0 Km,Capital Federal - Capital Federal
Fiat Cronos,Fiat Cronos 1.3 Gse Like,7000000.0,$,2027,0 Km,San Isidro - Bs.As. G.B.A. Norte
Fiat Cronos,Fiat Cronos 1.3 Gse Precision Cvt,26600000.0,$,2026,0 Km,La Matanza - Bs.As. G.B.A. Oeste
Fiat Cronos,Fiat Cronos 1.3 Gse Drive Pack Plus Cvt,28000000.0,$,2025,0 Km,Moreno - Bs.As. G.B.A. Oeste
Fiat Cronos,Fiat Cronos 1.3 Gse Drive Pack Plus Cvt,32000000.0,$,2025,0 Km,San Isidro - Bs.As. G.B.A. Norte
Fiat Cronos,Fiat Cronos 1.3 Gse Drive Pack Plus Cvt,29000000.0,$,2025,0 Km,Capital Federal - Capital Federal
Fiat Cronos,Fiat Cronos 1.3 Gse Drive Pack Plus Cvt,29800000.0,$,2025,0 Km,San Isidro - Bs.As. G.B.A. Norte
Fiat Cronos,Fiat Cronos 1.3 Gse Drive Pack Plus Cvt,31220000.0,$,2025,0 Km,General San Martín - Bs.As. G.B.A. Norte
Fiat Cronos,Fiat Cronos 1.3 Gse Drive Pack Conectividad,24000000.0,$,2022,13.000 Km,Quilmes - Bs.As. G.B.A. Sur
Fiat Cronos,Fiat Cronos 1.3 Gse Drive Pack Plus,28500000.0,$,2026,0 Km,Capital Federal - Capital Federal
Fiat Cronos,Fiat Cronos 1.8 16v Precision,18500000.0,$,2021,91.139 Km,Pilar - Bs.As. G.B.A. Norte
Fiat Cronos,Fiat Cronos 1.3 Gse Drive Pack Conectividad,26507000.0,$,2026,0 Km,Capital Federal - Capital Federal
Fiat Cronos,Fiat Cronos 1.3 Gse Drive Cvt Pack Plus,31375000.0,$,2024,0 Km,San Isidro - Bs.As. G.B.A. Norte
Fiat Cronos,Fiat Cronos 1.3 Gse Precision Cvt,26699999.0,$,2026,0 Km,San Isidro - Bs.As. G.B.A. Norte
Fiat Cronos,Fiat Cronos 1.3 Gse Drive,21500000.0,$,2023,82.000 Km,Capital Federal - Capital Federal
Fiat Cronos,Fiat Cronos 1.3 Drive Mt,10600000.0,$,2023,0 Km,Capital Federal - Capital Federal
Fiat Cronos,Fiat Cronos 1.3 Gse Precision Cvt,31614000.0,$,2025,0 Km,Pilar - Buenos Aires Interior
Fiat Cronos,Fiat Cronos 1.8 16v Precision,15000.0,US$,2022,57.000 Km,La Matanza - Bs.As. G.B.A. Oeste
Fiat Cronos,Fiat Cronos 1.3 Gse Precision Cvt,27100000.0,$,2025,0 Km,Capital Federal - Capital Federal
Fiat Cronos,Fiat Cronos 1.3 Drive Mt,19500000.0,$,2022,165.000 Km,San Miguel - Bs.As. G.B.A. Norte
Fiat Cronos,Fiat Cronos 1.3 Gse Drive Pack Plus,28500000.0,$,2026,0 Km,Capital Federal - Capital Federal
Fiat Cronos,Fiat Cronos 1.3 Precision Cvt 0 Km,31000000.0,$,2026,0 Km,Avellaneda - Bs.As. G.B.A. Sur
Fiat Cronos,Fiat Cronos 1.3 Attractive Mt,26902000.0,$,2025,0 Km,Capital Federal - Capital Federal
Fiat Cronos,Fiat Cronos 1.3 Gse Drive Pack Plus,29650000.0,$,2026,0 Km,San Isidro - Bs.As. G.B.A. Norte
Fiat Cronos,Fiat Cronos 1.8 16v Precision At6,21500000.0,$,2019,71.200 Km,Capital Federal - Capital Federal
Fiat Cronos,Fiat Cronos 1.8 16v Precision,19500000.0,$,2021,76.000 Km,Moreno - Bs.As. G.B.A. Oeste
Fiat Cronos,Fiat Cronos 1.3 Gse Precision Cvt,31910000.0,$,2025,0 Km,Avellaneda - Bs.As. G.B.A. Sur
Fiat Cronos,Fiat Cronos 1.3,19500000.0,$,2026,0 Km,Quilmes - Bs.As. G.B.A. Sur
Fiat Cronos,Fiat Cronos 1.3 Gse Drive Pack Plus,26180000.0,$,2026,0 Km,Capital Federal - Capital Federal
Fiat Cronos,Fiat Cronos 1.3 Precision Cvt Full,30644000.0,$,2026,0 Km,Avellaneda - Bs.As. G.B.A. Sur
Fiat Cronos,Fiat Cronos 1.3 Gse Drive Pack Conectividad,5000000.0,$,2027,0 Km,Capital Federal - Capital Federal
Fiat Cronos,Fiat Cronos 1.3 Gse Like,7000000.0,$,2027,0 Km,Capital Federal - Capital Federal
Fiat Cronos,Fiat Cronos 1.3 Like,24981040.0,$,2026,0 Km,San Miguel - Bs.As. G.B.A. Norte
Fiat Cronos,Fiat Cronos 1.3 Gse Like,5000000.0,$,2027,0 Km,Morón - Bs.As. G.B.A. Oeste
Fiat Cronos,Fiat Cronos 1.3 Gse Like,27542000.0,$,2025,0 Km,Mercedes - Buenos Aires Interior
Fiat Cronos,Fiat Cronos 1.8 Pack Style,20500000.0,$,2021,84.000 Km,Capital Federal - Capital Federal
Fiat Cronos,Fiat Cronos 1.3 Gse Like,7000000.0,$,2027,0 Km,La Plata - Bs.As. G.B.A. Sur
Fiat Cronos,Fiat Cronos 1.3 Gse Like,25800000.0,$,2025,0 Km,General San Martín - Bs.As. G.B.A. Norte
Fiat Cronos,Fiat Cronos 1.3 Precision Cvt,23000000.0,$,2023,0 Km,La Matanza - Bs.As. G.B.A. Oeste
Fiat Cronos,Fiat Cronos 1.3 Gse Precision Cvt,29900000.0,$,2026,0 Km,Capital Federal - Capital Federal
Fiat Cronos,Fiat Cronos 1.3 Gse Like,21000000.0,$,2027,0 Km,Florencio Varela - Bs.As. G.B.A. Sur
Fiat Cronos,Fiat Cronos 1.3 Gse Drive Pack Plus,28600000.0,$,2026,0 Km,Avellaneda - Bs.As. G.B.A. Sur
Fiat Cronos,Fiat Cronos 1.3 Drive Mt,28700000.0,$,2025,0 Km,Capital Federal - Capital Federal
Fiat Cronos,Fiat Cronos 1.3 Gse Drive Pack Plus,32000000.0,$,2025,0 Km,Capital Federal - Capital Federal
Fiat Cronos,Fiat Cronos 1.3 Gse Drive Pack Plus,28500000.0,$,2025,0 Km,Capital Federal - Capital Federal
Fiat Cronos,Fiat Cronos 1.3 Gse Drive Pack Plus,28650000.0,$,2025,0 Km,San Isidro - Bs.As. G.B.A. Norte
Fiat Cronos,Fiat Cronos 1.3 Gse Drive Pack Plus,30107000.0,$,2025,0 Km,Luján - Buenos Aires Interior
Fiat Cronos,Fiat Cronos 1.3 Gse Drive Pack Plus,30107000.0,$,2025,0 Km,Mercedes - Buenos Aires Interior
Fiat Cronos,Fiat Cronos 1.3 Gse Drive Pack Plus,30107000.0,$,2025,0 Km,Campana - Buenos Aires Interior
Fiat Cronos,Fiat Cronos 1.3,19300000.0,$,2026,0 Km,Capital Federal - Capital Federal
Fiat Cronos,Fiat Cronos 1.8 16v Precision At6 Pack Premium,42000.0,US$,2022,1.111 Km,San Isidro - Bs.As. G.B.A. Norte
Fiat Cronos,Fiat Cronos 1.3 Gse Drive Pack Conectividad,19800000.0,$,2021,90.000 Km,Avellaneda - Bs.As. G.B.A. Sur
Fiat Cronos,Fiat Cronos 1.8 16v Precision,19700000.0,$,2021,95.000 Km,Caseros - Bs.As. G.B.A. Oeste
Fiat Cronos,Fiat Cronos 1.3 Gse Drive Pack Plus,26400000.0,$,2026,0 Km,Capital Federal - Capital Federal
Fiat Cronos,Fiat Cronos 1.3 Gse Drive Pack Conectividad,16000.0,US$,2024,0 Km,Lanús - Bs.As. G.B.A. Sur
Fiat Cronos,Fiat Cronos 1.3 Gse Drive Pack Plus,25500300.0,$,2026,0 Km,San Isidro - Bs.As. G.B.A. Norte
Fiat Cronos,Fiat Cronos 1.3 Drive Mt,19900000.0,$,2022,106.000 Km,Quilmes - Bs.As. G.B.A. Sur
Fiat Cronos,Fiat Cronos 1.3 Gse Drive Pack Conectividad,14500000.0,$,2023,0 Km,Capital Federal - Capital Federal
Fiat Cronos,Fiat Cronos 1.3 Gse Like,24981040.0,$,2025,0 Km,San Miguel - Bs.As. G.B.A. Norte
Fiat Cronos,Fiat Cronos 1.3 Gse Drive,12400000.0,$,2027,0 Km,Capital Federal - Capital Federal
Fiat Cronos,Fiat Cronos 1.3 Gse Precision Cvt,20600000.0,$,2022,50.786 Km,Capital Federal - Capital Federal
Fiat Cronos,Fiat Cronos 1.3 Gse Drive Pack Plus,25600000.0,$,2026,0 Km,Capital Federal - Capital Federal
Fiat Cronos,Fiat Cronos 1.3 Drive Cvt,17000.0,US$,2023,15.000 Km,Berazategui - Bs.As. G.B.A. Sur
Fiat Cronos,Fiat Cronos 1.3 Drive Cvt,20900000.0,$,2023,48.000 Km,La Matanza - Bs.As. G.B.A. Oeste
Fiat Cronos,Fiat Cronos 1.3 Gse Drive,13900.0,US$,2021,63.000 Km,Moreno - Bs.As. G.B.A. Oeste
Fiat Cronos,Fiat Cronos 1.3 Gse Like,3750000.0,$,2027,0 Km,Almirante Brown - Bs.As. G.B.A. Sur
Fiat Cronos,Fiat Cronos 1.3 Gse Like,25800000.0,$,2025,0 Km,Avellaneda - Bs.As. G.B.A. Sur
Fiat Cronos,Fiat Cronos 1.3 Gse Like,3750000.0,$,2027,0 Km,Moreno - Bs.As. G.B.A. Oeste
Fiat Cronos,Fiat Cronos 1.8 16v Precision Pack Premium,19900000.0,$,2022,73.000 Km,Vicente López - Bs.As. G.B.A. Norte
Fiat Cronos,Fiat Cronos 1.3 Gse Precision Cvt,31500000.0,$,2026,0 Km,Lanús - Bs.As. G.B.A. Sur
Fiat Cronos,Fiat Cronos Drive 1.3 Cvt Pack Plus,29200000.0,$,2026,0 Km,Vicente López - Bs.As. G.B.A. Norte
Fiat Cronos,Fiat Cronos 1.3 Gse Drive Pack Plus,29000000.0,$,2025,0 Km,Pilar - Bs.As. G.B.A. Norte
Fiat Cronos,Fiat Cronos 1.3 Like Manual,27226000.0,$,2026,0 Km,Avellaneda - Bs.As. G.B.A. Sur
Fiat Cronos,Fiat Cronos 1.3 Drive Pack Conectividad,15850000.0,$,2021,88.624 Km,Capital Federal - Capital Federal
Fiat Cronos,Fiat Cronos 1.3 Gse Drive Pack Conectividad,21000000.0,$,2021,67.700 Km,Capital Federal - Capital Federal
Fiat Cronos,Fiat Cronos 1.3 Stile Mt,25900000.0,$,2023,60.000 Km,Morón - Bs.As. G.B.A. Oeste
Fiat Cronos,Fiat Cronos 1.3 Gse Drive Pack Conectividad,18500000.0,$,2021,83.000 Km,La Matanza - Bs.As. G.B.A. Oeste
Fiat Cronos,Fiat Cronos 1.8 16v Precision Pack Premium,21910000.0,$,2021,52.000 Km,General San Martín - Bs.As. G.B.A. Norte
Fiat Cronos,Fiat Cronos 1.3 Gse Drive Pack Plus,21000000.0,$,2024,0 Km,La Matanza - Bs.As. G.B.A. Oeste
Fiat Cronos,Fiat Cronos 1.3 Gse Drive Pack Conectividad,21200000.0,$,2021,34.000 Km,Capital Federal - Capital Federal
Fiat Cronos,Fiat Cronos 1.8 16v Precision Pack Premium,21200000.0,$,2021,63.400 Km,Hurlingham - Bs.As. G.B.A. Oeste
Fiat Cronos,Fiat Cronos 1.3 Gse Drive Pack Conectividad,25700096.0,$,2026,0 Km,Pilar - Bs.As. G.B.A. Norte
Fiat Cronos,Fiat Cronos 1.3 Gse Drive Pack Conectividad,13700.0,US$,2021,80.000 Km,La Plata - Bs.As. G.B.A. Sur
Fiat Cronos,Fiat Cronos 1.3 Gse Drive Pack Conectividad,20500000.0,$,2021,90.414 Km,Lomas De Zamora - Bs.As. G.B.A. Sur
Fiat Cronos,Fiat Cronos 1.3 Gse Drive Pack Plus Cvt,26000000.0,$,2026,0 Km,Merlo - Bs.As. G.B.A. Oeste
Fiat Cronos,Fiat Cronos 1.3 Gse Drive Pack Plus Cvt,29800100.0,$,2026,0 Km,Pilar - Bs.As. G.B.A. Norte
Fiat Cronos,Fiat Cronos 1.3 Drive Cvt,31600000.0,$,2025,0 Km,Ezeiza - Bs.As. G.B.A. Sur
Fiat Cronos,Fiat Cronos 1.3 Gse Drive Pack Plus,32848000.0,$,2025,0 Km,La Plata - Bs.As. G.B.A. Sur
Fiat Cronos,Fiat Cronos 1.3 Gse Precision Cvt,27900000.0,$,2024,1.000 Km,Pilar - Bs.As. G.B.A. Norte
Fiat Cronos,Fiat Cronos 1.3 Gse Drive Pack Plus,16800000.0,$,2025,0 Km,Capital Federal - Capital Federal
Fiat Cronos,Fiat Cronos 1.3 Drive Mt,21000000.0,$,2022,47.418 Km,Capital Federal - Capital Federal
Fiat Cronos,Fiat Cronos 1.3 Attractive Mt,26901000.0,$,2026,0 Km,Capital Federal - Capital Federal
Fiat Cronos,Fiat Cronos 1.3 Drive Cvt,29200000.0,$,2026,0 Km,Capital Federal - Capital Federal
Fiat Cronos,Fiat Cronos 1.3 Precision Cvt,30846872.0,$,2026,0 Km,Capital Federal - Capital Federal
Fiat Cronos,Fiat Cronos Cvt,29239000.0,$,2026,0 Km,Capital Federal - Capital Federal
Fiat Cronos,Fiat Cronos 1.3 Drive Plus Cvt,30417632.0,$,2026,0 Km,San Miguel - Bs.As. G.B.A. Norte
Fiat Cronos,Fiat Cronos Precision,31000000.0,$,2026,0 Km,Capital Federal - Capital Federal
Fiat Cronos,Fiat Cronos 1.3 Drive,19640000.0,$,2021,70.170 Km,Capital Federal - Capital Federal
Fiat Cronos,Fiat Cronos 1.3 Gse Drive,18500000.0,$,2021,169.300 Km,General San Martín - Bs.As. G.B.A. Norte
Fiat Cronos,Fiat Cronos 1.3 Drive Cvt,32000000.0,$,2026,0 Km,San Miguel - Bs.As. G.B.A. Norte
Fiat Cronos,Fiat Cronos 1.3 Gse Drive Pack Plus Cvt,31500000.0,$,2026,0 Km,Capital Federal - Capital Federal
Fiat Cronos,Fiat Cronos 1.3 Drive Mt,11000000.0,$,2023,0 Km,Capital Federal - Capital Federal
Fiat Cronos,Fiat Cronos 1.3 Gse Like,7000000.0,$,2027,0 Km,Morón - Bs.As. G.B.A. Oeste
Fiat Cronos,Fiat Cronos 1.3 Gse Drive,18900000.0,$,2022,79.000 Km,Capital Federal - Capital Federal
Fiat Cronos,Fiat Cronos 1.3 Gse Drive Pack Conectividad,12490.0,US$,2019,123.000 Km,Tigre - Bs.As. G.B.A. Norte
Fiat Cronos,Fiat Cronos 1.3 Gse Drive,19500000.0,$,2021,95.000 Km,Malvinas Argentinas - Bs.As. G.B.A. Norte
Fiat Cronos,Fiat Cronos Drive Oferta Real Retiro Inmediato,30400000.0,$,2026,0 Km,Capital Federal - Capital Federal
Fiat Cronos,Fiat Cronos 1.3 Gse Like,3750000.0,$,2027,0 Km,Merlo - Bs.As. G.B.A. Oeste
Fiat Cronos,Fiat Cronos 1.3 Gse Drive Pack Conectividad,20000000.0,$,2021,40.000 Km,Berazategui - Bs.As. G.B.A. Sur
Fiat Cronos,Fiat Cronos 1.3 Gse Like,24900000.0,$,2026,0 Km,Capital Federal - Capital Federal
Fiat Cronos,Fiat Cronos 1.3 Gse Precision Cvt,26700000.0,$,2025,2.025 Km,Avellaneda - Bs.As. G.B.A. Sur
Fiat Cronos,Fiat Cronos 1.8 16v Precision At6 Pack Premium,19800000.0,$,2021,69.000 Km,Beccar - Bs.As. G.B.A. Norte
Fiat Cronos,Fiat Cronos 1.3 Gse Drive Pack Plus,26000000.0,$,2026,0 Km,Merlo - Bs.As. G.B.A. Oeste
Fiat Cronos,Fiat Cronos 1.3 Gse Like,12990000.0,$,2027,0 Km,Escobar - Bs.As. G.B.A. Norte
Fiat Cronos,Fiat Cronos 1.3 Gse Precision Cvt,31500000.0,$,2026,0 Km,Capital Federal - Capital Federal
Fiat Cronos,Fiat Cronos 1.3 Precision Cvt,31504000.0,$,2026,0 Km,Capital Federal - Capital Federal
Fiat Cronos,Fiat Cronos 1.3 Precision Cvt,31509000.0,$,2026,0 Km,Capital Federal - Capital Federal
Fiat Cronos,Fiat Cronos 1.3 Gse Precision Cvt,30846872.0,$,2026,0 Km,Capital Federal - Capital Federal
Fiat Cronos,Fiat Cronos 1.3 Precision Cvt,31508000.0,$,2026,0 Km,Capital Federal - Capital Federal
Fiat Cronos,Fiat Cronos 1.3 Gse Precision Cvt,30790000.0,$,2026,0 Km,Capital Federal - Capital Federal
Fiat Cronos,Fiat Cronos 1.3 Precision Cvt,31506000.0,$,2026,0 Km,Capital Federal - Capital Federal
Fiat Cronos,Fiat Cronos 1.3 Gse Precision Cvt,26900000.0,$,2026,0 Km,Ezeiza - Bs.As. G.B.A. Sur
Fiat Cronos,Fiat Cronos 1.3 Gse Precision Cvt,31709744.0,$,2026,0 Km,Capital Federal - Capital Federal
Fiat Cronos,Fiat Cronos 1.3 Gse Precision Cvt,27000000.0,$,2026,0 Km,Berazategui - Bs.As. G.B.A. Sur
Fiat Cronos,Fiat Cronos 1.3 Gse Precision Cvt,29000000.0,$,2026,0 Km,La Matanza - Bs.As. G.B.A. Oeste
Fiat Cronos,Fiat Cronos 1.3 Gse Precision Cvt,37400000.0,$,2026,0 Km,San Isidro - Bs.As. G.B.A. Norte
Fiat Cronos,Fiat Cronos 1.3 Gse Precision Cvt,37974000.0,$,2026,0 Km,Lomas De Zamora - Bs.As. G.B.A. Sur
Fiat Cronos,Fiat Cronos 1.3 Gse Precision Cvt,30907872.0,$,2026,0 Km,Capital Federal - Capital Federal
Fiat Cronos,Fiat Cronos 1.3 Gse Precision Cvt,37974000.0,$,2026,0 Km,Quilmes - Bs.As. G.B.A. Sur
Fiat Cronos,Fiat Cronos 1.3 Gse Precision Cvt,26999000.0,$,2026,0 Km,Pilar - Bs.As. G.B.A. Norte
Fiat Cronos,Fiat Cronos 1.3 Gse Precision Cvt,30500000.0,$,2026,0 Km,Pilar - Bs.As. G.B.A. Norte
Fiat Cronos,Fiat Cronos 1.3 Gse Precision Cvt,32310000.0,$,2026,0 Km,San Isidro - Bs.As. G.B.A. Norte
Fiat Cronos,Fiat Cronos 1.3 Gse Precision Cvt,31300000.0,$,2026,0 Km,Capital Federal - Capital Federal
Fiat Cronos,Fiat Cronos 1.3 Gse Precision Cvt,30526000.0,$,2026,0 Km,Capital Federal - Capital Federal
Fiat Cronos,Fiat Cronos 1.3 Gse Precision Cvt,31500000.0,$,2026,0 Km,La Matanza - Bs.As. G.B.A. Oeste
Fiat Cronos,Fiat Cronos 1.3 Gse Drive,19000000.0,$,2021,96.000 Km,Castelar - Bs.As. G.B.A. Oeste
Fiat Cronos,Fiat Cronos 1.3 Gse Drive Pack Conectividad,19500000.0,$,2021,53.000 Km,Morón - Bs.As. G.B.A. Oeste
Fiat Cronos,Fiat Cronos 1.3 Gse Like,26600000.0,$,2025,932 Km,Capital Federal - Capital Federal
Fiat Cronos,Fiat Cronos 1.3 Gse Precision Cvt,31614000.0,$,2025,0 Km,Luján - Buenos Aires Interior
Fiat Cronos,Fiat Cronos 1.3 Drive Cvt,21780000.0,$,2023,28.089 Km,Capital Federal - Capital Federal
Fiat Cronos,Fiat Cronos 1.3 Gse Drive,19600000.0,$,2022,98.000 Km,Capital Federal - Capital Federal
Fiat Cronos,Fiat Cronos 1.3 Gse Like,24981040.0,$,2025,0 Km,San Miguel - Bs.As. G.B.A. Norte
Fiat Cronos,Fiat Cronos 1.3 Gse Drive Pack Conectividad,20500000.0,$,2021,65.000 Km,Capital Federal - Capital Federal
Fiat Cronos,Fiat Cronos 1.3 Gse Drive Pack Plus,27000000.0,$,2026,0 Km,La Matanza - Bs.As. G.B.A. Oeste
Fiat Cronos,Fiat Cronos 1.3 Gse Drive Pack Conectividad,16000000.0,$,2021,93.500 Km,Tigre - Bs.As. G.B.A. Norte
Fiat Cronos,Fiat Cronos 1.3 Gse Drive Pack Conectividad,19500000.0,$,2021,68.000 Km,General San Martín - Bs.As. G.B.A. Norte
Fiat Cronos,Fiat Cronos 1.3 Gse Precision Cvt,34500000.0,$,2025,0 Km,General San Martín - Bs.As. G.B.A. Norte
Fiat Cronos,Fiat Cronos 1.3 Gse Drive Pack Plus Cvt,33000000.0,$,2025,0 Km,Capital Federal - Capital Federal
Fiat Cronos,Fiat Cronos 1.3 Gse Drive Pack Plus Cvt,26500000.0,$,2026,0 Km,Capital Federal - Capital Federal
Fiat Cronos,Fiat Cronos 1.3 Gse Drive Pack Plus,24000000.0,$,2024,60.000 Km,Moreno - Bs.As. G.B.A. Oeste
Fiat Cronos,Fiat Cronos 1.3 Gse Drive Pack Conectividad,25700700.0,$,2026,0 Km,Capital Federal - Capital Federal
Fiat Cronos,Fiat Cronos 1.3 Gse Like,23900000.0,$,2025,0 Km,Malvinas Argentinas - Bs.As. G.B.A. Norte
Fiat Cronos,Fiat Cronos 1.3 Gse Like,26000000.0,$,2025,0 Km,Capital Federal - Capital Federal
Fiat Cronos,Fiat Cronos 1.3 Gse Like,29500000.0,$,2025,0 Km,Quilmes - Bs.As. G.B.A. Sur
Fiat Cronos,Fiat Cronos 1.3 Gse Like,29565000.0,$,2025,0 Km,General San Martín - Bs.As. G.B.A. Norte
Fiat Cronos,Fiat Cronos 1.3 Gse Drive,20500000.0,$,2021,95.000 Km,Pilar - Bs.As. G.B.A. Norte
Fiat Cronos,Fiat Cronos 1.3 Gse Precision Cvt,27780000.0,$,2025,0 Km,Hurlingham - Bs.As. G.B.A. Oeste
Fiat Cronos,Fiat Cronos 1.3 Gse Precision Cvt,31614000.0,$,2026,0 Km,Luján - Buenos Aires Interior
Fiat Cronos,Fiat Cronos 1.3 Gse Drive,16990.0,US$,2024,20.000 Km,Ituzaingó - Bs.As. G.B.A. Oeste
Fiat Cronos,Fiat Cronos 1.3 Drive Pack S-desing,20040000.0,$,2022,53.136 Km,Malvinas Argentinas - Bs.As. G.B.A. Norte
Fiat Cronos,Fiat Cronos 1.3 Gse Drive,21000000.0,$,2023,50.000 Km,La Matanza - Bs.As. G.B.A. Oeste
Fiat Cronos,Fiat Cronos 1.3 Gse Drive,21990000.0,$,2023,54.251 Km,Capital Federal - Capital Federal
Fiat Cronos,Fiat Cronos 1.3 Gse Drive,21000000.0,$,2023,24.985 Km,Capital Federal - Capital Federal
Fiat Cronos,Fiat Cronos 1.3 Gse Drive,20900000.0,$,2023,48.000 Km,San Isidro - Bs.As. G.B.A. Norte
Fiat Cronos,Fiat Cronos 1.3 Gse Precision Cvt,32000000.0,$,2025,0 Km,Beccar - Bs.As. G.B.A. Norte
Fiat Cronos,Fiat Cronos 1.8 16v Precision,22000000.0,$,2021,57.000 Km,La Matanza - Bs.As. G.B.A. Oeste
Fiat Cronos,Fiat Cronos 1.8 Precision,21010000.0,$,2022,48.247 Km,Capital Federal - Capital Federal
Fiat Cronos,Fiat Cronos 1.8 16v Precision,19800000.0,$,2022,60.000 Km,Capital Federal - Capital Federal
Fiat Cronos,Fiat Cronos 1.3 Drive Mt,30107000.0,$,2025,0 Km,Mercedes - Buenos Aires Interior
Fiat Cronos,Fiat Cronos 1.3 Gse Drive Pack Plus,27000000.0,$,2026,0 Km,Capital Federal - Capital Federal
Fiat Cronos,Fiat Cronos 1.3 Gse Drive Pack Plus,30439928.0,$,2026,0 Km,Capital Federal - Capital Federal
Fiat Cronos,Fiat Cronos 1.3 Gse Drive Pack Plus,28350000.0,$,2026,0 Km,La Plata - Bs.As. G.B.A. Sur
Fiat Cronos,Fiat Cronos 1.3 Gse Drive Pack Plus,31327830.0,$,2026,0 Km,Capital Federal - Capital Federal
Fiat Cronos,Fiat Cronos 1.3 Gse Drive Pack Conectividad,25705000.0,$,2026,0 Km,Capital Federal - Capital Federal
Fiat Cronos,Fiat Cronos 1.3 Gse Drive Pack Plus,18900.0,US$,2026,0 Km,Caseros - Bs.As. G.B.A. Oeste
Renault Logan,Renault Logan Intens Cvt,18500000.0,$,2019,72.000 Km,San Isidro - Bs.As. G.B.A. Norte
Renault Logan,Renault Logan 1.6 Authentique 85cv,13000000.0,$,2017,72.000 Km,Campana - Buenos Aires Interior
Renault Logan,Renault Logan 1.6 Privilége Plus 105cv Nac,14900000.0,$,2017,55.400 Km,Capital Federal - Capital Federal
Renault Logan,Renault Logan 1.6 Pack I 90cv,7000000.0,$,2013,175.000 Km,Avellaneda - Bs.As. G.B.A. Sur
Renault Logan,Renault Logan 1.6 16v Life,25000000.0,$,2026,0 Km,Esteban Echeverría - Bs.As. G.B.A. Sur
Renault Logan,Renault Logan 1.6 16v Life,23325000.0,$,2025,0 Km,Capital Federal - Capital Federal
Renault Logan,Renault Logan 1.6 16v Life,24000000.0,$,2026,0 Km,Capital Federal - Capital Federal
Renault Logan,Renault Logan 1.6 16v Life,25584000.0,$,2025,0 Km,Capital Federal - Capital Federal
Renault Logan,Renault Logan 1.6 Privilege 105cv Nac,17499999.0,$,2017,88.000 Km,Capital Federal - Capital Federal
Renault Logan,Renault Logan 1.6 16v Zen,22000000.0,$,2022,24.000 Km,La Plata - Bs.As. G.B.A. Sur
Renault Logan,Renault Logan 1.6 Authentique Plus 85cv,15800000.0,$,2018,103.000 Km,Capital Federal - Capital Federal
Renault Logan,Renault Logan 1.6 16v Intense,13000.0,US$,2022,78.600 Km,Capital Federal - Capital Federal
Renault Logan,Renault Logan 1.6 Authentique 85cv,11500.0,US$,2018,101.000 Km,Escobar - Bs.As. G.B.A. Norte
Renault Logan,Renault Logan 1.6 Privilege 105cv,14900000.0,$,2017,110.575 Km,Escobar - Bs.As. G.B.A. Norte
Renault Logan,Renault Logan 1.6 Privilege Plus 105cv,17600000.0,$,2019,96.500 Km,Lomas De Zamora - Bs.As. G.B.A. Sur
Renault Logan,Renault Logan 1.6 16v Intense,27952000.0,$,2026,0 Km,Capital Federal - Capital Federal
Renault Logan,Renault Logan Ph2 Pack 1.6 8v,8900000.0,$,2011,176.000 Km,Capital Federal - Capital Federal
Renault Logan,Renault Logan 1.6 Privilege 105cv,13900000.0,$,2015,109.500 Km,Capital Federal - Capital Federal
Renault Logan,Renault Logan 1.6 Authentique Plus 85cv,13500000.0,$,2018,102.000 Km,San Fernando - Bs.As. G.B.A. Norte
Renault Logan,Renault Logan 1.6 16v Intense,26989900.0,$,2026,0 Km,Almirante Brown - Bs.As. G.B.A. Sur
Renault Logan,Renault Logan 1.6 16v Life,16900000.0,$,2020,122.000 Km,Capital Federal - Capital Federal
Renault Logan,Renault Logan Ph2 Intens 1.6,19000000.0,$,2019,64.000 Km,La Plata - Bs.As. G.B.A. Sur
Renault Logan,Renault Logan 1.6 Authentique Pack I 90cv,5800000.0,$,2012,430.000 Km,Lomas De Zamora - Bs.As. G.B.A. Sur
Renault Logan,Renault Logan 1.6 Authentique Plus 85cv,12500000.0,$,2014,116.000 Km,Lomas De Zamora - Bs.As. G.B.A. Sur
Renault Logan,Renault Logan 1.6 Intens,15620000.0,$,2021,114.230 Km,Malvinas Argentinas - Bs.As. G.B.A. Norte
Renault Logan,Renault Logan 1.6 16v Life,25600000.0,$,2025,0 Km,Capital Federal - Capital Federal
Renault Logan,Renault Logan 1.6 Privilege 105cv,14500000.0,$,2018,166.000 Km,Capital Federal - Capital Federal
Renault Logan,Renault Logan 1.6 Authentique Plus 85cv,12500000.0,$,2016,227.000 Km,Capital Federal - Capital Federal
Renault Logan,Renault Logan 1.6 16v Life,17000.0,US$,2024,17.900 Km,La Matanza - Bs.As. G.B.A. Oeste
Renault Logan,Renault Logan 1.6 16v Life,25584000.0,$,2026,0 Km,Capital Federal - Capital Federal
Renault Logan,Renault Logan 1.6 Pack Plus,8200000.0,$,2010,175.000 Km,Capital Federal - Capital Federal
Renault Logan,Renault Logan 1.6 Privilege Plus 105cv,12250000.0,$,2016,193.250 Km,Capital Federal - Capital Federal
Renault Logan,Renault Logan 1.6 Expression 85cv,12800000.0,$,2017,171.000 Km,Capital Federal - Capital Federal
Renault Logan,Renault Logan 1.6 Expression Pack I 90cv,8000000.0,$,2012,240.000 Km,Hurlingham - Bs.As. G.B.A. Oeste
Renault Logan,Renault Logan 1.6 16v Intense,14500.0,US$,2021,60.000 Km,General San Martín - Bs.As. G.B.A. Norte
Renault Logan,Renault Logan Ii 1.6 16v Life,29460000.0,$,2025,0 Km,Capital Federal - Capital Federal
Renault Logan,Renault Logan 1.6 Expression 85cv,11800000.0,$,2014,188.500 Km,Quilmes - Bs.As. G.B.A. Sur
Renault Logan,Renault Logan 1.6 Authentique 85cv,10000.0,US$,2014,130.000 Km,La Matanza - Bs.As. G.B.A. Oeste
Renault Logan,Renault Logan 1.6 Privilege 105cv,12500.0,US$,2019,68.000 Km,Capital Federal - Capital Federal
Renault Logan,Renault Logan 1.6 16v Life,19900000.0,$,2024,30.000 Km,Ituzaingó - Bs.As. G.B.A. Oeste
Renault Logan,Renault Logan 1.6 Pack Ii Abcp+abs 90cv,6000.0,US$,2013,189.000 Km,Vicente López - Bs.As. G.B.A. Norte
Renault Logan,Renault Logan 1.6 Privilege 105cv,12300000.0,$,2015,155.000 Km,Ituzaingó - Bs.As. G.B.A. Oeste
Renault Logan,Renault Logan 1.6 16v Intense,29169960.0,$,2025,0 Km,Capital Federal - Capital Federal
Renault Logan,Renault Logan 1.6 16v Life,16500000.0,$,2021,125.000 Km,Tigre - Bs.As. G.B.A. Norte
Renault Logan,Renault Logan 1.6 16v Intense,27952200.0,$,2026,0 Km,Capital Federal - Capital Federal
Renault Logan,Renault Logan 1.6 16v Intense,29390000.0,$,2026,0 Km,Capital Federal - Capital Federal
Renault Logan,Renault Logan 1.6 16v Intense,27952000.0,$,2026,0 Km,Capital Federal - Capital Federal
Renault Logan,Renault Logan 1.6 16v Intense,29500000.0,$,2026,0 Km,Capital Federal - Capital Federal
Renault Logan,Renault Logan 1.6 Authentique Plus 85cv,9000000.0,$,2017,180.000 Km,La Matanza - Bs.As. G.B.A. Oeste
Renault Logan,Renault Logan 1.6 Privilege Plus 105cv,9800000.0,$,2014,111.111 Km,Capital Federal - Capital Federal
Renault Logan,Renault Logan 1.6 16v Intense,30400000.0,$,2026,0 Km,Capital Federal - Capital Federal
Renault Logan,Renault Logan 1.6 16v Intense,20500000.0,$,2022,51.959 Km,San Isidro - Bs.As. G.B.A. Norte
Renault Logan,Renault Logan 1.6 16v Life,30934000.0,$,2026,0 Km,General Rodríguez - Bs.As. G.B.A. Oeste
Renault Logan,Renault Logan 1.6 16v Life,27500000.0,$,2026,0 Km,Capital Federal - Capital Federal
Renault Logan,Renault Logan 1.6 16v Life,27952800.0,$,2026,0 Km,Hurlingham - Bs.As. G.B.A. Oeste
Renault Logan,Renault Logan 1.6 16v Intense,25859000.0,$,2026,0 Km,Capital Federal - Capital Federal
Renault Logan,Renault Logan 1.6 16v Zen,30300000.0,$,2021,0 Km,Lanús - Bs.As. G.B.A. Sur
Renault Logan,Renault Logan 1.6 16v Life,27822000.0,$,2026,0 Km,Capital Federal - Capital Federal
Renault Logan,Renault Logan 1.6 Expression 85cv,14000000.0,$,2016,146.100 Km,La Plata - Bs.As. G.B.A. Sur
Renault Logan,Renault Logan 1.6 Privilege Plus 105cv,12000000.0,$,2016,143.500 Km,Capital Federal - Capital Federal
Renault Logan,Renault Logan 1.6 16v Life,19988000.0,$,2022,63.000 Km,Quilmes - Bs.As. G.B.A. Sur
Renault Logan,Renault Logan 1.6 Authentique Plus 85cv,12900000.0,$,2018,167.000 Km,Capital Federal - Capital Federal
Renault Logan,Renault Logan 1.6 Authentique Plus,12630000.0,$,2017,118.446 Km,Capital Federal - Capital Federal
Renault Logan,Renault Logan 1.6 Privilege Plus 105cv,14200000.0,$,2016,175.000 Km,Capital Federal - Capital Federal
Renault Logan,Renault Logan 1.6,28000000.0,$,2026,0 Km,La Plata - Bs.As. G.B.A. Sur
Renault Logan,Renault Logan 1.6 Expression 85cv,10200.0,US$,2017,140.000 Km,Campana - Buenos Aires Interior
Renault Logan,Renault Logan 1.6 Pack Plus,7900.0,US$,2011,122.000 Km,Avellaneda - Bs.As. G.B.A. Sur
Renault Logan,Renault Logan 1.6 Expression 85cv,13900000.0,$,2018,120.000 Km,Lomas De Zamora - Bs.As. G.B.A. Sur
Renault Logan,Renault Logan 1.6 Authentique Plus 85cv,16000000.0,$,2018,50.000 Km,Malvinas Argentinas - Bs.As. G.B.A. Norte
Renault Logan,Renault Logan 1.6 Privilege,12390000.0,$,2017,133.371 Km,Capital Federal - Capital Federal
Renault Logan,Renault Logan 1.6 Privilege,17450000.0,$,2017,62.516 Km,Capital Federal - Capital Federal
Renault Logan,Renault Logan 1.6 Privilege 105cv,14500000.0,$,2016,140.000 Km,General Las Heras - Buenos Aires Interior
Renault Logan,Renault Logan 1.6 Authentique Plus 85cv,13999000.0,$,2018,78.000 Km,Capital Federal - Capital Federal
Renault Logan,Renault Logan 1.6 16v Life,25024000.0,$,2026,0 Km,La Plata - Bs.As. G.B.A. Sur
Renault Logan,Renault Logan 1.6 Authentique Plus 85cv Nac,14900000.0,$,2018,111.000 Km,Capital Federal - Capital Federal
Renault Logan,Renault Logan 1.6 Privilege 105cv,16490000.0,$,2018,70.000 Km,Capital Federal - Capital Federal
Renault Logan,Renault Logan 1.6 Pack Ii Abcp+abs 90cv,9500000.0,$,2013,198.000 Km,Capital Federal - Capital Federal
Renault Logan,Renault Logan 1.6 Authentique Plus 85cv,14000000.0,$,2018,121.000 Km,La Matanza - Bs.As. G.B.A. Oeste
Renault Logan,Renault Logan 1.6 16v Intense,23714.0,US$,2026,0 Km,Castelar - Bs.As. G.B.A. Oeste
Renault Logan,Renault Logan 1.6 Expression 85cv,11900000.0,$,2015,138.000 Km,Lanús - Bs.As. G.B.A. Sur
Renault Logan,Renault Logan 1.6 Privilege 105cv,14500000.0,$,2018,96.000 Km,Capital Federal - Capital Federal
Renault Logan,Renault Logan 1.6 Authentique Plus 85cv,15900000.0,$,2018,66.800 Km,Capital Federal - Capital Federal
Renault Logan,Renault Logan 1.6,6500000.0,$,2009,163.000 Km,Capital Federal - Capital Federal
Renault Logan,Renault Logan 1.6 Authentique Plus 85cv,13500000.0,$,2016,70.000 Km,San Isidro - Bs.As. G.B.A. Norte
Renault Logan,Renault Logan 1.6 Authentique 85cv,12000000.0,$,2017,125.000 Km,Capital Federal - Capital Federal
Renault Logan,Renault Logan 1.6 Expression 85cv,16000000.0,$,2019,65.000 Km,Morón - Bs.As. G.B.A. Oeste
Renault Logan,Renault Logan 1.6 16v Life,16800000.0,$,2021,81.000 Km,Capital Federal - Capital Federal
Renault Logan,Renault Logan 1.6 Privilége Plus 105cv Nac,14000000.0,$,2018,100.500 Km,Avellaneda - Bs.As. G.B.A. Sur
Renault Logan,Renault Logan 1.6 Authentique Plus,13070000.0,$,2015,82.499 Km,Malvinas Argentinas - Bs.As. G.B.A. Norte
Renault Logan,Renault Logan 1.6 Authentique Plus 85cv,11000000.0,$,2015,145.000 Km,La Matanza - Bs.As. G.B.A. Oeste
Renault Logan,Renault Logan 1.6 Privilege 105cv Nac,9700000.0,$,2018,240.000 Km,Capital Federal - Capital Federal
Renault Logan,Renault Logan 1.6 Pack I Abcp+abs 90cv,10900000.0,$,2013,104.000 Km,Capital Federal - Capital Federal
Renault Logan,Renault Logan 1.6 Expression 85cv,11000.0,US$,2019,82.000 Km,Vicente López - Bs.As. G.B.A. Norte
Renault Logan,Renault Logan 1.6 Authentique Plus 85cv,15100000.0,$,2018,78.000 Km,Capital Federal - Capital Federal
Renault Logan,Renault Logan 1.6 Authentique Plus 85cv Nac,15400000.0,$,2018,75.500 Km,General San Martín - Bs.As. G.B.A. Norte
Renault Logan,Renault Logan 1.6 16v Intense,19500000.0,$,2021,97.313 Km,Capital Federal - Capital Federal
Renault Logan,Renault Logan Logan Ph2 Intens 1.6,29699000.0,$,2025,0 Km,Capital Federal - Capital Federal
Renault Logan,Renault Logan 1.6 Expression 85cv,13700000.0,$,2018,90.600 Km,Lanús - Bs.As. G.B.A. Sur
Renault Logan,Renault Logan 1.6 16v Life,20500000.0,$,2023,84.000 Km,Avellaneda - Bs.As. G.B.A. Sur
Renault Logan,Renault Logan 1.6 16v Intense,18500000.0,$,2020,85.000 Km,Avellaneda - Bs.As. G.B.A. Sur
Renault Logan,Renault Logan 1.6 Intens,18620000.0,$,2022,57.874 Km,Capital Federal - Capital Federal
Renault Logan,Renault Logan 1.6 16v Life,19499000.0,$,2024,28.300 Km,Capital Federal - Capital Federal
Renault Logan,Renault Logan 1.6 16v Life,24900000.0,$,2025,19.000 Km,Tigre - Bs.As. G.B.A. Norte
Renault Logan,Renault Logan 1.6 Privilege 105cv,14500000.0,$,2017,180.000 Km,Ezeiza - Bs.As. G.B.A. Sur
Renault Logan,Renault Logan 1.6 Privilege Plus 105cv,8500.0,US$,2018,138.000 Km,Capital Federal - Capital Federal
Renault Logan,Renault Logan 1.6 16v Zen,13800.0,US$,2021,61.809 Km,Ituzaingó - Bs.As. G.B.A. Oeste
Renault Logan,Renault Logan 1.6 16v Life,21000000.0,$,2023,69.181 Km,Ituzaingó - Bs.As. G.B.A. Oeste
Renault Logan,Renault Logan 1.6 16v Life,20450000.0,$,2023,43.000 Km,Hurlingham - Bs.As. G.B.A. Oeste
Renault Logan,Renault Logan 1.6 16v Life,19500000.0,$,2023,52.000 Km,Lobos - Buenos Aires Interior
Renault Logan,Renault Logan 1.6 16v Life,21500000.0,$,2023,27.022 Km,Tres De Febrero - Bs.As. G.B.A. Oeste
Renault Logan,Renault Logan 1.6 Authentique Plus 85cv Nac,15500000.0,$,2018,99.000 Km,San Fernando - Bs.As. G.B.A. Norte
Renault Logan,Renault Logan 1.6 Privilége Plus 105cv Nac,21500000.0,$,2023,51.000 Km,Morón - Bs.As. G.B.A. Oeste
Renault Logan,Renault Logan 1.6 16v Intense,35900000.0,$,2026,0 Km,Capital Federal - Capital Federal
Renault Logan,Renault Logan 1.6 Expression 85cv Nac,15900.0,US$,2019,125.000 Km,Capital Federal - Capital Federal
Renault Logan,Renault Logan 1.6 Privilege 105cv,9700.0,US$,2018,98.000 Km,Avellaneda - Bs.As. G.B.A. Sur
Renault Logan,Renault Logan 1.6 Confort Ii 90cv,7800000.0,$,2012,215.008 Km,Pilar - Bs.As. G.B.A. Norte
Renault Logan,Renault Logan 1.6 16v Intense,18500000.0,$,2020,41.100 Km,Capital Federal - Capital Federal
Renault Logan,Renault Logan 1.6 Authentique Plus 85cv,11000000.0,$,2015,145.000 Km,La Matanza - Bs.As. G.B.A. Oeste
Renault Logan,Renault Logan 1.6 16v Life,24500000.0,$,2023,111.111 Km,Avellaneda - Bs.As. G.B.A. Sur
Renault Logan,Renault Logan 1.6 16v Life,24900000.0,$,2025,9.000 Km,Tigre - Bs.As. G.B.A. Norte
Renault Logan,Renault Logan 1.6 Authentique Plus 85cv,18900000.0,$,2018,82.000 Km,Lomas De Zamora - Bs.As. G.B.A. Sur
Renault Logan,Renault Logan 1.6 16v Intense,20500000.0,$,2021,60.683 Km,Escobar - Bs.As. G.B.A. Norte
Renault Logan,Renault Logan 1.6 16v Zen,18500000.0,$,2020,125.000 Km,Capital Federal - Capital Federal
Renault Logan,Renault Logan 1.6 Privilege 105cv Nac,14500000.0,$,2018,112.000 Km,La Plata - Bs.As. G.B.A. Sur
Renault Logan,Renault Logan 1.6 16v Intense,24000000.0,$,2022,16.000 Km,La Matanza - Bs.As. G.B.A. Oeste
Renault Logan,Renault Logan 1.6 Authentique 85cv,11800.0,US$,2018,85.000 Km,Capital Federal - Capital Federal
Renault Logan,Renault Logan 1.6 16v Life,12500.0,US$,2021,57.473 Km,Capital Federal - Capital Federal
Renault Logan,Renault Logan 1.6 16v Zen,22000000.0,$,2022,15.300 Km,Capital Federal - Capital Federal
Renault Logan,Renault Logan 1.6 16v Life,18500000.0,$,2023,74.000 Km,Lanús - Bs.As. G.B.A. Sur
Renault Logan,Renault Logan 1.6 16v Intense,28076777.0,$,2025,0 Km,Almirante Brown - Bs.As. G.B.A. Sur
Renault Logan,Renault Logan 1.6 16v Life,23399000.0,$,2025,13.280 Km,Del Viso - Bs.As. G.B.A. Norte
Renault Logan,Renault Logan 1.6 Authentique 85cv,16500000.0,$,2018,100.000 Km,San Andrés De Giles - Buenos Aires Interior
Renault Logan,Renault Logan 1.6 16v Zen,19900000.0,$,2023,34.000 Km,Capital Federal - Capital Federal
Renault Logan,Renault Logan 1.6 16v Life,19000000.0,$,2022,67.000 Km,Merlo - Bs.As. G.B.A. Oeste
Renault Logan,Renault Logan 1.6 16v Life,19000000.0,$,2022,112.000 Km,Lomas De Zamora - Bs.As. G.B.A. Sur
Renault Logan,Renault Logan 1.6 16v Life,17900000.0,$,2022,155.900 Km,Lomas De Zamora - Bs.As. G.B.A. Sur
Renault Logan,Renault Logan 1.6 16v Life,19500000.0,$,2022,74.000 Km,Capital Federal - Capital Federal
Renault Logan,Renault Logan 1.6 16v Life,19900000.0,$,2022,71.000 Km,Del Viso - Bs.As. G.B.A. Norte
Renault Logan,Renault Logan 1.6 16v Life,19400000.0,$,2022,40.300 Km,Quilmes - Bs.As. G.B.A. Sur
Renault Logan,Renault Logan 1.6 Pack I 90cv,11500000.0,$,2013,98.400 Km,Capital Federal - Capital Federal
Renault Logan,Renault Logan 1.6 Expression 85cv,12900000.0,$,2014,106.300 Km,Morón - Bs.As. G.B.A. Oeste
Renault Logan,Renault Logan 1.6 Expression 85cv,11900000.0,$,2017,157.000 Km,Pilar - Bs.As. G.B.A. Norte
Renault Logan,Renault Logan 1.6 Luxe,9500000.0,$,2008,105.000 Km,Esteban Echeverría - Bs.As. G.B.A. Sur
Renault Logan,Renault Logan Logan Ph2 Intens 1.6,29699000.0,$,2025,0 Km,Capital Federal - Capital Federal
Renault Logan,Renault Logan 1.6 Pack Ii Abcp+abs 90cv,11500000.0,$,2013,89.200 Km,Capital Federal - Capital Federal
Renault Logan,Renault Logan 1.6 Privilege Plus 105cv,14500000.0,$,2016,125.366 Km,La Plata - Bs.As. G.B.A. Sur
Renault Logan,Renault Logan 1.6 Privilege Plus 105cv,14500000.0,$,2016,55.000 Km,La Plata - Bs.As. G.B.A. Sur
Renault Logan,Renault Logan 1.6 Pack I Abcp+abs 90cv,11000000.0,$,2013,85.000 Km,Capital Federal - Capital Federal
Renault Logan,Renault Logan 1.6 Authentique Plus 85cv,12900000.0,$,2019,95.000 Km,Capital Federal - Capital Federal
Renault Logan,Renault Logan 1.6 Authentique 85cv,12800000.0,$,2014,162.000 Km,La Matanza - Bs.As. G.B.A. Oeste
Renault Logan,Renault Logan 1.6 Authentique Plus 85cv,16500000.0,$,2019,80.000 Km,San Isidro - Bs.As. G.B.A. Norte
Renault Logan,Renault Logan 1.6 16v Zen,21000000.0,$,2021,38.000 Km,La Plata - Bs.As. G.B.A. Sur
Renault Logan,Renault Logan 1.6 Authentique Plus 85cv Nac,11500000.0,$,2018,275.000 Km,Almirante Brown - Bs.As. G.B.A. Sur
Renault Logan,Renault Logan 1.6 16v Life,16500.0,US$,2023,10.000 Km,General San Martín - Bs.As. G.B.A. Norte
Renault Logan,Renault Logan 1.6 Privilege 105cv,14500000.0,$,2017,128.800 Km,San Isidro - Bs.As. G.B.A. Norte
Renault Logan,Renault Logan 1.6 16v Privilege Plus,16800000.0,$,2017,90.000 Km,Lanús - Bs.As. G.B.A. Sur
Renault Logan,Renault Logan 1.6 Privilege 105cv,13900000.0,$,2018,130.000 Km,Capital Federal - Capital Federal
Renault Logan,Renault Logan 1.6 Authentique 85cv,15000000.0,$,2016,149.000 Km,La Matanza - Bs.As. G.B.A. Oeste
Renault Logan,Renault Logan 1.6 Authentique 85cv Con Gnc,13500000.0,$,2017,213.000 Km,Pilar - Bs.As. G.B.A. Norte
Renault Logan,Renault Logan 1.6 Authentique 85cv,6980.0,US$,2017,171.000 Km,Capital Federal - Capital Federal
Renault Logan,Renault Logan 1.6 Authentique Plus 85cv,9800.0,US$,2016,97.500 Km,Capital Federal - Capital Federal
Renault Logan,Renault Logan 1.6 Expression 85cv,13000000.0,$,2015,122.000 Km,San Miguel - Bs.As. G.B.A. Norte
Renault Logan,Renault Logan 1.6 16v Life,20000000.0,$,2022,32.000 Km,Lanús - Bs.As. G.B.A. Sur
Renault Logan,Renault Logan 1.6 Privilege 105cv Nac,17900000.0,$,2019,82.000 Km,Capital Federal - Capital Federal
Renault Logan,Renault Logan 1.6 16v Zen,20500000.0,$,2022,55.000 Km,La Matanza - Bs.As. G.B.A. Oeste
Renault Logan,Renault Logan 1.6 16v Zen,19800000.0,$,2022,113.000 Km,Ituzaingó - Bs.As. G.B.A. Oeste
Renault Logan,Renault Logan 1.6 16v Zen,21000000.0,$,2022,52.000 Km,Capital Federal - Capital Federal
Renault Logan,Renault Logan 1.6 16v Zen,14900.0,US$,2022,47.200 Km,Morón - Bs.As. G.B.A. Oeste
Renault Logan,Renault Logan 1.6 16v Life,19500000.0,$,2022,67.000 Km,General San Martín - Bs.As. G.B.A. Norte
Renault Logan,Renault Logan 1.6 Authentique 85cv,10250.0,US$,2019,163.000 Km,Capital Federal - Capital Federal
Renault Logan,Renault Logan 1.6 Authentique Plus 85cv,13000.0,US$,2019,73.000 Km,Escobar - Bs.As. G.B.A. Norte
Renault Logan,Renault Logan 1.6 Confort Ii Abs 90cv,9800.0,US$,2014,53.000 Km,Capital Federal - Capital Federal
Renault Logan,Renault Logan 1.6 Authentique 85cv,12800000.0,$,2016,128.000 Km,Avellaneda - Bs.As. G.B.A. Sur
Renault Logan,Renault Logan 1.6 Authentique 85cv,16000000.0,$,2019,92.000 Km,Lanús - Bs.As. G.B.A. Sur
Renault Logan,Renault Logan 1.6 Authentique Plus 85cv Nac,15499999.0,$,2017,86.000 Km,Cañuelas - Buenos Aires Interior
Renault Logan,Renault Logan 1.6 Expression 85cv,14900000.0,$,2017,78.000 Km,Capital Federal - Capital Federal
Renault Logan,Renault Logan 1.6 Authentique 85cv Nac,15300000.0,$,2019,110.000 Km,Capital Federal - Capital Federal
Renault Logan,Renault Logan 1.6 Authentique Plus 85cv,14500000.0,$,2019,120.300 Km,Lomas De Zamora - Bs.As. G.B.A. Sur
Renault Logan,Renault Logan Logan Privilege 1.6,18500000.0,$,2019,104.000 Km,Capital Federal - Capital Federal
Renault Logan,Renault Logan 1.6 Privilege Plus 105cv,13900000.0,$,2016,95.000 Km,Capital Federal - Capital Federal
Renault Logan,Renault Logan 1.6 Authentique 85cv Nac,15100000.0,$,2018,78.000 Km,Capital Federal - Capital Federal
Renault Logan,Renault Logan 1.6 Authentique Plus 85cv,9800000.0,$,2016,141.500 Km,Lomas De Zamora - Bs.As. G.B.A. Sur
Renault Logan,Renault Logan 1.6 Pack Ii Abcp+abs 90cv,8000000.0,$,2013,248.700 Km,La Plata - Bs.As. G.B.A. Sur
Renault Logan,Renault Logan 1.6 16v Life,13700000.0,$,2021,203.000 Km,Avellaneda - Bs.As. G.B.A. Sur
Renault Logan,Renault Logan 1.6 Authentique Plus 85cv,16000000.0,$,2017,125.000 Km,Hurlingham - Bs.As. G.B.A. Oeste
Renault Logan,Renault Logan 1.6 16v Intense,22500000.0,$,2023,35.000 Km,La Plata - Bs.As. G.B.A. Sur
Renault Logan,Renault Logan 1.6 Privilege 105cv Nac,15500000.0,$,2017,101.000 Km,San Miguel - Bs.As. G.B.A. Norte
Renault Logan,Renault Logan 1.6 Expression 85cv,13000000.0,$,2017,154.956 Km,La Plata - Bs.As. G.B.A. Sur
Renault Logan,Renault Logan 1.6 Expression 85cv,14500000.0,$,2017,140.000 Km,La Matanza - Bs.As. G.B.A. Oeste
Renault Logan,Renault Logan 1.6 Privilege Plus 105cv,10800.0,US$,2014,136.000 Km,Lomas De Zamora - Bs.As. G.B.A. Sur
Renault Logan,Renault Logan 1.6 16v Intense,28000000.0,$,2025,0 Km,La Plata - Bs.As. G.B.A. Sur
Renault Logan,Renault Logan 1.6 Privilege 105cv,13500000.0,$,2016,116.000 Km,La Matanza - Bs.As. G.B.A. Oeste
Renault Logan,Renault Logan 1.6 Confort Plus,7800000.0,$,2011,205.000 Km,Quilmes - Bs.As. G.B.A. Sur
Renault Logan,Renault Logan 1.6 Privilege 105cv,12500.0,US$,2019,93.000 Km,Malvinas Argentinas - Bs.As. G.B.A. Norte
Renault Logan,Renault Logan 1.6 Privilege 105cv,11500.0,US$,2017,141.000 Km,Pilar - Bs.As. G.B.A. Norte
Renault Logan,Renault Logan 1.6 Privilege 105cv,11900000.0,$,2014,128.320 Km,Vicente López - Bs.As. G.B.A. Norte
Renault Logan,Renault Logan 1.6 Authentique 85cv,13000000.0,$,2014,145.000 Km,Moreno - Bs.As. G.B.A. Oeste
Renault Logan,Renault Logan 1.6 Authentique 85cv,12500000.0,$,2014,133.000 Km,Lanús - Bs.As. G.B.A. Sur
Renault Logan,Renault Logan Ii 1.6 16v Life,22000000.0,$,2024,72.000 Km,General San Martín - Bs.As. G.B.A. Norte
Renault Logan,Renault Logan 1.6 Authentique Plus 85cv,15900000.0,$,2019,75.000 Km,Capital Federal - Capital Federal
Renault Logan,Renault Logan 1.6 Authentique Plus 85cv,15690000.0,$,2017,93.561 Km,Capital Federal - Capital Federal
Renault Logan,Renault Logan 1.6 16v Life,21990000.0,$,2024,31.819 Km,La Plata - Bs.As. G.B.A. Sur
Renault Logan,Renault Logan 1.6 Pack Ii Abcp+abs 90cv,11700000.0,$,2013,180.000 Km,Capital Federal - Capital Federal
Renault Logan,Renault Logan 1.6,28000000.0,$,2026,0 Km,Quilmes - Bs.As. G.B.A. Sur
Renault Logan,Renault Logan 1.6 16v Intense,21000000.0,$,2023,70.000 Km,Moreno - Bs.As. G.B.A. Oeste
Renault Logan,Renault Logan 1.6 Authentique 85cv,14400000.0,$,2018,144.000 Km,Ituzaingó - Bs.As. G.B.A. Oeste
Renault Logan,Renault Logan 1.6 16v Intense,29119000.0,$,2025,0 Km,Capital Federal - Capital Federal
Renault Logan,Renault Logan 1.6 Authentique 85cv,11500.0,US$,2019,82.000 Km,General San Martín - Bs.As. G.B.A. Norte
Renault Logan,Renault Logan 1.6 16v Intense,25000000.0,$,2023,33.000 Km,Tigre - Bs.As. G.B.A. Norte
Renault Logan,Renault Logan 1.6 16v Zen,22000000.0,$,2023,37.800 Km,Hurlingham - Bs.As. G.B.A. Oeste
Renault Logan,Renault Logan 1.6 16v Zen,22000000.0,$,2023,58.000 Km,La Plata - Bs.As. G.B.A. Sur
Renault Logan,Renault Logan 1.6 Pack I Abcp+abs 90cv,9900000.0,$,2013,145.000 Km,La Matanza - Bs.As. G.B.A. Oeste
Renault Logan,Renault Logan 1.6 Authentique Plus 85cv Nac,16000000.0,$,2018,76.000 Km,Lomas De Zamora - Bs.As. G.B.A. Sur
Renault Logan,Renault Logan 1.6 Sl Avantage 90cv,7500000.0,$,2012,160.000 Km,Florencio Varela - Bs.As. G.B.A. Sur
Renault Logan,Renault Logan 1.6 16v Life,23800000.0,$,2025,9.000 Km,Quilmes - Bs.As. G.B.A. Sur
Renault Logan,Renault Logan 1.6 16v Life,26900000.0,$,2025,1.111 Km,General San Martín - Bs.As. G.B.A. Norte
Renault Logan,Renault Logan 1.6 Privilege 105cv,15500000.0,$,2015,60.000 Km,La Matanza - Bs.As. G.B.A. Oeste
Renault Logan,Renault Logan 1.6 Authentique Plus 85cv,11500000.0,$,2013,134.800 Km,General San Martín - Bs.As. G.B.A. Norte
Renault Logan,Renault Logan 1.6 Privilege Plus 105cv,16750000.0,$,2018,84.000 Km,Capital Federal - Capital Federal
Renault Logan,Renault Logan 1.6 Expression 85cv,10900000.0,$,2015,170.000 Km,General San Martín - Bs.As. G.B.A. Norte
Renault Logan,Renault Logan 1.6 Privilége Plus 105cv Nac,14900000.0,$,2017,110.000 Km,Lanús - Bs.As. G.B.A. Sur
Renault Logan,Renault Logan 1.6 Authentique Plus 85cv,12900000.0,$,2014,187.000 Km,La Plata - Bs.As. G.B.A. Sur
Renault Logan,Renault Logan 1.6,7250000.0,$,2010,101.000 Km,Moreno - Bs.As. G.B.A. Oeste
Renault Logan,Renault Logan Autentique 1.6,12500000.0,$,2014,172.203 Km,Mercedes - Buenos Aires Interior
Renault Logan,Renault Logan 1.6 16v Life,21500000.0,$,2024,36.000 Km,Capital Federal - Capital Federal
Renault Logan,Renault Logan 1.6 Privilege Plus 105cv,10200000.0,$,2014,225.000 Km,Pilar - Bs.As. G.B.A. Norte
Renault Logan,Renault Logan 1.6 16v Life,14640.0,US$,2024,40.000 Km,Castelar - Bs.As. G.B.A. Oeste
Renault Logan,Renault Logan 1.6 Authentique 85cv,13500000.0,$,2017,160.000 Km,Quilmes - Bs.As. G.B.A. Sur
Renault Logan,Renault Logan 1.6 Authentique Plus 85cv,11800.0,US$,2018,40.000 Km,Zárate - Buenos Aires Interior
Renault Logan,Renault Logan 1.6 16v Life,17170000.0,$,2020,95.086 Km,La Plata - Bs.As. G.B.A. Sur
Renault Logan,Renault Logan 1.6 Authentique Plus 85cv,13400000.0,$,2018,68.000 Km,Morón - Bs.As. G.B.A. Oeste
Renault Logan,Renault Logan 1.6 Authentique Plus 85cv,14000000.0,$,2018,155.000 Km,Capital Federal - Capital Federal
Renault Logan,Renault Logan 1.6 Authentique 85cv,13490000.0,$,2019,134.000 Km,Capital Federal - Capital Federal
Renault Logan,Renault Logan 1.6 Authentique 85cv,14500000.0,$,2018,118.973 Km,Ituzaingó - Bs.As. G.B.A. Oeste
Renault Logan,Renault Logan 1.6 Expression 85cv,9500.0,US$,2016,145.000 Km,Malvinas Argentinas - Bs.As. G.B.A. Norte
Renault Logan,Renault Logan 1.6 16v Life,15500000.0,$,2020,140.000 Km,Tigre - Bs.As. G.B.A. Norte
Renault Logan,Renault Logan 1.6 Authentique Plus 85cv,14200000.0,$,2015,95.400 Km,Morón - Bs.As. G.B.A. Oeste
Renault Logan,Renault Logan 1.6 16v Life,17900000.0,$,2020,65.000 Km,Quilmes - Bs.As. G.B.A. Sur
Renault Logan,Renault Logan 1.6 Privilege 105cv,17500000.0,$,2017,88.000 Km,Capital Federal - Capital Federal
Renault Logan,Renault Logan 1.6 Expression 85cv Nac,9500.0,US$,2017,170.000 Km,Capital Federal - Capital Federal
VW Virtus,Volkswagen Virtus 1.6 Msi Trendline Mt,36999999.0,$,2025,0 Km,Capital Federal - Capital Federal
VW Virtus,Volkswagen Virtus 1.0 Tsi Highline,27500.0,US$,2023,8.353 Km,Capital Federal - Capital Federal
VW Virtus,Volkswagen Virtus 1.6 Msi Highline,12400.0,US$,2018,117.000 Km,Capital Federal - Capital Federal
VW Virtus,Volkswagen Virtus 1.6 Highline,22000000.0,$,2019,99.498 Km,Capital Federal - Capital Federal
VW Virtus,Volkswagen Virtus 1.6 Comfortline At,22700000.0,$,2021,79.000 Km,Malvinas Argentinas - Bs.As. G.B.A. Norte
VW Virtus,Volkswagen Virtus 1.6 Comfortline At,22500000.0,$,2019,67.148 Km,Escobar - Bs.As. G.B.A. Norte
VW Virtus,Volkswagen Virtus 1.6 Msi Trendline,34800000.0,$,2025,0 Km,Capital Federal - Capital Federal
VW Virtus,Volkswagen Virtus 1.6 Msi,31700000.0,$,2026,0 Km,Capital Federal - Capital Federal
VW Virtus,Volkswagen Virtus 1.6 Msi,31700000.0,$,2026,0 Km,Capital Federal - Capital Federal
VW Virtus,Volkswagen Virtus 1.6 Msi Comfortline,45645750.0,$,2026,0 Km,Capital Federal - Capital Federal
VW Virtus,Volkswagen Virtus 1.6 Msi Highline,16500.0,US$,2018,62.000 Km,San Isidro - Bs.As. G.B.A. Norte
VW Virtus,Volkswagen Virtus 1.6 Msi Comfortline,285000000.0,$,2026,0 Km,General Rodríguez - Bs.As. G.B.A. Oeste
VW Virtus,Volkswagen Virtus 1.6 Msi Trendline,23000000.0,$,2020,28.000 Km,Capital Federal - Capital Federal
VW Virtus,Volkswagen Virtus 1.6 Msi Trendline,18500000.0,$,2018,115.000 Km,Avellaneda - Bs.As. G.B.A. Sur
VW Virtus,Volkswagen Virtus 1.6 Msi Trendline,17990000.0,$,2020,211.000 Km,Escobar - Bs.As. G.B.A. Norte
VW Virtus,Volkswagen Virtus 1.6 Msi Comfortline,34999900.0,$,2026,0 Km,Florencio Varela - Bs.As. G.B.A. Sur
VW Virtus,Volkswagen Virtus 1.6 Msi,29000000.0,$,2024,28.000 Km,Capital Federal - Capital Federal
VW Virtus,Volkswagen Virtus 1.6 Msi Comfortline,34999900.0,$,2026,0 Km,Almirante Brown - Bs.As. G.B.A. Sur
VW Virtus,Volkswagen Virtus 1.6 Msi Comfortline,45645750.0,$,2026,0 Km,Capital Federal - Capital Federal
VW Virtus,Volkswagen Virtus 1.6 Msi Trendline,45700000.0,$,2026,0 Km,La Matanza - Bs.As. G.B.A. Oeste
VW Virtus,Volkswagen Virtus 1.4 Tsi Gts,36990000.0,$,2023,47.300 Km,Capital Federal - Capital Federal
VW Virtus,Volkswagen Virtus 1.6 Msi Comfortline,34412035.0,$,2026,0 Km,Beccar - Bs.As. G.B.A. Norte
VW Virtus,Volkswagen Virtus 1.6 Comfortline At,20980000.0,$,2021,164.000 Km,Pilar - Bs.As. G.B.A. Norte
VW Virtus,Volkswagen Virtus 1.6 Msi,33600000.0,$,2024,24.000 Km,San Isidro - Bs.As. G.B.A. Norte
VW Virtus,Volkswagen Virtus 1.6 Msi Comfortline,37500000.0,$,2026,0 Km,Avellaneda - Bs.As. G.B.A. Sur
VW Virtus,Volkswagen Virtus 1.6 Comfortline At,16800000.0,$,2019,97.000 Km,Capital Federal - Capital Federal
VW Virtus,Volkswagen Virtus 1.6 Msi Highline,14700.0,US$,2018,98.000 Km,Merlo - Bs.As. G.B.A. Oeste
VW Virtus,Volkswagen Virtus 1.6 Msi Trendline Auto,20950000.0,$,2019,91.000 Km,Capital Federal - Capital Federal
VW Virtus,Volkswagen Virtus 1.6 Comfortline,36000000.0,$,2026,0 Km,Capital Federal - Capital Federal
VW Virtus,Volkswagen Virtus 1.0 Tsi Trendline Automatico,37500000.0,$,2026,0 Km,Capital Federal - Capital Federal
VW Virtus,Volkswagen Virtus 1.6 Comfortline At,21000000.0,$,2021,77.000 Km,La Matanza - Bs.As. G.B.A. Oeste
VW Virtus,Volkswagen Virtus 1.6 Msi,32700000.0,$,2024,0 Km,Capital Federal - Capital Federal
VW Virtus,Volkswagen Virtus 1.6 Comfortline At,14990.0,US$,2019,57.200 Km,San Fernando - Bs.As. G.B.A. Norte
VW Virtus,Volkswagen Virtus 1.6 Msi Trendline,21400000.0,$,2018,33.000 Km,La Plata - Bs.As. G.B.A. Sur
VW Virtus,Volkswagen Virtus Virtus Msi Manual 04pze,38999900.0,$,2026,0 Km,Quilmes - Bs.As. G.B.A. Sur
VW Virtus,Volkswagen Virtus 1.4 Tsi Exclusive,36990000.0,$,2023,47.300 Km,Capital Federal - Capital Federal
VW Virtus,Volkswagen Virtus 1.4 Tsi Exclusive,45000000.0,$,2025,11.000 Km,Moreno - Bs.As. G.B.A. Oeste
VW Virtus,Volkswagen Virtus 1.6 Msi Trendline,21899999.0,$,2018,22.800 Km,Capital Federal - Capital Federal
VW Virtus,Volkswagen Virtus 1.6 Msi Comfortline,38311286.0,$,2026,0 Km,Capital Federal - Capital Federal
VW Virtus,Volkswagen Virtus 1.6 Msi Trendline,26000000.0,$,2022,27.000 Km,La Matanza - Bs.As. G.B.A. Oeste
VW Virtus,Volkswagen Virtus 1.6 Comfortline,19799900.0,$,2019,82.000 Km,Capital Federal - Capital Federal
VW Virtus,Volkswagen Virtus 1.6 Msi Highline At,35980000.0,$,2023,0 Km,Tigre - Bs.As. G.B.A. Norte
VW Virtus,Volkswagen Virtus 1.6 Comfortline At,17000.0,US$,2021,79.000 Km,Del Viso - Bs.As. G.B.A. Norte
VW Virtus,Volkswagen Virtus 1.6 Msi Trendline,23000000.0,$,2020,56.400 Km,Vicente López - Bs.As. G.B.A. Norte
VW Virtus,Volkswagen Virtus 1.6 Msi,30000000.0,$,2025,54.000 Km,San Fernando - Bs.As. G.B.A. Norte
VW Virtus,Volkswagen Virtus 1.6 Comfortline At,22000000.0,$,2018,137.000 Km,Lanús - Bs.As. G.B.A. Sur
VW Virtus,Volkswagen Virtus 1.6 Msi Highline,14800.0,US$,2019,110.000 Km,Tigre - Bs.As. G.B.A. Norte
VW Virtus,Volkswagen Virtus Virtus 1.6 Msi Comfortline,15500.0,US$,2020,82.000 Km,La Plata - Bs.As. G.B.A. Sur
VW Virtus,Volkswagen Virtus Highline 170tsi At,39800000.0,$,2026,0 Km,Capital Federal - Capital Federal
VW Virtus,Volkswagen Virtus 1.6 Msi Highline At,20800000.0,$,2018,79.000 Km,Capital Federal - Capital Federal
VW Virtus,Volkswagen Virtus 1.6 Msi Highline At,13400.0,US$,2018,194.500 Km,Tigre - Bs.As. G.B.A. Norte
VW Virtus,Volkswagen Virtus 1.6 Msi,33500123.0,$,2025,0 Km,Berazategui - Bs.As. G.B.A. Sur
VW Virtus,Volkswagen Virtus 1.6 Msi Highline At,15900.0,US$,2018,87.000 Km,Capital Federal - Capital Federal
VW Virtus,Volkswagen Virtus 1.6 Comfortline At,21000000.0,$,2021,77.000 Km,La Matanza - Bs.As. G.B.A. Oeste
VW Virtus,Volkswagen Virtus 1.6 Msi Trendline,18500000.0,$,2018,128.823 Km,Tigre - Bs.As. G.B.A. Norte
VW Virtus,Volkswagen Virtus 1.6 Comfortline At,22000000.0,$,2020,50.000 Km,Del Viso - Bs.As. G.B.A. Norte
VW Virtus,Volkswagen Virtus 1.6 Msi Trendline At,17500000.0,$,2018,188.000 Km,Tres De Febrero - Bs.As. G.B.A. Oeste
VW Virtus,Volkswagen Virtus 1.0 Tsi Trendline Aut,35990000.0,$,2025,0 Km,Escobar - Bs.As. G.B.A. Norte
VW Virtus,Volkswagen Virtus 1.6 Msi Highline,20600000.0,$,2018,61.740 Km,Capital Federal - Capital Federal
VW Virtus,Volkswagen Virtus 1.6 Msi Trendline,19500000.0,$,2018,84.000 Km,Avellaneda - Bs.As. G.B.A. Sur
VW Virtus,Volkswagen Virtus 1.6 Msi Trendline,22500000.0,$,2021,35.000 Km,Capital Federal - Capital Federal
VW Virtus,Volkswagen Virtus 1.0 Tsi Highline,34000000.0,$,2024,22.000 Km,Capital Federal - Capital Federal
VW Virtus,Volkswagen Virtus 1.6 Msi Trendline,13000.0,US$,2020,94.333 Km,Capital Federal - Capital Federal
VW Virtus,Volkswagen Virtus 1.6 Msi Trendline At,12500.0,US$,2018,137.000 Km,Capital Federal - Capital Federal
VW Virtus,Volkswagen Virtus 1.6 Msi Trendline,17990000.0,$,2020,211.700 Km,Escobar - Bs.As. G.B.A. Norte
VW Virtus,Volkswagen Virtus 1.6 Msi Comfortline,33500000.0,$,2025,0 Km,Tigre - Bs.As. G.B.A. Norte
VW Virtus,Volkswagen Virtus 1.0 Tsi Trendline,40200000.0,$,2025,0 Km,Capital Federal - Capital Federal
VW Virtus,Volkswagen Virtus 1.4 Tsi Exclusive,48500000.0,$,2026,0 Km,Tres De Febrero - Bs.As. G.B.A. Oeste
VW Virtus,Volkswagen Virtus 1.6 Msi Trendline At,22000000.0,$,2018,87.000 Km,Lanús - Bs.As. G.B.A. Sur
VW Virtus,Volkswagen Virtus 1.4 Tsi Gts,34000000.0,$,2021,42.000 Km,Capital Federal - Capital Federal
VW Virtus,Volkswagen Virtus 1.6 Comfortline At,18500.0,US$,2021,164.000 Km,Escobar - Bs.As. G.B.A. Norte
VW Virtus,Volkswagen Virtus 1.6 Comfortline At,18900000.0,$,2018,93.000 Km,Morón - Bs.As. G.B.A. Oeste
VW Virtus,Volkswagen Virtus 1.6 Msi Trendline,20500000.0,$,2019,90.262 Km,Avellaneda - Bs.As. G.B.A. Sur
VW Virtus,Volkswagen Virtus 1.6 Comfortline At,13900.0,US$,2018,150.000 Km,Capital Federal - Capital Federal
VW Virtus,Volkswagen Virtus 1.4 Tsi Exclusive,34500000.0,$,2024,12.000 Km,Vicente López - Bs.As. G.B.A. Norte
VW Virtus,Volkswagen Virtus 1.6 Msi Trendline At,15500.0,US$,2019,205.000 Km,Capital Federal - Capital Federal
VW Virtus,Volkswagen Virtus 1.6 Msi Highline,19000000.0,$,2018,114.000 Km,Capital Federal - Capital Federal
VW Virtus,Volkswagen Virtus 1.6 Msi Trendline,20500000.0,$,2019,170.000 Km,Monte - Buenos Aires Interior
VW Virtus,Volkswagen Virtus 1.6 Msi Trendline,20000000.0,$,2021,101.000 Km,Capital Federal - Capital Federal
VW Virtus,Volkswagen Virtus 1.6 Msi Trendline At,19800000.0,$,2018,111.000 Km,Moreno - Bs.As. G.B.A. Oeste
VW Virtus,Volkswagen Virtus 1.0 Tsi Highline,36000000.0,$,2023,30.000 Km,Almirante Brown - Bs.As. G.B.A. Sur
VW Virtus,Volkswagen Virtus 1.4 Tsi Exclusive,50252829.0,$,2026,0 Km,Capital Federal - Capital Federal
VW Virtus,Volkswagen Virtus 1.6 Msi Trendline,17500000.0,$,2019,122.000 Km,Capital Federal - Capital Federal
VW Virtus,Volkswagen Virtus 1.6 Msi Trendline,17500000.0,$,2019,110.000 Km,Capital Federal - Capital Federal
VW Virtus,Volkswagen Virtus Virtus 1.6 Msi Trendline,16900.0,US$,2021,42.000 Km,Capital Federal - Capital Federal
VW Virtus,Volkswagen Virtus 1.6 Msi Trendline,21900000.0,$,2021,63.000 Km,Capital Federal - Capital Federal
VW Virtus,Volkswagen Virtus 1.6 Msi Highline,22490000.0,$,2018,59.400 Km,Capital Federal - Capital Federal
VW Virtus,Volkswagen Virtus 1.6 Msi Trendline,15850.0,US$,2020,95.900 Km,Capital Federal - Capital Federal
VW Virtus,Volkswagen Virtus 1.6 Msi Trendline,23500000.0,$,2020,53.000 Km,Morón - Bs.As. G.B.A. Oeste
VW Virtus,Volkswagen Virtus 1.6 Msi Trendline,22900000.0,$,2020,112.000 Km,San Miguel - Bs.As. G.B.A. Norte
VW Virtus,Volkswagen Virtus 1.0 Tsi Highline,41196000.0,$,2026,0 Km,Tigre - Bs.As. G.B.A. Norte
VW Virtus,Volkswagen Virtus 1.0 Tsi Highline,46700000.0,$,2026,0 Km,Capital Federal - Capital Federal
VW Virtus,Volkswagen Virtus 1.0 Tsi Trendline,37990000.0,$,2025,0 Km,Pilar - Bs.As. G.B.A. Norte
VW Virtus,Volkswagen Virtus 1.6 Msi Trendline,16500000.0,$,2018,119.000 Km,Capital Federal - Capital Federal
VW Virtus,Volkswagen Virtus 1.6 Msi Trendline At,18300000.0,$,2018,121.000 Km,Capital Federal - Capital Federal
VW Virtus,Volkswagen Virtus 1.6 Msi Trendline,23900000.0,$,2022,30.000 Km,Berazategui - Bs.As. G.B.A. Sur
VW Virtus,Volkswagen Virtus 1.6 Msi,31700000.0,$,2026,0 Km,Capital Federal - Capital Federal
VW Virtus,Volkswagen Virtus 1.6 Msi Trendline,18900000.0,$,2018,77.200 Km,Capital Federal - Capital Federal
VW Virtus,Volkswagen Virtus 1.4 Tsi Exclusive,22900.0,US$,2023,52.000 Km,Capital Federal - Capital Federal
VW Virtus,Volkswagen Virtus 1.6 Msi Trendline,23100000.0,$,2021,60.000 Km,Capital Federal - Capital Federal
VW Virtus,Volkswagen Virtus 1.6 Msi Trendline,30500000.0,$,2025,17.000 Km,Tigre - Bs.As. G.B.A. Norte
VW Virtus,Volkswagen Virtus 1.6 Msi Trendline,18900000.0,$,2018,40.000 Km,Capital Federal - Capital Federal
VW Virtus,Volkswagen Virtus 1.6 Msi Trendline,18900000.0,$,2018,57.000 Km,Vicente López - Bs.As. G.B.A. Norte
VW Virtus,Volkswagen Virtus 1.6 Msi Highline At,24000000.0,$,2020,160.000 Km,Quilmes - Bs.As. G.B.A. Sur
VW Virtus,Volkswagen Virtus 1.6 Msi,37000000.0,$,2025,27.000 Km,Quilmes - Bs.As. G.B.A. Sur
VW Virtus,Volkswagen Virtus 1.6 Msi Trendline At,18000000.0,$,2018,135.000 Km,Capital Federal - Capital Federal
VW Virtus,Volkswagen Virtus 1.6 Msi,25190.0,US$,2025,15.500 Km,Ituzaingó - Bs.As. G.B.A. Oeste
VW Virtus,Volkswagen Virtus 1.0 Tsi Trendline,37700000.0,$,2026,0 Km,Capital Federal - Capital Federal
VW Virtus,Volkswagen Virtus 1.0 Tsi Trendline,36000000.0,$,2026,0 Km,Capital Federal - Capital Federal
VW Virtus,Volkswagen Virtus 1.6 Comfortline At,19600000.0,$,2019,147.000 Km,Tigre - Bs.As. G.B.A. Norte
VW Virtus,Volkswagen Virtus 1.6 Msi Trendline At,19800000.0,$,2018,110.000 Km,Moreno - Bs.As. G.B.A. Oeste
VW Virtus,Volkswagen Virtus 1.6 Msi Trendline At,16000.0,US$,2018,75.000 Km,Morón - Bs.As. G.B.A. Oeste
VW Virtus,Volkswagen Virtus 1.6 Msi Highline At,15000.0,US$,2018,114.000 Km,Castelar - Bs.As. G.B.A. Oeste
VW Virtus,Volkswagen Virtus 1.6 Msi Comfortline,24000000.0,$,2026,1.005 Km,San Miguel - Bs.As. G.B.A. Norte
VW Virtus,Volkswagen Virtus 1.6 Msi Trendline,18000000.0,$,2019,123.000 Km,Esteban Echeverría - Bs.As. G.B.A. Sur
VW Virtus,Volkswagen Virtus 1.6 Msi Trendline,30900000.0,$,2025,840 Km,Capital Federal - Capital Federal
VW Virtus,Volkswagen Virtus 1.6 Comfortline,23500000.0,$,2019,52.000 Km,Vicente López - Bs.As. G.B.A. Norte
VW Virtus,Volkswagen Virtus 1.4 Tsi Gts,22500.0,US$,2022,29.000 Km,Capital Federal - Capital Federal
VW Virtus,Volkswagen Virtus 1.6 Msi Highline At,21900000.0,$,2019,94.000 Km,Moreno - Bs.As. G.B.A. Oeste
VW Virtus,Volkswagen Virtus 1.6 Msi Trendline,16050.0,US$,2021,35.000 Km,Capital Federal - Capital Federal
VW Virtus,Volkswagen Virtus 1.4 Tsi Gts,32500000.0,$,2021,45.000 Km,La Matanza - Bs.As. G.B.A. Oeste
VW Virtus,Volkswagen Virtus 1.4 Tsi Gts,29000000.0,$,2021,210.000 Km,La Matanza - Bs.As. G.B.A. Oeste
VW Virtus,Volkswagen Virtus 1.6 Msi Trendline,32530000.0,$,2025,0 Km,Tigre - Bs.As. G.B.A. Norte
VW Virtus,Volkswagen Virtus 1.6 Msi Comfortline,25000000.0,$,2024,54.000 Km,Castelar - Bs.As. G.B.A. Oeste
VW Virtus,Volkswagen Virtus 1.6 Msi Trendline,23900000.0,$,2022,33.000 Km,Berazategui - Bs.As. G.B.A. Sur
VW Virtus,Volkswagen Virtus 1.6 Msi,31600000.0,$,2025,12.000 Km,La Matanza - Bs.As. G.B.A. Oeste
VW Virtus,Volkswagen Virtus 1.6 Msi Trendline,20900000.0,$,2020,60.000 Km,Capital Federal - Capital Federal
VW Virtus,Volkswagen Virtus 1.6 Comfortline,13300.0,US$,2020,120.000 Km,Tigre - Bs.As. G.B.A. Norte
VW Virtus,Volkswagen Virtus 1.6 Comfortline At,21000000.0,$,2021,77.000 Km,La Matanza - Bs.As. G.B.A. Oeste
VW Virtus,Volkswagen Virtus 1.6 Msi Trendline,20000000.0,$,2018,85.000 Km,La Matanza - Bs.As. G.B.A. Oeste
VW Virtus,Volkswagen Virtus Virtus 1.6 Msi Highline,22490000.0,$,2018,59.400 Km,San Miguel - Bs.As. G.B.A. Norte
VW Virtus,Volkswagen Virtus Virtus 1.6 Msi Highline,22490000.0,$,2018,59.400 Km,San Miguel - Bs.As. G.B.A. Norte
VW Virtus,Volkswagen Virtus 1.6 Comfortline At,15500.0,US$,2019,90.000 Km,Quilmes - Bs.As. G.B.A. Sur
VW Virtus,Volkswagen Virtus 1.4 Tsi Exclusive,52000000.0,$,2026,0 Km,Capital Federal - Capital Federal
VW Virtus,Volkswagen Virtus 1.6 Comfortline,16800000.0,$,2018,220.000 Km,Capital Federal - Capital Federal
VW Virtus,Volkswagen Virtus 1.6 Msi Trendline,23000000.0,$,2020,31.000 Km,San Fernando - Bs.As. G.B.A. Norte
VW Virtus,Volkswagen Virtus 1.6 Msi,26000000.0,$,2024,53.812 Km,Castelar - Bs.As. G.B.A. Oeste
VW Virtus,Volkswagen Virtus 1.6 Msi Trendline,20900000.0,$,2020,65.000 Km,Avellaneda - Bs.As. G.B.A. Sur
VW Virtus,Volkswagen Virtus 1.6 Comfortline At,16000.0,US$,2021,70.000 Km,San Isidro - Bs.As. G.B.A. Norte
VW Virtus,Volkswagen Virtus 1.6 Comfortline,15500.0,US$,2018,95.000 Km,La Plata - Bs.As. G.B.A. Sur
VW Virtus,Volkswagen Virtus 1.6 Msi Highline,22500000.0,$,2019,110.000 Km,La Plata - Bs.As. G.B.A. Sur
VW Virtus,Volkswagen Virtus 1.4 Tsi Exclusive,48500000.0,$,2025,0 Km,Tres De Febrero - Bs.As. G.B.A. Oeste
VW Virtus,Volkswagen Virtus 1.0 Tsi Highline,36000000.0,$,2025,10.000 Km,Moreno - Bs.As. G.B.A. Oeste
VW Virtus,Volkswagen Virtus 1.6 Msi Highline,18000000.0,$,2018,170.000 Km,Almirante Brown - Bs.As. G.B.A. Sur
VW Virtus,Volkswagen Virtus 1.6 Msi Trendline,22000000.0,$,2021,103.000 Km,Capital Federal - Capital Federal
VW Virtus,Volkswagen Virtus 1.6 Comfortline At,23800000.0,$,2021,164.380 Km,Pilar - Bs.As. G.B.A. Norte
VW Virtus,Volkswagen Virtus 1.6 Msi Trendline,24000000.0,$,2022,85.000 Km,La Matanza - Bs.As. G.B.A. Oeste
VW Virtus,Volkswagen Virtus 1.6 Msi Trendline At L18,18740000.0,$,2020,105.463 Km,La Plata - Buenos Aires Interior
VW Virtus,Volkswagen Virtus 1.6 Comfortline At,21000000.0,$,2019,158.000 Km,Capital Federal - Capital Federal
VW Virtus,Volkswagen Virtus 1.6 Msi Trendline,34200000.0,$,2025,0 Km,Tigre - Bs.As. G.B.A. Norte
VW Virtus,Volkswagen Virtus 1.6 Comfortline At,19000.0,US$,2022,60.000 Km,Bahía Blanca - Buenos Aires Interior
VW Virtus,Volkswagen Virtus 1.6 Msi Highline At,14500.0,US$,2020,150.000 Km,Lomas De Zamora - Bs.As. G.B.A. Sur
VW Virtus,Volkswagen Virtus 1.6 Msi Highline,14500.0,US$,2018,98.500 Km,Capital Federal - Capital Federal
VW Virtus,Volkswagen Virtus 1.6 Msi Trendline,13500.0,US$,2018,40.000 Km,Capital Federal - Capital Federal
VW Virtus,Volkswagen Virtus 1.4 Tsi Gts,23000.0,US$,2022,85.300 Km,Pilar - Bs.As. G.B.A. Norte
VW Virtus,Volkswagen Virtus 1.6 Msi Highline,16000.0,US$,2019,72.000 Km,Capital Federal - Capital Federal
VW Virtus,Volkswagen Virtus 1.6 Msi Highline,17990.0,US$,2018,122.000 Km,Ituzaingó - Bs.As. G.B.A. Oeste
VW Virtus,Volkswagen Virtus 1.6 Msi Highline,25000000.0,$,2018,40.000 Km,Avellaneda - Bs.As. G.B.A. Sur
VW Virtus,Volkswagen Virtus Highline,23000000.0,$,2018,64.953 Km,Vicente López - Bs.As. G.B.A. Norte
VW Virtus,Volkswagen Virtus 1.6 Msi Highline,22000000.0,$,2019,94.600 Km,Berazategui - Bs.As. G.B.A. Sur
VW Virtus,Volkswagen Virtus 1.6 Msi Trendline,12500.0,US$,2018,90.000 Km,Capital Federal - Capital Federal
VW Virtus,Volkswagen Virtus 1.4 Tsi Gts,29900000.0,$,2022,81.000 Km,General San Martín - Bs.As. G.B.A. Norte
VW Virtus,Volkswagen Virtus 1.6 Comfortline,13500.0,US$,2018,99.000 Km,Quilmes - Bs.As. G.B.A. Sur
VW Virtus,Volkswagen Virtus 1.6 Msi Trendline,20000000.0,$,2018,80.000 Km,General Las Heras - Buenos Aires Interior
VW Virtus,Volkswagen Virtus 1.6 Comfortline,21000000.0,$,2021,100.000 Km,Lomas De Zamora - Bs.As. G.B.A. Sur
VW Virtus,Volkswagen Virtus 1.6 Msi Highline,19500000.0,$,2019,98.700 Km,Almirante Brown - Bs.As. G.B.A. Sur
VW Virtus,Volkswagen Virtus 1.6 Msi Trendline At,19500000.0,$,2018,104.000 Km,Hurlingham - Bs.As. G.B.A. Oeste
VW Virtus,Volkswagen Virtus 1.6 Comfortline At,15800.0,US$,2021,60.000 Km,Lanús - Bs.As. G.B.A. Sur
VW Virtus,Volkswagen Virtus 1.6 Msi Highline,23500000.0,$,2019,48.000 Km,Capital Federal - Capital Federal
VW Virtus,Volkswagen Virtus 1.6 Msi Highline,25000000.0,$,2018,40.000 Km,Avellaneda - Bs.As. G.B.A. Sur
VW Virtus,Volkswagen Virtus 1.6 Msi Trendline,18000000.0,$,2018,103.000 Km,La Matanza - Bs.As. G.B.A. Oeste
VW Virtus,Volkswagen Virtus 1.6 Msi Trendline At,15500.0,US$,2020,92.000 Km,Almirante Brown - Bs.As. G.B.A. Sur
VW Virtus,Volkswagen Virtus 1.6 Msi Trendline,22500000.0,$,2020,81.000 Km,Capital Federal - Capital Federal
VW Virtus,Volkswagen Virtus 1.6 Msi Trendline,26000000.0,$,2023,53.000 Km,Merlo - Bs.As. G.B.A. Oeste
VW Virtus,Volkswagen Virtus 1.6 Comfortline,14000.0,US$,2018,84.000 Km,Capital Federal - Capital Federal
VW Virtus,Volkswagen Virtus 1.6 Comfortline At,22000000.0,$,2020,50.000 Km,Del Viso - Bs.As. G.B.A. Norte
VW Virtus,Volkswagen Virtus 1.0 Tsi Highline,25400.0,US$,2025,11.800 Km,Lanús - Bs.As. G.B.A. Sur
VW Virtus,Volkswagen Virtus 1.6 Msi,28000000.0,$,2025,56.000 Km,La Plata - Bs.As. G.B.A. Sur
VW Virtus,Volkswagen Virtus 1.6 Msi Trendline,22500.0,US$,2025,9.000 Km,San Isidro - Bs.As. G.B.A. Norte
VW Virtus,Volkswagen Virtus 1.6 Msi,22000.0,US$,2025,15.500 Km,La Matanza - Bs.As. G.B.A. Oeste
VW Virtus,Volkswagen Virtus 1.6 Msi,32000000.0,$,2025,35.000 Km,Avellaneda - Bs.As. G.B.A. Sur
VW Virtus,Volkswagen Virtus 1.6 Comfortline,22900000.0,$,2019,50.000 Km,San Isidro - Bs.As. G.B.A. Norte
VW Virtus,Volkswagen Virtus 1.6 Comfortline At,36000000.0,$,2025,0 Km,9 De Julio - Buenos Aires Interior
VW Virtus,Volkswagen Virtus 1.6 Comfortline,20900000.0,$,2018,100.000 Km,Villa Carlos Paz - Córdoba
VW Virtus,Volkswagen Virtus 1.4 Tsi Gts,34700000.0,$,2022,70.000 Km,Córdoba - Córdoba
VW Virtus,Volkswagen Virtus 1.6 Comfortline At,16500.0,US$,2021,67.000 Km,Chascomús - Buenos Aires Interior
VW Virtus,Volkswagen Virtus 1.6 Msi Trendline,14500.0,US$,2019,97.000 Km,Mar Del Plata - Bs.As. Costa Atlántica
VW Virtus,Volkswagen Virtus 1.4 Tsi Gts,20500.0,US$,2021,94.700 Km,Santa Clara Del Mar - Bs.As. Costa Atlántica
VW Virtus,Volkswagen Virtus 1.6 Msi Trendline,18900000.0,$,2019,59.223 Km,Rosario - Santa Fe
VW Virtus,Volkswagen Virtus 1.6 Msi Trendline,41900000.0,$,2025,0 Km,Rawson - Chubut
VW Virtus,Volkswagen Virtus 1.6 Msi Trendline L18,21249999.0,$,2020,142.500 Km,Córdoba - Córdoba
VW Virtus,Volkswagen Virtus 1.6 Msi Trendline,45645750.0,$,2023,0 Km,Córdoba - Córdoba
VW Virtus,Volkswagen Virtus 1.4 Tsi Exclusive,47000000.0,$,2025,17.500 Km,Godoy Cruz - Mendoza
VW Virtus,Volkswagen Virtus 1.6 Msi Trendline,22500000.0,$,2018,94.361 Km,Olavarría - Buenos Aires Interior
VW Virtus,Volkswagen Virtus 1.6 Msi Highline At,22500000.0,$,2018,189.000 Km,Mar De Ajo - Bs.As. Costa Atlántica
VW Virtus,Volkswagen Virtus 1.6 Msi,35900000.0,$,2025,1.000 Km,Tandil - Buenos Aires Interior
VW Virtus,Volkswagen Virtus 1.6 Comfortline Msi At 110cv,22500000.0,$,2020,98.000 Km,Villa María - Córdoba
VW Virtus,Volkswagen Virtus 1.6 Msi Comfortline,33990000.0,$,2025,0 Km,Corrientes - Corrientes
VW Virtus,Volkswagen Virtus Virtus 1.6 Msi Trendline,23000000.0,$,2020,99.000 Km,Olavarría - Buenos Aires Interior
VW Virtus,Volkswagen Virtus 1.6 Msi Trendline,21500000.0,$,2020,84.000 Km,Roque Saenz Peña - Chaco
VW Virtus,Volkswagen Virtus 1.4 Tsi Exclusive,55500000.0,$,2026,0 Km,Balcarce - Buenos Aires Interior
VW Virtus,Volkswagen Virtus 1.4 Tsi Exclusive,55500000.0,$,2026,0 Km,Mar Del Plata - Bs.As. Costa Atlántica
VW Virtus,Volkswagen Virtus 1.4 Tsi Exclusive,55500000.0,$,2026,0 Km,Necochea - Bs.As. Costa Atlántica
VW Virtus,Volkswagen Virtus 1.4 Tsi Exclusive,55500000.0,$,2026,0 Km,Tandil - Buenos Aires Interior
VW Virtus,Volkswagen Virtus 1.6 Comfortline At,21000000.0,$,2021,120.000 Km,Junín - Buenos Aires Interior
VW Virtus,Volkswagen Virtus 1.6 Msi Trendline At,21500000.0,$,2018,92.000 Km,Río Cuarto - Córdoba
VW Virtus,Volkswagen Virtus 1.6 Msi Highline At,25000000.0,$,2021,60.000 Km,Rosario - Santa Fe
VW Virtus,Volkswagen Virtus 1.6 Msi Comfortline,34900000.0,$,2026,0 Km,Mar Del Plata - Bs.As. Costa Atlántica
VW Virtus,Volkswagen Virtus 1.6 Msi Comfortline,34900000.0,$,2026,0 Km,Tandil - Buenos Aires Interior
VW Virtus,Volkswagen Virtus 1.6 Msi Comfortline,34900000.0,$,2026,0 Km,Balcarce - Buenos Aires Interior
VW Virtus,Volkswagen Virtus 1.6 Msi Comfortline,34900000.0,$,2026,0 Km,Mar Del Plata - Bs.As. Costa Atlántica
VW Virtus,Volkswagen Virtus 1.6 Msi Highline At,27000000.0,$,2022,109.000 Km,San Luis - San Luis
VW Virtus,Volkswagen Virtus 1.4 Tsi Exclusive,33000.0,US$,2025,5.000 Km,Biedma - Chubut
VW Virtus,Volkswagen Virtus 1.6 Comfortline At,19000.0,US$,2022,60.000 Km,Villarino - Buenos Aires Interior
VW Virtus,Volkswagen Virtus 1.0 Tsi Trendline,39900000.0,$,2026,0 Km,Santa Rosa - La Pampa
VW Virtus,Volkswagen Virtus 1.6 Msi Highline,21400000.0,$,2018,116.000 Km,Córdoba - Córdoba
VW Virtus,Volkswagen Virtus Comfortline 1.6 Msi 110cv,19500000.0,$,2019,86.182 Km,Trenque Lauquen - Buenos Aires Interior
VW Virtus,Volkswagen Virtus 1.6 Msi Trendline,29000000.0,$,2020,1.162 Km,Oberá - Misiones
VW Virtus,Volkswagen Virtus 1.6 Msi,34900000.0,$,2026,0 Km,Córdoba - Córdoba
VW Virtus,Volkswagen Virtus 1.4 Tsi Exclusive,37500000.0,$,2024,7.000 Km,San Francisco - Córdoba
VW Virtus,Volkswagen Virtus 1.6 Comfortline At,19000.0,US$,2022,59.000 Km,Villarino - Buenos Aires Interior
VW Virtus,Volkswagen Virtus 1.6 Comfortline,18500000.0,$,2018,103.012 Km,Paraná - Entre Ríos
VW Virtus,Volkswagen Virtus 1.6 Comfortline,21300000.0,$,2019,160.830 Km,Pergamino - Buenos Aires Interior
VW Virtus,Volkswagen Virtus 1.6 Msi Highline At,23800000.0,$,2018,95.700 Km,Tandil - Buenos Aires Interior
VW Virtus,Volkswagen Virtus 1.0 Tsi Highline,39900000.0,$,2025,1.000 Km,Tandil - Buenos Aires Interior
VW Virtus,Volkswagen Virtus 1.0 Tsi Highline,39900000.0,$,2025,1.000 Km,Necochea - Bs.As. Costa Atlántica
VW Virtus,Volkswagen Virtus 1.6 Msi Trendline,21000000.0,$,2018,90.000 Km,Bahía Blanca - Buenos Aires Interior
VW Virtus,Volkswagen Virtus 1.6 Msi Trendline,17900000.0,$,2018,122.000 Km,Rosario - Santa Fe
VW Virtus,Volkswagen Virtus 1.6 Msi Trendline At,19900000.0,$,2018,115.586 Km,Maipú - Mendoza
VW Virtus,Volkswagen Virtus 1.4 Tsi Exclusive,45000000.0,$,2025,4.800 Km,Biedma - Chubut
VW Virtus,Volkswagen Virtus 1.0 Tsi Highline,37000000.0,$,2024,8.900 Km,Biedma - Chubut
VW Virtus,Volkswagen Virtus Gts 1.4t At,32800000.0,$,2021,45.100 Km,Córdoba - Córdoba
VW Virtus,Volkswagen Virtus 1.4 Tsi Gts,29700000.0,$,2021,92.800 Km,Córdoba - Córdoba
VW Virtus,Volkswagen Virtus 1.6 Comfortline At,21900000.0,$,2021,81.240 Km,Paso De Los Libres - Corrientes
VW Virtus,Volkswagen Virtus 1.0 170 Tsi Highline At6,34200000.0,$,2023,45.000 Km,Córdoba - Córdoba
VW Virtus,Volkswagen Virtus 1.6 Msi Highline At,21000000.0,$,2018,143.000 Km,Federación - Entre Ríos
VW Virtus,Volkswagen Virtus 1.0 Tsi Highline,35000000.0,$,2023,49.560 Km,Oberá - Misiones
VW Virtus,Volkswagen Virtus 1.0 Tsi Highline,35500000.0,$,2023,39.766 Km,Mendoza - Mendoza
VW Virtus,Volkswagen Virtus 1.6 Comfortline,22500000.0,$,2019,88.000 Km,San Nicolás - Buenos Aires Interior
VW Virtus,Volkswagen Virtus 1.6 Msi Comfortline,37500000.0,$,2025,11.000 Km,Las Flores - Buenos Aires Interior
VW Voyage,Volkswagen Voyage 1.6 Comfortline Plus 101cv,13000000.0,$,2014,142.000 Km,Florencio Varela - Bs.As. G.B.A. Sur
VW Voyage,Volkswagen Voyage 1.6 Trendline 101cv,13200000.0,$,2017,210.000 Km,Capital Federal - Capital Federal
VW Voyage,Volkswagen Voyage 1.6 Comfortline 101cv,6000.0,US$,2010,152.000 Km,Capital Federal - Capital Federal
VW Voyage,Volkswagen Voyage 1.6 Trenline 101cv,15000000.0,$,2016,82.000 Km,San Isidro - Bs.As. G.B.A. Norte
VW Voyage,Volkswagen Voyage 1.6 Conceptline,9000000.0,$,2010,280.000 Km,Capital Federal - Capital Federal
VW Voyage,Volkswagen Voyage 1.6 Comfortline 101cv Abcp Abs,7200.0,US$,2013,120.000 Km,General San Martín - Bs.As. G.B.A. Norte
VW Voyage,Volkswagen Voyage 1.6 Trenline 101cv,13500000.0,$,2015,121.000 Km,Capital Federal - Capital Federal
VW Voyage,Volkswagen Voyage 1.6 Highline 101cv,8500.0,US$,2011,100.000 Km,General San Martín - Bs.As. G.B.A. Norte
VW Voyage,Volkswagen Voyage 1.6 Advance,8550000.0,$,2009,219.000 Km,Capital Federal - Capital Federal
VW Voyage,Volkswagen Voyage 1.6 Comfortline Plus 2 101cv,9700000.0,$,2015,276.000 Km,Capital Federal - Capital Federal
VW Voyage,Volkswagen Voyage Sedan 4 Puertas,9500000.0,$,2012,290.000 Km,Berazategui - Bs.As. G.B.A. Sur
VW Voyage,Volkswagen Voyage 1.6 Comfortline 101cv,10400.0,US$,2012,11.000 Km,Capital Federal - Capital Federal
VW Voyage,Volkswagen Voyage 1.6 Trenline 101cv,14500000.0,$,2019,156.000 Km,Capital Federal - Capital Federal
VW Voyage,Volkswagen Voyage 1.6 Highline 101cv,14000000.0,$,2018,230.000 Km,La Plata - Bs.As. G.B.A. Sur
VW Voyage,Volkswagen Voyage 1.6 Trendline 101cv,8190.0,US$,2014,95.000 Km,San Isidro - Bs.As. G.B.A. Norte
VW Voyage,Volkswagen Voyage 1.6 Trenline 101cv,9250000.0,$,2017,116.000 Km,Capital Federal - Capital Federal
VW Voyage,Volkswagen Voyage 1.6 I Motion. Sedan 4 Puertas,11000000.0,$,2011,110.000 Km,Almirante Brown - Bs.As. G.B.A. Sur
VW Voyage,Volkswagen Voyage 1.6 Comfortline Plus 101cv,10300000.0,$,2013,191.000 Km,Moreno - Bs.As. G.B.A. Oeste
VW Voyage,Volkswagen Voyage 1.6 Trenline 101cv,15790000.0,$,2017,81.215 Km,Castelar - Bs.As. G.B.A. Oeste
VW Voyage,Volkswagen Voyage 1.6 Comfortline 101cv,10000000.0,$,2015,320.000 Km,Vicente López - Bs.As. G.B.A. Norte
VW Voyage,Volkswagen Voyage 1.6 Msi,10500000.0,$,2017,260.000 Km,Moreno - Bs.As. G.B.A. Oeste
VW Voyage,Volkswagen Voyage 1.6 Trenline 101cv,12000000.0,$,2017,181.000 Km,Capital Federal - Capital Federal
VW Voyage,Volkswagen Voyage 1.6 101cv,9099000.0,$,2012,175.000 Km,San Isidro - Bs.As. G.B.A. Norte
VW Voyage,Volkswagen Voyage 1.6 Comfortline Plus 101cv,9000000.0,$,2011,175.000 Km,Capital Federal - Capital Federal
VW Voyage,Volkswagen Voyage 1.6 Trenline 101cv,16500000.0,$,2019,70.000 Km,Capital Federal - Capital Federal
VW Voyage,Volkswagen Voyage 1.6 Comfortline Plus 101cv,7400.0,US$,2010,149.019 Km,Moreno - Bs.As. G.B.A. Oeste
VW Voyage,Volkswagen Voyage 1.6 Trendline 101cv,10800.0,US$,2017,86.600 Km,Capital Federal - Capital Federal
VW Voyage,Volkswagen Voyage 1.6 Comfortline 101cv,6700.0,US$,2009,140.000 Km,General San Martín - Bs.As. G.B.A. Norte
VW Voyage,Volkswagen Voyage 1.6 Comfortline 101cv,8500000.0,$,2011,226.000 Km,Ezeiza - Bs.As. G.B.A. Sur
VW Voyage,Volkswagen Voyage 1.6 Comfortline 101cv,8900.0,US$,2011,80.000 Km,Berazategui - Bs.As. G.B.A. Sur
VW Voyage,Volkswagen Voyage 1.6 Comfortline 101cv C/gnc,9000000.0,$,2011,135.000 Km,Capital Federal - Capital Federal
VW Voyage,Volkswagen Voyage 1.6 Serie 101cv,9000000.0,$,2012,193.925 Km,Capital Federal - Capital Federal
VW Voyage,Volkswagen Voyage 1.6 Comfortline 101cv,10500000.0,$,2012,127.000 Km,Avellaneda - Bs.As. G.B.A. Sur
VW Voyage,Volkswagen Voyage 1.6 Comfortline Plus 101cv,8200000.0,$,2011,278.000 Km,San Miguel - Bs.As. G.B.A. Norte
VW Voyage,Volkswagen Voyage 1.6 Comfortline Plus 101cv,8000000.0,$,2011,240.000 Km,La Matanza - Bs.As. G.B.A. Oeste
VW Voyage,Volkswagen Voyage 1.6 Comfortline Plus 101cv,8000000.0,$,2011,240.000 Km,La Matanza - Bs.As. G.B.A. Oeste
VW Voyage,Volkswagen Voyage 1.6 Trendline 101cv,13300000.0,$,2017,170.000 Km,José C. Paz - Bs.As. G.B.A. Norte
VW Voyage,Volkswagen Voyage 1.6 Trendline,8000.0,US$,2011,145.000 Km,La Plata - Bs.As. G.B.A. Sur
VW Voyage,Volkswagen Voyage 1.6 Comfortline 101cv,10800000.0,$,2012,129.000 Km,Capital Federal - Capital Federal
VW Voyage,Volkswagen Voyage 1.6 Highline 101cv,9900000.0,$,2016,260.000 Km,Capital Federal - Capital Federal
VW Voyage,Volkswagen Voyage 1.6 Highline 101cv,11800000.0,$,2010,112.000 Km,Lomas De Zamora - Bs.As. G.B.A. Sur
VW Voyage,Volkswagen Voyage 1.6 Comfortline Imotion Plus,10810000.0,$,2011,155.000 Km,General San Martín - Bs.As. G.B.A. Norte
VW Voyage,Volkswagen Voyage 1.6 Comfortline 101cv,6000.0,US$,2011,215.000 Km,Berisso - Buenos Aires Interior
VW Voyage,Volkswagen Voyage 1.6 Comfortline 101cv,10900000.0,$,2011,125.000 Km,Almirante Brown - Bs.As. G.B.A. Sur
VW Voyage,Volkswagen Voyage 1.6 101cv,10500000.0,$,2013,230.000 Km,Capital Federal - Capital Federal
VW Voyage,Volkswagen Voyage 1.6 Comfortline 101cv,8500.0,US$,2013,120.000 Km,Capital Federal - Capital Federal
VW Voyage,Volkswagen Voyage 1.6 Comfortline Plus 101cv,9800000.0,$,2011,158.000 Km,Capital Federal - Capital Federal
VW Voyage,Volkswagen Voyage 1.6 Comfortline 101cv,9800000.0,$,2009,152.000 Km,San Miguel - Bs.As. G.B.A. Norte
VW Voyage,Volkswagen Voyage 1.6 Comfortline 101cv,10500000.0,$,2011,201.000 Km,Escobar - Bs.As. G.B.A. Norte
VW Voyage,Volkswagen Voyage 1.6 Comfortline Plus 101cv,10900000.0,$,2012,120.000 Km,Luján - Buenos Aires Interior
VW Voyage,Volkswagen Voyage 1.6 Comfortline Plus 101cv,12600000.0,$,2013,90.000 Km,Capital Federal - Capital Federal
VW Voyage,Volkswagen Voyage 1.6 Highline 101cv,10999.0,US$,2015,140.000 Km,Capital Federal - Capital Federal
VW Voyage,Volkswagen Voyage 1.6 Comfortline 101cv,13000000.0,$,2013,120.000 Km,Castelar - Bs.As. G.B.A. Oeste
VW Voyage,Volkswagen Voyage 1.6 Comfortline 101cv,10500000.0,$,2011,132.000 Km,Capital Federal - Capital Federal
VW Voyage,Volkswagen Voyage 1.6 Trenline 101cv,15500000.0,$,2016,88.000 Km,La Matanza - Bs.As. G.B.A. Oeste
VW Voyage,Volkswagen Voyage 1.6 101cv,11850000.0,$,2013,128.548 Km,Quilmes - Bs.As. G.B.A. Sur
VW Voyage,Volkswagen Voyage 1.6 101cv,11000000.0,$,2013,244.000 Km,Escobar - Bs.As. G.B.A. Norte
VW Voyage,Volkswagen Voyage 1.6 Comfortline 101cv,9500000.0,$,2011,221.000 Km,Quilmes - Bs.As. G.B.A. Sur
VW Voyage,Volkswagen Voyage 1.6 Comfortline Imotion Plus,10808000.0,$,2011,155.000 Km,General San Martín - Bs.As. G.B.A. Norte
VW Voyage,Volkswagen Voyage 1.6 Comfortline 101cv,9500000.0,$,2010,240.000 Km,Morón - Bs.As. G.B.A. Oeste
VW Voyage,Volkswagen Voyage 1.6 101cv,12500000.0,$,2012,230.000 Km,General San Martín - Bs.As. G.B.A. Norte
VW Voyage,Volkswagen Voyage 1.6 101cv,12500000.0,$,2012,126.500 Km,La Plata - Bs.As. G.B.A. Sur
VW Voyage,Volkswagen Voyage 1.6 Comfortline Plus 101cv,12500000.0,$,2013,170.000 Km,Quilmes - Bs.As. G.B.A. Sur
VW Voyage,Volkswagen Voyage 1.6 Comfortline 101cv,12000.0,US$,2015,90.000 Km,Quilmes - Bs.As. G.B.A. Sur
VW Voyage,Volkswagen Voyage 1.6 Trenline 101cv,14800000.0,$,2018,50.000 Km,Capital Federal - Capital Federal
VW Voyage,Volkswagen Voyage 1.6 Trendline,8900.0,US$,2011,206.000 Km,La Plata - Bs.As. G.B.A. Sur
VW Voyage,Volkswagen Voyage 1.6 Trenline 101cv,11500000.0,$,2015,147.000 Km,Tigre - Bs.As. G.B.A. Norte
VW Voyage,Volkswagen Voyage 1.6 Highline 101cv,11300000.0,$,2011,160.000 Km,Capital Federal - Capital Federal
VW Voyage,Volkswagen Voyage 1.6 Highline 101cv,8450.0,US$,2012,96.000 Km,Capital Federal - Capital Federal
VW Voyage,Volkswagen Voyage Trendline,10000000.0,$,2011,130.000 Km,Caseros - Bs.As. G.B.A. Oeste
VW Voyage,Volkswagen Voyage 1.6 Comfortline Plus,9900000.0,$,2012,170.000 Km,Capital Federal - Capital Federal
VW Voyage,Volkswagen Voyage 1.6 Trenline 101cv,11500000.0,$,2017,168.000 Km,Lomas De Zamora - Bs.As. G.B.A. Sur
VW Voyage,Volkswagen Voyage 1.6 Comfortline 101cv,11500000.0,$,2015,190.000 Km,Capital Federal - Capital Federal
VW Voyage,Volkswagen Voyage 1.6 Trendline My17,16510000.0,$,2017,20.000 Km,Capital Federal - Capital Federal
VW Voyage,Volkswagen Voyage 1.6 Trendline 101cv,16800000.0,$,2017,125.000 Km,Morón - Bs.As. G.B.A. Oeste
VW Voyage,Volkswagen Voyage 1.6 Trendline 101cv,14000000.0,$,2017,146.000 Km,San Fernando - Bs.As. G.B.A. Norte
VW Voyage,Volkswagen Voyage 1.6 Trendline 101cv,12500000.0,$,2017,210.000 Km,La Matanza - Bs.As. G.B.A. Oeste
VW Voyage,Volkswagen Voyage 1.6 Trendline L17,14422800.0,$,2018,143.913 Km,Capital Federal - Capital Federal
VW Voyage,Volkswagen Voyage 1.6 Comfortline Plus 101cv,9900000.0,$,2010,159.000 Km,Capital Federal - Capital Federal
VW Voyage,Volkswagen Voyage 1.6 Comfortline Plus 101cv Ll,10400000.0,$,2012,180.000 Km,Lomas De Zamora - Bs.As. G.B.A. Sur
VW Voyage,Volkswagen Voyage 1.6 Comfortline Plus 101cv Ll,11900000.0,$,2012,132.000 Km,Malvinas Argentinas - Bs.As. G.B.A. Norte
VW Voyage,Volkswagen Voyage 1.6 Comfortline 101cv Abcp Abs,12500000.0,$,2014,153.000 Km,La Plata - Bs.As. G.B.A. Sur
VW Voyage,Volkswagen Voyage 1.6 101cv,13000000.0,$,2013,120.000 Km,Castelar - Bs.As. G.B.A. Oeste
VW Voyage,Volkswagen Voyage 1.6 Comfortline 101cv I-motion,9200000.0,$,2012,109.948 Km,Ituzaingó - Bs.As. G.B.A. Oeste
VW Voyage,Volkswagen Voyage 1.6 Trenline 101cv,16500000.0,$,2017,218.000 Km,Tigre - Bs.As. G.B.A. Norte
VW Voyage,Volkswagen Voyage 1.6 Trenline 101cv,10800.0,US$,2017,75.000 Km,Capital Federal - Capital Federal
VW Voyage,Volkswagen Voyage 1.6 Comfortline 101cv,9800.0,US$,2014,170.000 Km,La Plata - Bs.As. G.B.A. Sur
VW Voyage,Volkswagen Voyage 1.6 101cv,9500.0,US$,2014,116.000 Km,General San Martín - Bs.As. G.B.A. Norte
VW Voyage,Volkswagen Voyage 1.6 Comfortline 101cv,10000.0,US$,2015,206.000 Km,Tres De Febrero - Bs.As. G.B.A. Oeste
VW Voyage,Volkswagen Voyage 1.6 Comfortline 101cv,5150000.0,$,2009,200.000 Km,Capital Federal - Capital Federal
VW Voyage,Volkswagen Voyage 1.6 Comfortline Plus 101cv,8990000.0,$,2011,201.000 Km,Capital Federal - Capital Federal
VW Voyage,Volkswagen Voyage 1.6 Trenline 101cv,17800000.0,$,2018,70.000 Km,La Matanza - Bs.As. G.B.A. Oeste
VW Voyage,Volkswagen Voyage 1.6 Comfortline Plus 101cv,13800000.0,$,2014,165.000 Km,San Isidro - Bs.As. G.B.A. Norte
VW Voyage,Volkswagen Voyage 1.6 Comfortline 101cv,4500.0,US$,2012,300.000 Km,Capital Federal - Capital Federal
VW Voyage,Volkswagen Voyage 1.6 Comfortline 101cv,8000.0,US$,2015,167.000 Km,Tres De Febrero - Bs.As. G.B.A. Oeste
VW Voyage,Volkswagen Voyage 1.6 Highline 101cv,15900000.0,$,2015,95.900 Km,General San Martín - Bs.As. G.B.A. Norte
VW Voyage,Volkswagen Voyage 1.6 Highline 101cv,12700.0,US$,2018,83.000 Km,La Matanza - Bs.As. G.B.A. Oeste
VW Voyage,Volkswagen Voyage 1.6,11500000.0,$,2015,93.000 Km,Capital Federal - Capital Federal
VW Voyage,Volkswagen Voyage 1.6 Comfortline Plus I-motion Ab Ll,8400.0,US$,2013,95.210 Km,Quilmes - Bs.As. G.B.A. Sur
VW Voyage,Volkswagen Voyage 1.6 Trendline 101cv,10500.0,US$,2016,82.000 Km,Capital Federal - Capital Federal
VW Voyage,Volkswagen Voyage 1.6 101cv,10500000.0,$,2012,180.000 Km,Tigre - Bs.As. G.B.A. Norte
VW Voyage,Volkswagen Voyage 1.6 Trenline 101cv,14280000.0,$,2018,147.885 Km,Capital Federal - Capital Federal
VW Voyage,Volkswagen Voyage 1.6 Comfortline 101cv,11900000.0,$,2013,128.500 Km,Quilmes - Bs.As. G.B.A. Sur
VW Voyage,Volkswagen Voyage 1.6 Trendline 101cv,13900000.0,$,2016,90.000 Km,General San Martín - Bs.As. G.B.A. Norte
VW Voyage,Volkswagen Voyage 1.6 Trenline 101cv,14000000.0,$,2017,105.000 Km,Capital Federal - Capital Federal
VW Voyage,Volkswagen Voyage 1.6 Comfortline Plus I Motion,10040000.0,$,2014,197.303 Km,Malvinas Argentinas - Bs.As. G.B.A. Norte
VW Voyage,Volkswagen Voyage 1.6 Comfortline 101cv,9000000.0,$,2011,210.000 Km,Esteban Echeverría - Bs.As. G.B.A. Sur
VW Voyage,Volkswagen Voyage 1.6 Highline 101cv Ll+alt,8900000.0,$,2014,195.000 Km,Castelar - Bs.As. G.B.A. Oeste
VW Voyage,Volkswagen Voyage 1.6 Comfortline 101cv,8000000.0,$,2013,308.000 Km,Capital Federal - Capital Federal
VW Voyage,Volkswagen Voyage 1.6 Trenline 101cv,12500000.0,$,2014,163.000 Km,Capital Federal - Capital Federal
VW Voyage,Volkswagen Voyage 1.6 Trenline 101cv,8500.0,US$,2017,171.000 Km,Capital Federal - Capital Federal
VW Voyage,Volkswagen Voyage 1.6 Trendline 101cv,14900000.0,$,2018,89.000 Km,Avellaneda - Bs.As. G.B.A. Sur
VW Voyage,Volkswagen Voyage 1.6 Highline 101cv,13500000.0,$,2018,215.000 Km,Capital Federal - Capital Federal
VW Voyage,Volkswagen Voyage 1.6 Format,10900000.0,$,2010,175.000 Km,Hurlingham - Bs.As. G.B.A. Oeste
VW Voyage,Volkswagen Voyage 1.6 101cv,11000000.0,$,2013,203.000 Km,Escobar - Bs.As. G.B.A. Norte
VW Voyage,Volkswagen Voyage 1.6 Comfortline 101cv,12000000.0,$,2014,178.000 Km,Tres De Febrero - Bs.As. G.B.A. Oeste
VW Voyage,Volkswagen Voyage 1.6 Comfortline 101cv Abcp Abs,9500.0,US$,2015,108.000 Km,Quilmes - Bs.As. G.B.A. Sur
VW Voyage,Volkswagen Voyage 1.6 Trenline 101cv,14000000.0,$,2018,180.000 Km,San Miguel - Bs.As. G.B.A. Norte
VW Voyage,Volkswagen Voyage 1.6 Comfortline 101cv I-motion,8000.0,US$,2012,102.000 Km,Capital Federal - Capital Federal
VW Voyage,Volkswagen Voyage 1.6 Comfortline 101cv,13000000.0,$,2014,215.000 Km,San Fernando - Bs.As. G.B.A. Norte
VW Voyage,Volkswagen Voyage 1.6 Comfortline 101cv,5500.0,US$,2011,350.000 Km,Capital Federal - Capital Federal
VW Voyage,Volkswagen Voyage 1.6 Comfortline 101cv Abcp Abs,11000000.0,$,2015,204.000 Km,Avellaneda - Bs.As. G.B.A. Sur
VW Voyage,Volkswagen Voyage 1.6 Trenline 101cv,16200000.0,$,2016,84.000 Km,La Matanza - Bs.As. G.B.A. Oeste
VW Voyage,Volkswagen Voyage 1.6 Trenline 101cv,14500000.0,$,2016,110.000 Km,Tigre - Bs.As. G.B.A. Norte
VW Voyage,Volkswagen Voyage 1.6 Highline 101cv,13300000.0,$,2014,73.000 Km,Avellaneda - Bs.As. G.B.A. Sur
VW Voyage,Volkswagen Voyage 1.6 Highline 101cv,8500000.0,$,2011,190.000 Km,Tigre - Bs.As. G.B.A. Norte
VW Voyage,Volkswagen Voyage 1.6 Comfortline 101cv,11000000.0,$,2013,230.000 Km,Capital Federal - Capital Federal
VW Voyage,Volkswagen Voyage 1.6 Comfortline 101cv,11900000.0,$,2015,151.000 Km,Tigre - Bs.As. G.B.A. Norte
VW Voyage,Volkswagen Voyage 1.6 Highline Imotion,11000000.0,$,2011,118.000 Km,Castelar - Bs.As. G.B.A. Oeste
VW Voyage,Volkswagen Voyage 1.6 Highline 101cv,12000000.0,$,2012,96.000 Km,Capital Federal - Capital Federal
VW Voyage,Volkswagen Voyage 1.6 101cv,5999.0,US$,2012,265.800 Km,Tigre - Bs.As. G.B.A. Norte
VW Voyage,Volkswagen Voyage 1.6 Comfortline 101cv,10500000.0,$,2013,239.000 Km,Escobar - Bs.As. G.B.A. Norte
VW Voyage,Volkswagen Voyage 1.6 Comfortline 101cv,11900000.0,$,2013,130.000 Km,Quilmes - Bs.As. G.B.A. Sur
VW Voyage,Volkswagen Voyage 1.6 Comfortline 101cv,11700000.0,$,2013,129.000 Km,Moreno - Bs.As. G.B.A. Oeste
VW Voyage,Volkswagen Voyage 1.6 Trenline 101cv,14900000.0,$,2016,155.000 Km,San Miguel - Bs.As. G.B.A. Norte
VW Voyage,Volkswagen Voyage 1.6 Comfortline 101cv,10195000.0,$,2012,115.800 Km,Avellaneda - Bs.As. G.B.A. Sur
VW Voyage,Volkswagen Voyage 1.6 Trenline 101cv,13000000.0,$,2017,110.000 Km,Capital Federal - Capital Federal
VW Voyage,Volkswagen Voyage 1.6 Highline 101cv,11500.0,US$,2016,132.000 Km,Pilar - Bs.As. G.B.A. Norte
VW Voyage,Volkswagen Voyage 1.6 Highline 101cv,14900000.0,$,2016,150.000 Km,Pilar - Bs.As. G.B.A. Norte
VW Voyage,Volkswagen Voyage 1.6 Comfortline 101cv,12900000.0,$,2015,47.000 Km,Capital Federal - Capital Federal
VW Voyage,Volkswagen Voyage 1.6 Comfortline 101cv,9800000.0,$,2012,178.000 Km,La Plata - Bs.As. G.B.A. Sur
VW Voyage,Volkswagen Voyage 1.6 Comfortline 101cv,9000000.0,$,2013,110.000 Km,Avellaneda - Bs.As. G.B.A. Sur
VW Voyage,Volkswagen Voyage 1.6 Trenline 101cv,14800000.0,$,2018,108.000 Km,Lomas De Zamora - Bs.As. G.B.A. Sur
VW Voyage,Volkswagen Voyage 1.6 Comfortline Plus 2 101cv I-motion,11999000.0,$,2014,100.000 Km,Tres De Febrero - Bs.As. G.B.A. Oeste
VW Voyage,Volkswagen Voyage 1.6 Comfortline Plus 101cv,9500000.0,$,2014,186.000 Km,Malvinas Argentinas - Bs.As. G.B.A. Norte
VW Voyage,Volkswagen Voyage 1.6 Comfortline 101cv Abcp Abs,10500000.0,$,2014,140.000 Km,Capital Federal - Capital Federal
VW Voyage,Volkswagen Voyage 1.6 Conceptline,10999999.0,$,2013,120.000 Km,Tigre - Bs.As. G.B.A. Norte
VW Voyage,Volkswagen Voyage 1.6 Trenline 101cv,10500.0,US$,2016,82.000 Km,Capital Federal - Capital Federal
VW Voyage,Volkswagen Voyage 1.6 Highline 101cv,11500000.0,$,2015,213.000 Km,Capital Federal - Capital Federal
VW Voyage,Volkswagen Voyage 1.6 Trenline 101cv,10550.0,US$,2018,50.000 Km,Capital Federal - Capital Federal
VW Voyage,Volkswagen Voyage 1.6 Gp,9500000.0,$,2013,232.000 Km,La Plata - Bs.As. G.B.A. Sur
VW Voyage,Volkswagen Voyage 1.6 Highline 101cv,12500000.0,$,2013,280.000 Km,Florencio Varela - Bs.As. G.B.A. Sur
VW Voyage,Volkswagen Voyage 1.6 Highline Imotion,9500000.0,$,2011,144.000 Km,Capital Federal - Capital Federal
VW Voyage,Volkswagen Voyage 1.6 Advance,8500000.0,$,2010,175.000 Km,Lomas De Zamora - Bs.As. G.B.A. Sur
VW Voyage,Volkswagen Voyage 1.6 Comfortline 101cv Abcp Abs,12000000.0,$,2015,170.000 Km,Tres De Febrero - Bs.As. G.B.A. Oeste
VW Voyage,Volkswagen Voyage 1.6 Comfortline 101cv Abcp Abs,12000000.0,$,2015,180.000 Km,Lomas De Zamora - Bs.As. G.B.A. Sur
VW Voyage,Volkswagen Voyage 1.6 Advance,5800000.0,$,2009,250.000 Km,Lomas De Zamora - Bs.As. G.B.A. Sur
VW Voyage,Volkswagen Voyage 1.6 Comfortline Plus 101cv,8000000.0,$,2011,250.000 Km,La Matanza - Bs.As. G.B.A. Oeste
VW Voyage,Volkswagen Voyage 1.6 Trenline 101cv,16000000.0,$,2015,85.000 Km,Quilmes - Bs.As. G.B.A. Sur
VW Voyage,Volkswagen Voyage 1.6 Trenline 101cv,13800000.0,$,2016,82.000 Km,General San Martín - Bs.As. G.B.A. Norte
VW Voyage,Volkswagen Voyage 1.6 Trenline 101cv,10500000.0,$,2016,468.000 Km,Cañuelas - Buenos Aires Interior
VW Voyage,Volkswagen Voyage 1.6 Trendline 101cv,13500000.0,$,2015,106.557 Km,San Miguel - Bs.As. G.B.A. Norte
VW Voyage,Volkswagen Voyage 1.6 Trendline 101cv,14000000.0,$,2015,100.000 Km,Capital Federal - Capital Federal
VW Voyage,Volkswagen Voyage 1.6 Highline 101cv,7850.0,US$,2013,170.000 Km,Capital Federal - Capital Federal
VW Voyage,Volkswagen Voyage 1.6 Comfortline 101cv I-motion,10100000.0,$,2012,188.000 Km,Luján - Buenos Aires Interior
VW Voyage,Volkswagen Voyage 1.6 Highline 101cv,9500.0,US$,2016,139.000 Km,La Plata - Bs.As. G.B.A. Sur
VW Voyage,Volkswagen Voyage 1.6 Comfortline 101cv,9200000.0,$,2010,190.000 Km,Avellaneda - Bs.As. G.B.A. Sur
VW Voyage,Volkswagen Voyage 1.6 Comfortline Imotion Plus,10900000.0,$,2010,112.000 Km,San Isidro - Bs.As. G.B.A. Norte
VW Voyage,Volkswagen Voyage 1.6 Comfortline Plus 101cv,13000000.0,$,2013,75.000 Km,Avellaneda - Bs.As. G.B.A. Sur
VW Voyage,Volkswagen Voyage 1.6 Comfortline 101cv Abcp Abs,12800000.0,$,2013,90.000 Km,Avellaneda - Bs.As. G.B.A. Sur
VW Voyage,Volkswagen Voyage Gp,6800.0,US$,2013,220.700 Km,Capital Federal - Capital Federal
VW Voyage,Volkswagen Voyage 1.6 Highline 101cv,11750.0,US$,2015,56.500 Km,Capital Federal - Capital Federal
VW Voyage,Volkswagen Voyage 1.6 Trenline 101cv,16000000.0,$,2018,171.000 Km,San Miguel - Bs.As. G.B.A. Norte
VW Voyage,Volkswagen Voyage 1.6 Comfortline 101cv,7200.0,US$,2013,147.952 Km,Ituzaingó - Bs.As. G.B.A. Oeste
VW Voyage,Volkswagen Voyage 1.6 Comfortline 101cv,10000000.0,$,2013,202.000 Km,Capital Federal - Capital Federal
VW Voyage,Volkswagen Voyage 1.6 Comfortline 101cv,5990000.0,$,2012,358.000 Km,Capital Federal - Capital Federal
VW Voyage,Volkswagen Voyage 1.6 Comfortline 101cv,13200000.0,$,2012,65.700 Km,Capital Federal - Capital Federal
VW Voyage,Volkswagen Voyage 1.6 Trenline 101cv,12000000.0,$,2016,93.000 Km,Avellaneda - Bs.As. G.B.A. Sur
VW Voyage,Volkswagen Voyage 1.6 Comfortline 101cv Abcp Abs,12000000.0,$,2015,160.000 Km,Campana - Buenos Aires Interior
VW Voyage,Volkswagen Voyage 1.6 Comfortline 101cv,13900000.0,$,2015,190.000 Km,Escobar - Bs.As. G.B.A. Norte
VW Voyage,Volkswagen Voyage 1.6 Comfortline 101cv,12000000.0,$,2015,157.000 Km,Tigre - Bs.As. G.B.A. Norte
VW Voyage,Volkswagen Voyage 1.6 Comfortline 101cv,8500000.0,$,2010,200.000 Km,Berisso - Buenos Aires Interior
VW Voyage,Volkswagen Voyage 1.6 Highline Imotion,11000000.0,$,2011,210.000 Km,Tigre - Bs.As. G.B.A. Norte
VW Voyage,Volkswagen Voyage 1.6 Advance,7999999.0,$,2010,223.000 Km,La Plata - Bs.As. G.B.A. Sur
VW Voyage,Volkswagen Voyage 1.6 Comfortline 101cv,10200000.0,$,2013,201.000 Km,Vicente López - Bs.As. G.B.A. Norte
VW Voyage,Volkswagen Voyage 1.6 101cv,9500000.0,$,2012,161.000 Km,Vicente López - Bs.As. G.B.A. Norte
VW Voyage,Volkswagen Voyage 1.6 Comfortline Plus 101cv Ll,6500000.0,$,2013,147.000 Km,Lanús - Bs.As. G.B.A. Sur
VW Voyage,Volkswagen Voyage 1.6 Highline 101cv,8400.0,US$,2012,178.000 Km,Capital Federal - Capital Federal
VW Voyage,Volkswagen Voyage 1.6 Comfortline 101cv,7500000.0,$,2010,329.120 Km,Capital Federal - Capital Federal
VW Voyage,Volkswagen Voyage 1.6 Comfortline 101cv,9500.0,US$,2010,115.000 Km,San Isidro - Bs.As. G.B.A. Norte
VW Voyage,Volkswagen Voyage 1.6 Comfortline 101cv,11000000.0,$,2011,130.000 Km,General San Martín - Bs.As. G.B.A. Norte
VW Voyage,Volkswagen Voyage 1.6 Comfortline 101cv,12500000.0,$,2011,151.000 Km,Lanús - Bs.As. G.B.A. Sur
VW Voyage,Volkswagen Voyage 1.6 Comfortline 101cv,11000000.0,$,2011,140.000 Km,Capital Federal - Capital Federal
VW Voyage,Volkswagen Voyage 1.6 Comfortline 101cv,11000000.0,$,2014,170.000 Km,Capital Federal - Capital Federal
VW Voyage,Volkswagen Voyage 1.6 Highline 101cv Ll+alt,9000.0,US$,2014,170.000 Km,Tres De Febrero - Bs.As. G.B.A. Oeste
VW Voyage,Volkswagen Voyage 1.6 Advance,7000000.0,$,2010,305.000 Km,Tigre - Bs.As. G.B.A. Norte
VW Voyage,Volkswagen Voyage 1.6 Comfortline Plus I-motion Ab+ll,12500000.0,$,2014,108.000 Km,Avellaneda - Bs.As. G.B.A. Sur
VW Voyage,Volkswagen Voyage 1.6 Highline 101cv,9500000.0,$,2009,146.200 Km,Florencio Varela - Bs.As. G.B.A. Sur
VW Voyage,Volkswagen Voyage 1.6 Comfortline 101cv,8900000.0,$,2012,169.000 Km,Florencio Varela - Bs.As. G.B.A. Sur
VW Voyage,Volkswagen Voyage 1.6 Serie 101cv,11000000.0,$,2011,100.000 Km,Lanús - Bs.As. G.B.A. Sur
VW Voyage,Volkswagen Voyage 1.6 Serie 101cv,9000000.0,$,2011,290.000 Km,Florencio Varela - Bs.As. G.B.A. Sur
VW Voyage,Volkswagen Voyage 1.6 Trendline 101cv,12499999.0,$,2015,77.000 Km,Capital Federal - Capital Federal
VW Voyage,Volkswagen Voyage 1.6 Comfortline Plus 101cv,8000.0,US$,2011,96.000 Km,Capital Federal - Capital Federal
VW Voyage,Volkswagen Voyage 1.6 Comfortline Plus 101cv,11500000.0,$,2011,129.000 Km,San Isidro - Bs.As. G.B.A. Norte
VW Voyage,Volkswagen Voyage 1.6 Comfortline Plus 101cv Ab+ll+alt,15000.0,US$,2014,2.149 Km,Caseros - Bs.As. G.B.A. Oeste
VW Voyage,Volkswagen Voyage 1.6 Trendline 101cv,12000000.0,$,2014,180.000 Km,La Plata - Bs.As. G.B.A. Sur
VW Voyage,Volkswagen Voyage 1.6 Gp L08,15310000.0,$,2017,92.026 Km,La Plata - Buenos Aires Interior
VW Voyage,Volkswagen Voyage 1.6 Comfortline Plus 101cv,8000.0,US$,2011,102.000 Km,General San Martín - Bs.As. G.B.A. Norte
VW Voyage,Volkswagen Voyage 1.6 Comfortline Plus 2 101cv I-motion,14000000.0,$,2015,107.000 Km,Capital Federal - Capital Federal
VW Voyage,Volkswagen Voyage 1.6 Trenline 101cv,9600.0,US$,2017,195.000 Km,Capital Federal - Capital Federal
VW Voyage,Volkswagen Voyage 1.6 Trenline 101cv,13900000.0,$,2017,63.000 Km,Luján - Buenos Aires Interior
VW Voyage,Volkswagen Voyage 1.6 Comfortline 101cv,5265000.0,$,2011,200.000 Km,Moreno - Bs.As. G.B.A. Oeste
VW Voyage,Volkswagen Voyage 1.6 Comfortline 101cv,8500000.0,$,2012,306.713 Km,Tres De Febrero - Bs.As. G.B.A. Oeste
VW Voyage,Volkswagen Voyage 1.6 Comfortline Plus 101cv,7500000.0,$,2012,230.000 Km,Esteban Echeverría - Bs.As. G.B.A. Sur
VW Voyage,Volkswagen Voyage 1.6 Comfortline 101cv,7000000.0,$,2009,189.000 Km,Capital Federal - Capital Federal
VW Voyage,Volkswagen Voyage 1.6 Highline 101cv,12000000.0,$,2014,200.000 Km,Zárate - Buenos Aires Interior
VW Voyage,Volkswagen Voyage 1.6 Comfortline 101cv,5000000.0,$,2011,485.000 Km,Capital Federal - Capital Federal
VW Voyage,Volkswagen Voyage 1.6 Highline 101cv Ll+alt,10600.0,US$,2014,118.000 Km,La Matanza - Bs.As. G.B.A. Oeste
VW Voyage,Volkswagen Voyage 1.6 Trendline 101cv,12900000.0,$,2016,128.000 Km,San Fernando - Bs.As. G.B.A. Norte
VW Voyage,Volkswagen Voyage 1.6 Trenline 101cv,12300000.0,$,2016,93.000 Km,Avellaneda - Bs.As. G.B.A. Sur
VW Voyage,Volkswagen Voyage 1.6 Highline 101cv,9500000.0,$,2014,380.000 Km,Florencio Varela - Bs.As. G.B.A. Sur
VW Voyage,Volkswagen Voyage 1.6 Trenline 101cv,12000000.0,$,2016,250.000 Km,Capital Federal - Capital Federal
VW Voyage,Volkswagen Voyage 1.6 Trenline 101cv,14000000.0,$,2016,95.000 Km,Almirante Brown - Bs.As. G.B.A. Sur
VW Voyage,Volkswagen Voyage 1.6 Highline Imotion,8500000.0,$,2010,136.000 Km,Lomas De Zamora - Bs.As. G.B.A. Sur
VW Voyage,Volkswagen Voyage 1.6 Highline 101cv,8800000.0,$,2009,40.000 Km,Capital Federal - Capital Federal
VW Voyage,Volkswagen Voyage 1.6 Comfortline 101cv Abcp Abs,13500000.0,$,2015,108.000 Km,Quilmes - Bs.As. G.B.A. Sur
VW Voyage,Volkswagen Voyage 1.6 Highline 101cv,15500000.0,$,2015,89.000 Km,Capital Federal - Capital Federal
VW Voyage,Volkswagen Voyage 1.6 Comfortline Plus 2 I-motion Ll,13274591.0,$,2013,47.413 Km,Vicente López - Bs.As. G.B.A. Norte
VW Voyage,Volkswagen Voyage 1.6 Comfortline 101cv Abcp Abs,9400.0,US$,2014,110.000 Km,Mar Del Plata - Bs.As. Costa Atlántica
VW Voyage,Volkswagen Voyage 1.6 Trenline 101cv,10900.0,US$,2017,118.000 Km,Mar Del Plata - Bs.As. Costa Atlántica
VW Voyage,Volkswagen Voyage 1.6 Comfortline 101cv,13500000.0,$,2013,151.000 Km,Ayacucho - Buenos Aires Interior
VW Voyage,Volkswagen Voyage 1.6 Comfortline 101cv,14500000.0,$,2015,162.000 Km,Olavarría - Buenos Aires Interior
VW Voyage,Volkswagen Voyage 1.6 Trendline 101cv,14300000.0,$,2018,93.300 Km,Junín - Buenos Aires Interior
VW Voyage,Volkswagen Voyage 1.6 Highline 101cv,11825000.0,$,2011,225.000 Km,Junín - Buenos Aires Interior
VW Voyage,Volkswagen Voyage 1.6 Comfortline 101cv,13400000.0,$,2015,175.000 Km,Corrientes - Corrientes
VW Voyage,Volkswagen Voyage 1.6 Highline Imotion,12000000.0,$,2010,141.000 Km,Río Segundo - Córdoba
VW Voyage,Volkswagen Voyage 1.6 Trenline 101cv,15500000.0,$,2017,139.800 Km,Bragado - Buenos Aires Interior
VW Voyage,Volkswagen Voyage 1.6 Trenline 101cv,17500000.0,$,2017,153.500 Km,Córdoba - Córdoba
VW Voyage,Volkswagen Voyage 1.6 Trendline 101cv,10800.0,US$,2016,108.000 Km,Mar Del Plata - Bs.As. Costa Atlántica
VW Voyage,Volkswagen Voyage 1.6 Trendline 101cv,16500000.0,$,2018,93.352 Km,Junín - Buenos Aires Interior
Nissan Versa,Nissan Versa 1.6 Exclusive Cvt,40781200.0,$,2026,0 Km,
Nissan Versa,Nissan Versa 1.6 Sense 118cv,33793900.0,$,2026,0 Km,
Nissan Versa,Nissan Versa 1.6 Sense L21,23500000.0,$,2022,38.961 Km,General San Martín - Bs.As. G.B.A. Norte
Nissan Versa,Nissan Versa 1.6 Advance At,35649800.0,$,2026,0 Km,Capital Federal - Capital Federal
Nissan Versa,Nissan Versa 1.6 Advance At,36499900.0,$,2026,0 Km,Capital Federal - Capital Federal
Nissan Versa,Nissan Versa 1.6 Advance At,36100000.0,$,2026,0 Km,Berazategui - Bs.As. G.B.A. Sur
Nissan Versa,Nissan Versa 1.6 Sr Cvt,39996800.0,$,2026,0 Km,
Nissan Versa,Nissan Versa 1.6 Sr Cvt,36900000.0,$,2025,0 Km,San Isidro - Bs.As. G.B.A. Norte
Nissan Versa,Nissan Versa 1.6 Advance At,35649800.0,$,2026,0 Km,Capital Federal - Capital Federal
Nissan Versa,Nissan Versa 1.6 Exclusive At,16500000.0,$,2018,159.000 Km,Capital Federal - Capital Federal
Nissan Versa,Nissan Versa 1.6 Sense 118cv,31900000.0,$,2026,0 Km,Capital Federal - Capital Federal
Nissan Versa,Nissan Versa 1.6 Sr Cvt,36999900.0,$,2026,0 Km,Capital Federal - Capital Federal
Nissan Versa,Nissan Versa 1.6 Sr Cvt,37568000.0,$,2026,0 Km,Capital Federal - Capital Federal
Nissan Versa,Nissan Versa 1.6 Sr Cvt,36999900.0,$,2026,0 Km,Capital Federal - Capital Federal
Nissan Versa,Nissan Versa 1.6 Advance At,39300000.0,$,2025,0 Km,Quilmes - Bs.As. G.B.A. Sur
Nissan Versa,Nissan Versa 1.6 Exclusive Cvt,38990000.0,$,2026,0 Km,Capital Federal - Capital Federal
Nissan Versa,Nissan Versa 1.6 Advance,39234600.0,$,2026,0 Km,
Nissan Versa,Nissan Versa 1.6 Exclusive Cvt,23500000.0,$,2020,116.000 Km,General San Martín - Bs.As. G.B.A. Norte
Nissan Versa,Nissan Versa 1.6 Exclusive Cvt,37999900.0,$,2026,0 Km,Capital Federal - Capital Federal
Nissan Versa,Nissan Versa 1.6 Exclusive Cvt,37149800.0,$,2026,0 Km,Capital Federal - Capital Federal
Nissan Versa,Nissan Versa 1.6 Exclusive Cvt,37999900.0,$,2026,0 Km,Capital Federal - Capital Federal
Nissan Versa,Nissan Versa 1.6 Exclusive At,17500000.0,$,2020,310.000 Km,Morón - Bs.As. G.B.A. Oeste
Nissan Versa,Nissan Versa 1.6 Sense At,12000.0,US$,2018,71.000 Km,La Matanza - Bs.As. G.B.A. Oeste
Nissan Versa,Nissan Versa 1.6 Sense,33794000.0,$,2025,0 Km,Quilmes - Bs.As. G.B.A. Sur
Nissan Versa,Nissan Versa 1.6 Advance Mt,16200000.0,$,2018,110.000 Km,Capital Federal - Capital Federal
Nissan Versa,Nissan Versa 1.6 Sr Cvt,36649800.0,$,2026,0 Km,Capital Federal - Capital Federal
Nissan Versa,Nissan Versa 1.6 Sense Cvt,22900000.0,$,2022,83.500 Km,Capital Federal - Capital Federal
Nissan Versa,Nissan Versa 1.6 Sense,18300000.0,$,2018,81.800 Km,Capital Federal - Capital Federal
Nissan Versa,Nissan Versa 1.6 Advance At,18500000.0,$,2019,65.000 Km,Avellaneda - Bs.As. G.B.A. Sur
Nissan Versa,Nissan Versa 1.6 Advance At,11000.0,US$,2019,208.000 Km,General San Martín - Bs.As. G.B.A. Norte
Nissan Versa,Nissan Versa 1.6 Advance Mt,23500000.0,$,2021,69.300 Km,Capital Federal - Capital Federal
Nissan Versa,Nissan Versa 1.6 Exclusive At,18000.0,US$,2021,65.000 Km,Capital Federal - Capital Federal
Nissan Versa,Nissan Versa 1.6 Exclusive Cvt,25500000.0,$,2021,50.000 Km,Capital Federal - Capital Federal
Nissan Versa,Nissan Versa 1.6 Exclusive Cvt,35495000.0,$,2026,0 Km,Mercedes - Buenos Aires Interior
Nissan Versa,Nissan Versa 1.6 Exclusive At,13900.0,US$,2019,71.000 Km,Tigre - Bs.As. G.B.A. Norte
Nissan Versa,Nissan Versa 1.6 Sense 118cv,31599800.0,$,2026,0 Km,Capital Federal - Capital Federal
Nissan Versa,Nissan Versa 1.6 Advance,15500000.0,$,2018,125.000 Km,Capital Federal - Capital Federal
Nissan Versa,Nissan Versa 1.6 Advance At,15900000.0,$,2019,115.000 Km,Capital Federal - Capital Federal
Nissan Versa,Nissan Versa 1.6 Sense Mt,10990.0,US$,2017,96.000 Km,Capital Federal - Capital Federal
Nissan Versa,Nissan Versa 1.6 Sr Cvt,36649800.0,$,2026,0 Km,Capital Federal - Capital Federal
Nissan Versa,Nissan Versa 1.6 Advance,12500000.0,$,2018,280.000 Km,Capital Federal - Capital Federal
Nissan Versa,Nissan Versa 1.6 Advance At,17250.0,US$,2022,69.000 Km,San Isidro - Bs.As. G.B.A. Norte
Nissan Versa,Nissan Versa V Drive,20500000.0,$,2021,106.000 Km,La Plata - Bs.As. G.B.A. Sur
Nissan Versa,Nissan Versa 1.6 Advance,12000000.0,$,2014,183.000 Km,Pilar - Bs.As. G.B.A. Norte
Nissan Versa,Nissan Versa 1.6 Acenta Mt,11900000.0,$,2014,130.000 Km,Morón - Bs.As. G.B.A. Oeste
Nissan Versa,Nissan Versa 1.6 Exclusive Auto,18440000.0,$,2018,58.804 Km,Capital Federal - Capital Federal
Nissan Versa,Nissan Versa 1.6 Advance Mt,24000000.0,$,2021,69.000 Km,Capital Federal - Capital Federal
Nissan Versa,Nissan Versa 1.6 Advance Cvt,18500.0,US$,2023,26.800 Km,Capital Federal - Capital Federal
Nissan Versa,Nissan Versa 1.6 Sense 118cv,31599800.0,$,2026,0 Km,Capital Federal - Capital Federal
Nissan Versa,Nissan Versa 1.6 Advance At,17000000.0,$,2018,75.000 Km,Lanús - Bs.As. G.B.A. Sur
Nissan Versa,Nissan Versa 1.6 Advance Mt,21800000.0,$,2020,15.000 Km,Capital Federal - Capital Federal
Nissan Versa,Nissan Versa 1.6 Exclusive Cvt,31390000.0,$,2024,33.515 Km,Capital Federal - Capital Federal
Nissan Versa,Nissan Versa 1.6 Exclusive Cvt,39061000.0,$,2026,0 Km,Capital Federal - Capital Federal
Nissan Versa,Nissan Versa 1.6 Advance At,33900000.0,$,2026,0 Km,Luján - Buenos Aires Interior
Nissan Versa,Nissan Versa 1.6 Sense At,9200.0,US$,2019,149.000 Km,Vicente López - Bs.As. G.B.A. Norte
Nissan Versa,Nissan Versa 1.6 Exclusive Cvt,37900000.0,$,2026,0 Km,Capital Federal - Capital Federal
Nissan Versa,Nissan Versa 1.6 Sense 118cv,31599800.0,$,2026,0 Km,Capital Federal - Capital Federal
Nissan Versa,Nissan Versa 1.6 Sense 118cv,25000000.0,$,2023,39.050 Km,San Isidro - Bs.As. G.B.A. Norte
Nissan Versa,Nissan Versa 1.6 Advance At,16000000.0,$,2017,214.000 Km,Escobar - Bs.As. G.B.A. Norte
Nissan Versa,Nissan Versa 1.6 Advance,17800000.0,$,2017,101.749 Km,Mercedes - Buenos Aires Interior
Nissan Versa,Nissan Versa 1.6 Advance Mt,13500000.0,$,2016,207.000 Km,Escobar - Bs.As. G.B.A. Norte
Nissan Versa,Nissan Versa 1.6 Advance Mt,15000000.0,$,2016,187.028 Km,Escobar - Bs.As. G.B.A. Norte
Nissan Versa,Nissan Versa 1.6 Sense,19830000.0,$,2021,50.000 Km,Capital Federal - Capital Federal
Nissan Versa,Nissan Versa 1.6 Sense At,20400000.0,$,2021,100.000 Km,Vicente López - Bs.As. G.B.A. Norte
Nissan Versa,Nissan Versa 1.6 Advance Cvt,28200000.0,$,2023,56.400 Km,Malvinas Argentinas - Bs.As. G.B.A. Norte
Nissan Versa,Nissan Versa 1.6 Sr Cvt,38000000.0,$,2026,0 Km,Vicente López - Bs.As. G.B.A. Norte
Nissan Versa,Nissan Versa 1.6 Sense Cvt,17500.0,US$,2022,55.000 Km,San Isidro - Bs.As. G.B.A. Norte
Nissan Versa,Nissan Versa 1.6 Exclusive Cvt,37149800.0,$,2026,0 Km,Capital Federal - Capital Federal
Nissan Versa,Nissan Versa 1.6 Advance At,15000000.0,$,2017,170.000 Km,Lanús - Bs.As. G.B.A. Sur
Nissan Versa,Nissan Versa 1.6 Advance Mt,11800.0,US$,2017,106.500 Km,San Isidro - Bs.As. G.B.A. Norte
Nissan Versa,Nissan Versa 1.6 Advance Mt,15800000.0,$,2016,120.000 Km,Pilar - Bs.As. G.B.A. Norte
Nissan Versa,Nissan Versa 1.6 Sense Mt,22800000.0,$,2019,70.500 Km,Castelar - Bs.As. G.B.A. Oeste
Nissan Versa,Nissan Versa 1.6 Advance At,13900.0,US$,2019,72.000 Km,Capital Federal - Capital Federal
Nissan Versa,Nissan Versa 1.6 Advance Mt,24000000.0,$,2021,69.300 Km,Capital Federal - Capital Federal
Nissan Versa,Nissan Versa 1.6 Advance At,19700000.0,$,2021,80.000 Km,Hurlingham - Bs.As. G.B.A. Oeste
Nissan Versa,Nissan Versa V Drive Plus At,16500000.0,$,2021,160.000 Km,Capital Federal - Capital Federal
Nissan Versa,Nissan Versa 1.6 Advance Mt,12500.0,US$,2019,118.000 Km,San Isidro - Bs.As. G.B.A. Norte
Nissan Versa,Nissan Versa 1.6 Exclusive Cvt,17300.0,US$,2021,61.000 Km,Capital Federal - Capital Federal
Nissan Versa,Nissan Versa 1.6 Sense Mt,15500000.0,$,2017,131.500 Km,General San Martín - Bs.As. G.B.A. Norte
Nissan Versa,Nissan Versa 1.6 Sense,27500000.0,$,2025,13.800 Km,Capital Federal - Capital Federal
Nissan Versa,Nissan Versa 1.6 Exclusive At,16900000.0,$,2017,90.000 Km,Capital Federal - Capital Federal
Nissan Versa,Nissan Versa 1.6 Sense Mt,15700000.0,$,2019,92.000 Km,Capital Federal - Capital Federal
Nissan Versa,Nissan Versa 1.6 Sense Cvt,16500.0,US$,2021,63.000 Km,Quilmes - Bs.As. G.B.A. Sur
Nissan Versa,Nissan Versa 1.6 Sense Mt,14250000.0,$,2019,98.000 Km,Capital Federal - Capital Federal
Nissan Versa,Nissan Versa 1.6 Sense Mt,13900000.0,$,2014,112.000 Km,Capital Federal - Capital Federal
Nissan Versa,Nissan Versa 1.6 Sense Cvt,14000.0,US$,2021,97.000 Km,Capital Federal - Capital Federal
Nissan Versa,Nissan Versa 1.6 Advance At,17500.0,US$,2022,50.000 Km,Capital Federal - Capital Federal
Nissan Versa,Nissan Versa 1.6 Sense Mt,13800000.0,$,2015,142.301 Km,Lobos - Buenos Aires Interior
Nissan Versa,Nissan Versa 1.6 Sense,12900.0,US$,2018,62.000 Km,Capital Federal - Capital Federal
Nissan Versa,Nissan Versa 1.6 Sense At,17000000.0,$,2019,83.000 Km,Tres De Febrero - Bs.As. G.B.A. Oeste
Nissan Versa,Nissan Versa 1.6 Sense Cvt,24500000.0,$,2022,83.541 Km,San Isidro - Bs.As. G.B.A. Norte
Nissan Versa,Nissan Versa 1.6 Visia Mt,13490000.0,$,2014,138.000 Km,San Isidro - Bs.As. G.B.A. Norte
Nissan Versa,Nissan Versa 1.6 Sense Cvt,13900.0,US$,2022,120.000 Km,San Isidro - Bs.As. G.B.A. Norte
Nissan Versa,Nissan Versa 1.6 Advance Mt,13500000.0,$,2015,126.485 Km,Capital Federal - Capital Federal
Nissan Versa,Nissan Versa 1.6 Advance At,11000.0,US$,2018,164.000 Km,Berazategui - Bs.As. G.B.A. Sur
Nissan Versa,Nissan Versa 1.6 Advance At,8000.0,US$,2015,246.000 Km,Tigre - Bs.As. G.B.A. Norte
Nissan Versa,Nissan Versa 1.6 Exclusive Cvt,20450000.0,$,2020,91.664 Km,Capital Federal - Capital Federal
Nissan Versa,Nissan Versa 1.6 Advance At,12500.0,US$,2017,70.000 Km,San Isidro - Bs.As. G.B.A. Norte
Nissan Versa,Nissan Versa 1.6 Sr Cvt,38290000.0,$,2026,0 Km,Capital Federal - Capital Federal
Nissan Versa,Nissan Versa 1.6 Advance At,14800.0,US$,2020,60.000 Km,Vicente López - Bs.As. G.B.A. Norte
Nissan Versa,Nissan Versa 1.6 Advance At,18900000.0,$,2020,93.000 Km,San Isidro - Bs.As. G.B.A. Norte
Nissan Versa,Nissan Versa 1.6 Exclusive At,18900.0,US$,2020,116.182 Km,Escobar - Bs.As. G.B.A. Norte
Nissan Versa,Nissan Versa 1.6 Exclusive At,24900000.0,$,2020,10.000 Km,La Plata - Bs.As. G.B.A. Sur
Nissan Versa,Nissan Versa 1.6 Exclusive Cvt,27500000.0,$,2022,77.800 Km,Capital Federal - Capital Federal
Nissan Versa,Nissan Versa 1.6 Sense Mt,14500.0,US$,2022,100.000 Km,La Plata - Bs.As. G.B.A. Sur
Nissan Versa,Nissan Versa 1.6 Sense Mt,23000000.0,$,2021,109.000 Km,Pilar - Bs.As. G.B.A. Norte
Nissan Versa,Nissan Versa 1.6 Sense Mt,23000000.0,$,2021,68.000 Km,Capital Federal - Capital Federal
Nissan Versa,Nissan Versa 1.6 Advance Mt,16900000.0,$,2020,155.300 Km,Morón - Bs.As. G.B.A. Oeste
Nissan Versa,Nissan Versa 1.6 Sense Mt,14500000.0,$,2015,246.000 Km,Escobar - Bs.As. G.B.A. Norte
Nissan Versa,Nissan Versa 1.6 Sense Cvt,21000000.0,$,2021,110.000 Km,Caseros - Bs.As. G.B.A. Oeste
Nissan Versa,Nissan Versa 1.6 Sr Cvt,36900000.0,$,2026,0 Km,Capital Federal - Capital Federal
Nissan Versa,Nissan Versa 1.6 Sense Mt,15400000.0,$,2017,89.000 Km,Mercedes - Buenos Aires Interior
Nissan Versa,Nissan Versa 1.6 Sense,14500000.0,$,2017,130.000 Km,Pilar - Bs.As. G.B.A. Norte
Nissan Versa,Nissan Versa 1.6 Advance Mt,16000000.0,$,2020,159.000 Km,Mercedes - Buenos Aires Interior
Nissan Versa,Nissan Versa 1.6 Advance Mt,17500000.0,$,2018,75.000 Km,Capital Federal - Capital Federal
Nissan Versa,Nissan Versa 1.6 Advance Mt,15550.0,US$,2020,15.000 Km,Capital Federal - Capital Federal
Nissan Versa,Nissan Versa 1.6 Advance Mt,21200000.0,$,2020,48.330 Km,La Plata - Bs.As. G.B.A. Sur
Nissan Versa,Nissan Versa 1.6 Advance At,18500000.0,$,2019,106.000 Km,La Plata - Bs.As. G.B.A. Sur
Nissan Versa,Nissan Versa 1.6 Advance At,13800.0,US$,2018,129.000 Km,San Miguel - Bs.As. G.B.A. Norte
Nissan Versa,Nissan Versa 1.6 Sense Mt,13500000.0,$,2018,179.000 Km,Capital Federal - Capital Federal
Nissan Versa,Nissan Versa 1.6 Sense Mt,24800000.0,$,2022,41.000 Km,Capital Federal - Capital Federal
Nissan Versa,Nissan Versa Advance Mt Pure Drive F2,12500000.0,$,2018,131.000 Km,Avellaneda - Bs.As. G.B.A. Sur
Nissan Versa,Nissan Versa 1.6 Exclusive Cvt,23990.0,US$,2023,16.000 Km,Capital Federal - Capital Federal
Nissan Versa,Nissan Versa 1.6 Advance Mt,17000000.0,$,2020,85.000 Km,Capital Federal - Capital Federal
Nissan Versa,Nissan Versa 1.6 Acenta Mt,8200.0,US$,2013,110.000 Km,Capital Federal - Capital Federal
Nissan Versa,Nissan Versa 1.6 Sense,16300000.0,$,2019,99.000 Km,Pilar - Buenos Aires Interior
Nissan Versa,Nissan Versa 1.6 Sense Mt,17900000.0,$,2022,158.000 Km,Capital Federal - Capital Federal
Nissan Versa,Nissan Versa 1.6 Advance Mt,9400.0,US$,2017,180.000 Km,Escobar - Bs.As. G.B.A. Norte
Nissan Versa,Nissan Versa 1.6 Exclusive Cvt,28900000.0,$,2023,30.000 Km,San Isidro - Bs.As. G.B.A. Norte
Nissan Versa,Nissan Versa 1.6 Sense Mt,21500000.0,$,2021,77.398 Km,Ituzaingó - Bs.As. G.B.A. Oeste
Nissan Versa,Nissan Versa 1.6 Advance Mt,15900000.0,$,2019,98.000 Km,San Isidro - Bs.As. G.B.A. Norte
Nissan Versa,Nissan Versa 1.6 Visia Mt,12200000.0,$,2014,103.120 Km,Vicente López - Bs.As. G.B.A. Norte
Nissan Versa,Nissan Versa 1.6 Advance At,16999.0,US$,2021,49.000 Km,Vicente López - Bs.As. G.B.A. Norte
Nissan Versa,Nissan Versa 1.6 Sense,13060000.0,$,2017,101.877 Km,Capital Federal - Capital Federal
Nissan Versa,Nissan Versa 1.6 Sense Mt,15500000.0,$,2017,80.000 Km,Capital Federal - Capital Federal
Nissan Versa,Nissan Versa 1.6 Advance At,27499999.0,$,2022,32.000 Km,Cañuelas - Buenos Aires Interior
Nissan Versa,Nissan Versa 1.6 Sense At,16900000.0,$,2018,80.000 Km,Capital Federal - Capital Federal
Nissan Versa,Nissan Versa 1.6 Exclusive At,18900000.0,$,2019,84.000 Km,Capital Federal - Capital Federal
Nissan Versa,Nissan Versa V Drive Plus,19100000.0,$,2021,122.000 Km,Moreno - Bs.As. G.B.A. Oeste
Nissan Versa,Nissan Versa 1.6 Advance Cvt,32100000.0,$,2024,56.500 Km,Malvinas Argentinas - Bs.As. G.B.A. Norte
Nissan Versa,Nissan Versa 1.6 Sense At,14980.0,US$,2021,43.000 Km,Capital Federal - Capital Federal
Nissan Versa,Nissan Versa 1.6 Sense At,15900.0,US$,2022,62.000 Km,Hurlingham - Bs.As. G.B.A. Oeste
Nissan Versa,Nissan Versa 1.6 Advance At,17000000.0,$,2018,65.000 Km,Capital Federal - Capital Federal
Nissan Versa,Nissan Versa 1.6 Exclusive At,27500000.0,$,2022,72.072 Km,Capital Federal - Capital Federal
Nissan Versa,Nissan Versa 1.6 Advance At,16000000.0,$,2020,105.000 Km,Capital Federal - Capital Federal
Nissan Versa,Nissan Versa 1.6 Sense,13500000.0,$,2018,146.000 Km,San Isidro - Bs.As. G.B.A. Norte
Nissan Versa,Nissan Versa 1.6 Advance At,14000000.0,$,2014,80.000 Km,Capital Federal - Capital Federal
Nissan Versa,Nissan Versa 1.6 Exclusive Cvt,35990000.0,$,2026,0 Km,Pilar - Bs.As. G.B.A. Norte
Nissan Versa,Nissan Versa 1.6 Sense At Cvt,16900000.0,$,2019,97.689 Km,Quilmes - Bs.As. G.B.A. Sur
Nissan Versa,Nissan Versa 1.6 Advance Cvt,29700000.0,$,2024,55.700 Km,Malvinas Argentinas - Bs.As. G.B.A. Norte
Nissan Versa,Nissan Versa 1.6 Advance Mt,19000000.0,$,2023,103.000 Km,Capital Federal - Capital Federal
Nissan Versa,Nissan Versa 1.6 Advance At,21000000.0,$,2021,65.000 Km,Merlo - Bs.As. G.B.A. Oeste
Nissan Versa,Nissan Versa 1.6 Acenta Mt,11500000.0,$,2013,110.000 Km,Capital Federal - Capital Federal
Nissan Versa,Nissan Versa 1.6 Advance Mt,13200.0,US$,2021,140.000 Km,La Matanza - Bs.As. G.B.A. Oeste
Nissan Versa,Nissan Versa 1.6 Exclusive Cvt,23900000.0,$,2022,95.000 Km,Capital Federal - Capital Federal
Nissan Versa,Nissan Versa 1.6 Advance Mt,15000000.0,$,2017,96.000 Km,Quilmes - Bs.As. G.B.A. Sur
Nissan Versa,Nissan Versa 1.6 Exclusive Cvt,21400.0,US$,2021,27.000 Km,Capital Federal - Capital Federal
Nissan Versa,Nissan Versa 1.6 Exclusive Cvt,35800000.0,$,2026,0 Km,Pilar - Bs.As. G.B.A. Norte
Nissan Versa,Nissan Versa 1.6 Advance Mt,15500000.0,$,2019,76.965 Km,Escobar - Bs.As. G.B.A. Norte
Nissan Versa,Nissan Versa V-drive Mt,18900000.0,$,2021,195.000 Km,Capital Federal - Capital Federal
Nissan Versa,Nissan Versa 1.6 Sense Cvt,16500.0,US$,2022,60.000 Km,La Plata - Bs.As. G.B.A. Sur
Nissan Versa,Nissan Versa 1.6 Acenta Mt,12800000.0,$,2013,105.000 Km,Quilmes - Bs.As. G.B.A. Sur
Nissan Versa,Nissan Versa 1.6 Exclusive At,16200000.0,$,2018,145.000 Km,Tigre - Bs.As. G.B.A. Norte
Nissan Versa,Nissan Versa 1.6 Sense,14200000.0,$,2018,172.000 Km,Capital Federal - Capital Federal
Nissan Versa,Nissan Versa 1.6 Advance Cvt,31800000.0,$,2024,50.600 Km,General San Martín - Bs.As. G.B.A. Norte
Nissan Versa,Nissan Versa 1.6 Sense At Pure Dive,15000000.0,$,2018,172.000 Km,Capital Federal - Capital Federal
Nissan Versa,Nissan Versa 1.6 Advance Mt,13000.0,US$,2016,52.000 Km,Vicente López - Bs.As. G.B.A. Norte
Nissan Versa,Nissan Versa 1.6 Exclusive Cvt,26000000.0,$,2021,38.450 Km,Capital Federal - Capital Federal
Nissan Versa,Nissan Versa 1.6 Sense,10000.0,US$,2018,170.000 Km,San Isidro - Bs.As. G.B.A. Norte
Nissan Versa,Nissan Versa 1.6 Advance Mt,13000.0,US$,2016,52.000 Km,Vicente López - Bs.As. G.B.A. Norte
Nissan Versa,Nissan Versa 1.6 Sense At,16500000.0,$,2019,81.000 Km,General San Martín - Bs.As. G.B.A. Norte
Nissan Versa,Nissan Versa 1.6 Advance Mt,17900000.0,$,2020,78.000 Km,Vicente López - Bs.As. G.B.A. Norte
Nissan Versa,Nissan Versa 1.6 Advance Mt,13900000.0,$,2017,124.500 Km,Capital Federal - Capital Federal
Nissan Versa,Nissan Versa 1.6 Sense,8200.0,US$,2013,196.000 Km,Ituzaingó - Bs.As. G.B.A. Oeste
Nissan Versa,Nissan Versa 1.6 Sense Mt,14400000.0,$,2017,133.000 Km,Esteban Echeverría - Bs.As. G.B.A. Sur
Nissan Versa,Nissan Versa 1.6 Advance Mt,18000000.0,$,2018,93.000 Km,Lanús - Bs.As. G.B.A. Sur
Nissan Versa,Nissan Versa 1.6 Sense Mt,14990000.0,$,2017,90.000 Km,Capital Federal - Capital Federal
Nissan Versa,Nissan Versa 1.6 Acenta Mt,11500000.0,$,2014,140.000 Km,Tigre - Bs.As. G.B.A. Norte
Nissan Versa,Nissan Versa 1.6 Advance At,14000000.0,$,2017,197.000 Km,Capital Federal - Capital Federal
Nissan Versa,Nissan Versa 1.6 Sense At,16000000.0,$,2019,128.000 Km,Vicente López - Bs.As. G.B.A. Norte
Nissan Versa,Nissan Versa 1.6 Exclusive Cvt,37900000.0,$,2026,0 Km,San Isidro - Bs.As. G.B.A. Norte
Nissan Versa,Nissan Versa 1.6 Sense Cvt,22900000.0,$,2022,79.000 Km,Capital Federal - Capital Federal
Nissan Versa,Nissan Versa 1.6 V-drive Plus Automático,19500000.0,$,2021,64.500 Km,Florencio Varela - Bs.As. G.B.A. Sur
Nissan Versa,Nissan Versa 1.6 Sense Mt,8000.0,US$,2017,201.662 Km,Escobar - Bs.As. G.B.A. Norte
Nissan Versa,Nissan Versa 1.6 Advance Mt,14800000.0,$,2017,132.000 Km,La Matanza - Bs.As. G.B.A. Oeste
Nissan Versa,Nissan Versa 1.6 Exclusive Cvt L21,26600000.0,$,2021,73.473 Km,Malvinas Argentinas - Bs.As. G.B.A. Norte
Nissan Versa,Nissan Versa 1.6 Sense,16600000.0,$,2019,99.000 Km,Pilar - Bs.As. G.B.A. Norte
Nissan Versa,Nissan Versa 1.6 Sense Mt,10500.0,US$,2019,144.500 Km,Capital Federal - Capital Federal
Nissan Versa,Nissan Versa 1.6 Advance At,12000000.0,$,2018,193.000 Km,Capital Federal - Capital Federal
Nissan Versa,Nissan Versa 1.6 Sense Cvt,18500000.0,$,2022,100.000 Km,Tigre - Bs.As. G.B.A. Norte
Nissan Versa,Nissan Versa 1.6 Advance Mt,14000000.0,$,2020,170.000 Km,La Matanza - Bs.As. G.B.A. Oeste
Nissan Versa,Nissan Versa 1.6 V-drive Plus At L20,22000000.0,$,2021,82.000 Km,Malvinas Argentinas - Bs.As. G.B.A. Norte
Nissan Versa,Nissan Versa 1.6 Sense 118cv,19900000.0,$,2021,120.000 Km,Capital Federal - Capital Federal
Nissan Versa,Nissan Versa 1.6 Advance Mt,24000000.0,$,2021,84.000 Km,Capital Federal - Capital Federal
Nissan Versa,Nissan Versa 1.6 Sense Mt,23000000.0,$,2021,68.000 Km,Capital Federal - Capital Federal
Nissan Versa,Nissan Versa 1.6 Exclusive At,12900000.0,$,2015,223.500 Km,Berazategui - Bs.As. G.B.A. Sur
Nissan Versa,Nissan Versa 1.6 Sense Cvt,25300000.0,$,2022,59.900 Km,Castelar - Bs.As. G.B.A. Oeste
Nissan Versa,Nissan Versa 1.6 Sense,21000000.0,$,2021,77.000 Km,Merlo - Bs.As. G.B.A. Oeste
Nissan Versa,Nissan Versa 1.6 Advance Mt,12000000.0,$,2014,129.200 Km,Capital Federal - Capital Federal
Nissan Versa,Nissan Versa 1.6 Sense Mt,12800000.0,$,2019,220.000 Km,Capital Federal - Capital Federal
Nissan Versa,Nissan Versa 1.6 Sense At,21900000.0,$,2021,85.000 Km,Lomas De Zamora - Bs.As. G.B.A. Sur
Nissan Versa,Nissan Versa 1.6 Sense Mt,9800.0,US$,2015,103.000 Km,Almirante Brown - Bs.As. G.B.A. Sur
Nissan Versa,Nissan Versa 1.6 Exclusive At,19000.0,US$,2020,33.636 Km,Capital Federal - Capital Federal
Nissan Versa,Nissan Versa 1.6 Acenta At,7500.0,US$,2013,149.000 Km,Capital Federal - Capital Federal
Nissan Versa,Nissan Versa 1.6 Sense Mt,16800000.0,$,2017,37.000 Km,Lomas De Zamora - Bs.As. G.B.A. Sur
Nissan Versa,Nissan Versa 1.6 Exclusive At,18990.0,US$,2021,68.000 Km,Vicente López - Bs.As. G.B.A. Norte
Nissan Versa,Nissan Versa 1.6 Acenta Mt,11000000.0,$,2013,184.000 Km,Capital Federal - Capital Federal
Nissan Versa,Nissan Versa 1.6 Sense At,18500000.0,$,2018,46.400 Km,Merlo - Bs.As. G.B.A. Oeste
Nissan Versa,Nissan Versa 1.6 Sense At,16000.0,US$,2022,42.000 Km,Merlo - Bs.As. G.B.A. Oeste
Nissan Versa,Nissan Versa 1.6 Exclusive,20590000.0,$,2021,102.000 Km,Lanús - Bs.As. G.B.A. Sur
Nissan Versa,Nissan Versa 1.6 Advance Mt,10300.0,US$,2015,131.000 Km,Lomas De Zamora - Bs.As. G.B.A. Sur
Nissan Versa,Nissan Versa 1.6 Sense Mt,19500000.0,$,2021,105.000 Km,Avellaneda - Bs.As. G.B.A. Sur
Nissan Versa,Nissan Versa 1.6 Sense,31999000.0,$,2025,590 Km,Capital Federal - Capital Federal
Nissan Versa,Nissan Versa 1.6 Advance Mt,18500000.0,$,2020,105.000 Km,Capital Federal - Capital Federal
Nissan Versa,Nissan Versa 1.6 Advance,18000.0,US$,2020,195.000 Km,Capital Federal - Capital Federal
Nissan Versa,Nissan Versa 1.6 Advance Mt,22000000.0,$,2021,128.000 Km,Lomas De Zamora - Bs.As. G.B.A. Sur
Nissan Versa,Nissan Versa 1.6 Exclusive Cvt,27500000.0,$,2021,30.950 Km,Ituzaingó - Bs.As. G.B.A. Oeste
Nissan Versa,Nissan Versa 1.6 Advance Mt,16000000.0,$,2017,123.000 Km,Avellaneda - Bs.As. G.B.A. Sur
Nissan Versa,Nissan Versa 1.6 Advance At,22300000.0,$,2021,68.000 Km,Tres De Febrero - Bs.As. G.B.A. Oeste
Nissan Versa,Nissan Versa 1.6 Exclusive At,10750.0,US$,2015,125.000 Km,Capital Federal - Capital Federal
Nissan Versa,Nissan Versa 1.6 Visia Mt,9000000.0,$,2013,168.000 Km,Capital Federal - Capital Federal
Nissan Versa,Nissan Versa 1.6 Sr Cvt,31900000.0,$,2024,28.500 Km,San Isidro - Bs.As. G.B.A. Norte
Nissan Versa,Nissan Versa 1.6 Sense Mt,19900.0,US$,2023,25.100 Km,Tigre - Bs.As. G.B.A. Norte
Nissan Versa,Nissan Versa 1.6 Acenta At,6999999.0,$,2014,389.000 Km,San Isidro - Bs.As. G.B.A. Norte
Nissan Versa,Nissan Versa 1.6 Advance Mt,16500000.0,$,2019,110.000 Km,Moreno - Bs.As. G.B.A. Oeste
Nissan Versa,Nissan Versa 1.6 Exclusive At,17900.0,US$,2021,40.000 Km,Capital Federal - Capital Federal
Nissan Versa,Nissan Versa 1.6 Exclusive At,19000.0,US$,2020,15.000 Km,Morón - Bs.As. G.B.A. Oeste
Nissan Versa,Nissan Versa 1.6 Advance At,36499900.0,$,2026,0 Km,Pergamino - Buenos Aires Interior
Nissan Versa,Nissan Versa 1.6 Sr Cvt,36649800.0,$,2026,0 Km,Neuquén - Neuquén
Nissan Versa,Nissan Versa 1.6 Sense Mt,27500000.0,$,2023,0 Km,Rosario - Santa Fe
Nissan Versa,Nissan Versa 1.6 Advance At,15500000.0,$,2019,161.000 Km,Junín - Buenos Aires Interior
Nissan Versa,Nissan Versa 1.6 Exclusive At,36500000.0,$,2023,0 Km,Rosario - Santa Fe
Nissan Versa,Nissan Versa 1.6 Exclusive Cvt,37999900.0,$,2026,0 Km,Bariloche - Río Negro
Nissan Versa,Nissan Versa 1.6 Exclusive At,36796000.0,$,2023,0 Km,Villa María - Córdoba
Nissan Versa,Nissan Versa 1.6 Sense,33793900.0,$,2025,0 Km,San Francisco - Córdoba
Nissan Versa,Nissan Versa 1.6 Exclusive Cvt,26500000.0,$,2022,80.740 Km,Córdoba - Córdoba
Nissan Versa,Nissan Versa 1.6 Sense,33459300.0,$,2025,0 Km,San Francisco - Córdoba
Nissan Versa,Nissan Versa 1.6 Advance At,35546548.0,$,2025,0 Km,Córdoba - Córdoba
Nissan Versa,Nissan Versa 1.6 Advance Cvt,36887000.0,$,2026,0 Km,Córdoba - Córdoba
Nissan Versa,Nissan Versa 1.6 Exclusive Cvt,38072000.0,$,2025,0 Km,San Francisco - Córdoba
Fiat Siena,Fiat Siena 1.6 El 16v,8500.0,US$,2016,217.000 Km,Escobar - Bs.As. G.B.A. Norte
Fiat Siena,Fiat Siena 1.4 El My 2015,8700.0,US$,2015,130.000 Km,Berazategui - Bs.As. G.B.A. Sur
Fiat Siena,Fiat Siena 1.4 El,8900000.0,$,2013,180.000 Km,Avellaneda - Bs.As. G.B.A. Sur
Fiat Siena,Fiat Siena 1.6 El 16v Pack Confort,14489900.0,$,2015,110.000 Km,Capital Federal - Capital Federal
Fiat Siena,Fiat Siena 1.4 El Pack Seguridad,12000000.0,$,2014,101.000 Km,La Matanza - Bs.As. G.B.A. Oeste
Fiat Siena,Fiat Siena 1.4 El 85cv,11000.0,US$,2018,68.000 Km,Vicente López - Bs.As. G.B.A. Norte
Fiat Siena,Fiat Siena 1.8 Hlx Active,5500.0,US$,2007,180.000 Km,Capital Federal - Capital Federal
Fiat Siena,Fiat Siena 1.4 El Pack Seguridad,11000000.0,$,2014,129.000 Km,Hurlingham - Bs.As. G.B.A. Oeste
Fiat Siena,Fiat Siena 1.4 Fire Way,12500000.0,$,2013,51.400 Km,Lomas De Zamora - Bs.As. G.B.A. Sur
Fiat Siena,Fiat Siena 1.4 El 85cv C/gnc,9490000.0,$,2017,283.400 Km,Lanús - Bs.As. G.B.A. Sur
Fiat Siena,Fiat Siena 1.4 El Pack Attractive,13500000.0,$,2015,90.000 Km,Capital Federal - Capital Federal
Fiat Siena,Fiat Siena 1.4 El My 2015,9500.0,US$,2015,84.000 Km,Capital Federal - Capital Federal
Fiat Siena,Fiat Siena 1.4 Fire Da,7300000.0,$,2008,270.000 Km,Capital Federal - Capital Federal
Fiat Siena,Fiat Siena 1.6 El 16v,14489900.0,$,2015,115.000 Km,Capital Federal - Capital Federal
Fiat Siena,Fiat Siena 1.4 El 85cv,12490000.0,$,2018,116.000 Km,Capital Federal - Capital Federal
Fiat Siena,Fiat Siena 1.6 El Aa,8500000.0,$,1998,140.000 Km,San Miguel - Bs.As. G.B.A. Norte
Fiat Siena,Fiat Siena 1.4 El 8v,10000000.0,$,2014,220.000 Km,Capital Federal - Capital Federal
Fiat Siena,Fiat Siena 1.6 El 16v Pack Confort,11300000.0,$,2015,113.700 Km,Capital Federal - Capital Federal
Fiat Siena,Fiat Siena F4 El 1.4 8v,10490000.0,$,2013,174.000 Km,Quilmes - Bs.As. G.B.A. Sur
Fiat Siena,Fiat Siena 1.4 El 85cv,13900000.0,$,2017,129.000 Km,Capital Federal - Capital Federal
Fiat Siena,Fiat Siena 1.4 El My 2015,13860939.0,$,2015,63.000 Km,Capital Federal - Capital Federal
Fiat Siena,Fiat Siena 1.4 El Pack Attractive,11500000.0,$,2016,150.000 Km,La Plata - Buenos Aires Interior
Fiat Siena,Fiat Siena 1.6 El 16v,13499999.0,$,2016,140.000 Km,Berazategui - Bs.As. G.B.A. Sur
Fiat Siena,Fiat Siena Elx 4p 1.4 Rstiii,8200000.0,$,2010,180.000 Km,Morón - Bs.As. G.B.A. Oeste
Fiat Siena,Fiat Siena 1.4 El 85cv,14550000.0,$,2017,45.000 Km,San Miguel - Bs.As. G.B.A. Norte
Fiat Siena,Fiat Siena 1.4 El 85cv,9341528.0,$,2017,198.000 Km,Capital Federal - Capital Federal
Fiat Siena,Fiat Siena 1.4 El Pack Seguridad,9000000.0,$,2014,350.000 Km,Avellaneda - Bs.As. G.B.A. Sur
Fiat Siena,Fiat Siena 1.4 El Pack Seguridad,9500000.0,$,2013,125.000 Km,La Matanza - Bs.As. G.B.A. Oeste
Fiat Siena,Fiat Siena 1.7 Elx Turbo Diesel,5800000.0,$,2007,234.704 Km,Almirante Brown - Bs.As. G.B.A. Sur
Fiat Siena,Fiat Siena 1.4 El Pack Attractive,13000000.0,$,2017,103.000 Km,Avellaneda - Bs.As. G.B.A. Sur
Fiat Siena,Fiat Siena E.l 1.4 Fire,7500000.0,$,2012,376.000 Km,Capital Federal - Capital Federal
Fiat Siena,Fiat Siena 1.4 El Pack Attractive,9500000.0,$,2013,125.000 Km,La Matanza - Bs.As. G.B.A. Oeste
Fiat Siena,Fiat Siena 1.8 Hlx,8900000.0,$,2007,160.000 Km,Capital Federal - Capital Federal
Fiat Siena,Fiat Siena 1.4 El 85cv,11990000.0,$,2017,250.000 Km,La Matanza - Bs.As. G.B.A. Oeste
Fiat Siena,Fiat Siena 1.4 El 85cv,12900000.0,$,2017,89.000 Km,General San Martín - Bs.As. G.B.A. Norte
Fiat Siena,Fiat Siena 1.4 El Pack Attractive + Seguridad,8700000.0,$,2013,160.000 Km,Capital Federal - Capital Federal
Fiat Siena,Fiat Siena 1.4 El My 2015,13500000.0,$,2015,90.000 Km,Capital Federal - Capital Federal
Fiat Siena,Fiat Siena Fire 4p 1.4mpi 8v Hp Bz,9000000.0,$,2010,200.000 Km,Hurlingham - Bs.As. G.B.A. Oeste
Fiat Siena,Fiat Siena 1.4 El 85cv,15500000.0,$,2017,100.000 Km,Florencio Varela - Bs.As. G.B.A. Sur
Fiat Siena,Fiat Siena 1.4 El 85cv,14900000.0,$,2017,95.000 Km,Quilmes - Bs.As. G.B.A. Sur
Fiat Siena,Fiat Siena 1.4 Fire,10300000.0,$,2012,160.000 Km,Quilmes - Bs.As. G.B.A. Sur
Fiat Siena,Fiat Siena 1.4 El My 2015,12600000.0,$,2015,158.300 Km,Ituzaingó - Bs.As. G.B.A. Oeste
Fiat Siena,Fiat Siena 1.4 El Pack Attractive My 2015,9000.0,US$,2014,111.000 Km,La Matanza - Bs.As. G.B.A. Oeste
Fiat Siena,Fiat Siena Sedan Elx 1.4. 8v,8500000.0,$,2008,107.000 Km,Capital Federal - Capital Federal
Fiat Siena,Fiat Siena 1.6 El 16v Pack Confort,11300000.0,$,2015,113.700 Km,Capital Federal - Capital Federal
Fiat Siena,Fiat Siena 1.6 El 16v Pack Confort,12990000.0,$,2015,167.000 Km,Capital Federal - Capital Federal
Fiat Siena,Fiat Siena 1.4 El Pack Attractive My 2015,6900.0,US$,2015,145.000 Km,General San Martín - Bs.As. G.B.A. Norte
Fiat Siena,Fiat Siena 1.4 El Pack Seguridad,11500000.0,$,2014,137.000 Km,Capital Federal - Capital Federal
Fiat Siena,Fiat Siena 1.4 El My 2015,8900.0,US$,2015,163.200 Km,Capital Federal - Capital Federal
Fiat Siena,Fiat Siena 1.4 El Pack Attractive,9700000.0,$,2013,166.000 Km,Ituzaingó - Bs.As. G.B.A. Oeste
Fiat Siena,Fiat Siena 1.8 Hlx,9500000.0,$,2005,188.000 Km,San Miguel - Bs.As. G.B.A. Norte
Fiat Siena,Fiat Siena 1.4 El 85cv,11500.0,US$,2017,160.000 Km,Florencio Varela - Bs.As. G.B.A. Sur
Fiat Siena,Fiat Siena 1.6 El 16v,13000000.0,$,2015,121.000 Km,Capital Federal - Capital Federal
Fiat Siena,Fiat Siena 1.4 El 85cv,11500000.0,$,2018,380.965 Km,Tres De Febrero - Bs.As. G.B.A. Oeste
Fiat Siena,Fiat Siena 1.6 El 16v Pack Confort,10500000.0,$,2015,120.000 Km,Lanús - Bs.As. G.B.A. Sur
Fiat Siena,Fiat Siena 1.4 El Pack Attractive,9900000.0,$,2013,150.000 Km,Lanús - Bs.As. G.B.A. Sur
Fiat Siena,Fiat Siena 1.4 Fire Da,9700000.0,$,2013,320.000 Km,La Plata - Bs.As. G.B.A. Sur
Fiat Siena,Fiat Siena 1.4 El Pack Seguridad,9700000.0,$,2013,120.000 Km,Berazategui - Bs.As. G.B.A. Sur
Fiat Siena,Fiat Siena 1.4 Fire Way,6500000.0,$,2010,270.000 Km,Almirante Brown - Bs.As. G.B.A. Sur
Fiat Siena,Fiat Siena 1.4 El Pack Attractive,12500000.0,$,2016,105.000 Km,La Matanza - Bs.As. G.B.A. Oeste
Fiat Siena,Fiat Siena 1.6 El 16v Pack Confort,11600.0,US$,2018,56.000 Km,Almirante Brown - Bs.As. G.B.A. Sur
Fiat Siena,Fiat Siena 1.4 Attractive C/alarma Rstii,9300000.0,$,2011,230.000 Km,General San Martín - Bs.As. G.B.A. Norte
Fiat Siena,Fiat Siena 1.4 El Pack Attractive,9000000.0,$,2016,190.000 Km,Capital Federal - Capital Federal
Fiat Siena,Fiat Siena 1.4 Fire Elx,5200000.0,$,2007,200.000 Km,Capital Federal - Capital Federal
Fiat Siena,Fiat Siena 1.8 Hlx Active Alarma,8500000.0,$,2008,148.000 Km,Merlo - Bs.As. G.B.A. Oeste
Fiat Siena,Fiat Siena 1.4 El Pack Seguridad,13500000.0,$,2014,95.000 Km,General San Martín - Bs.As. G.B.A. Norte
Fiat Siena,Fiat Siena 1 4 El,10000000.0,$,2017,102.000 Km,Avellaneda - Bs.As. G.B.A. Sur
Fiat Siena,Fiat Siena 1.4 El Pack Attractive,11900000.0,$,2013,114.000 Km,La Plata - Bs.As. G.B.A. Sur
Fiat Siena,Fiat Siena 1.4 El Pack Attractive,10800000.0,$,2013,180.000 Km,Ituzaingó - Bs.As. G.B.A. Oeste
Fiat Siena,Fiat Siena 1.4 El Pack Attractive,12500000.0,$,2016,150.000 Km,Capital Federal - Capital Federal
Fiat Siena,Fiat Siena 1.4 El Pack Attractive,12000000.0,$,2016,130.000 Km,Capital Federal - Capital Federal
Fiat Siena,Fiat Siena F4 El 1.4 8v,9500000.0,$,2013,188.600 Km,Lanús - Bs.As. G.B.A. Sur
Fiat Siena,Fiat Siena 1.4 Fire Way,10000000.0,$,2012,167.000 Km,Esteban Echeverría - Bs.As. G.B.A. Sur
Fiat Siena,Fiat Siena 1.6 El,3600000.0,$,1997,200.000 Km,La Matanza - Bs.As. G.B.A. Oeste
Fiat Siena,Fiat Siena 1.6 El 16v,10800.0,US$,2017,83.000 Km,Lomas De Zamora - Bs.As. G.B.A. Sur
Fiat Siena,Fiat Siena 1.4 Fire Da,6500000.0,$,2013,180.000 Km,Capital Federal - Capital Federal
Fiat Siena,Fiat Siena 1.4 El 8v,9300000.0,$,2015,182.000 Km,Capital Federal - Capital Federal
Fiat Siena,Fiat Siena 1.4 El Pack Attractive,10800000.0,$,2013,180.000 Km,Ituzaingó - Bs.As. G.B.A. Oeste
Fiat Siena,Fiat Siena 1.6 El 16v,12000000.0,$,2014,120.000 Km,Morón - Bs.As. G.B.A. Oeste
Fiat Siena,Fiat Siena El 1.4 8v,9300000.0,$,2015,460.000 Km,Avellaneda - Bs.As. G.B.A. Sur
Fiat Siena,Fiat Siena 1.6 16v El,9280000.0,$,2015,158.493 Km,Malvinas Argentinas - Bs.As. G.B.A. Norte
Fiat Siena,Fiat Siena 1.4 El Pack Attractive,10900000.0,$,2013,90.000 Km,Capital Federal - Capital Federal
Fiat Siena,Fiat Siena 1.4 El Pack Attractive,9200000.0,$,2012,145.000 Km,Tres De Febrero - Bs.As. G.B.A. Oeste
Fiat Siena,Fiat Siena 1.7 Elx Turbo Diesel,7900000.0,$,2006,134.000 Km,Capital Federal - Capital Federal
Fiat Siena,Fiat Siena 1.4 El Pack Attractive,11500000.0,$,2017,98.000 Km,Avellaneda - Bs.As. G.B.A. Sur
Fiat Siena,Fiat Siena Elx 4p 1.4rstiii Bz,8500000.0,$,2010,240.000 Km,Escobar - Bs.As. G.B.A. Norte
Fiat Siena,Fiat Siena 1.4 Fire Da,8500000.0,$,2014,175.000 Km,Malvinas Argentinas - Bs.As. G.B.A. Norte
Fiat Siena,Fiat Siena 1.6 Essence,10900000.0,$,2012,140.000 Km,Pilar - Bs.As. G.B.A. Norte
Fiat Siena,Fiat Siena 1.7 Sd,5500000.0,$,1999,214.299 Km,Capital Federal - Capital Federal
Fiat Siena,Fiat Siena 1.4 Attractive C/alarma Rstii,8900000.0,$,2012,200.000 Km,La Plata - Bs.As. G.B.A. Sur
Fiat Siena,Fiat Siena 1.4 El My 2015,12500000.0,$,2015,163.867 Km,Escobar - Bs.As. G.B.A. Norte
Fiat Siena,Fiat Siena 1.4 El Pack Attractive,12000000.0,$,2016,189.000 Km,La Plata - Bs.As. G.B.A. Sur
Fiat Siena,Fiat Siena 1.4 El Pack Attractive,12500000.0,$,2016,124.500 Km,San Isidro - Bs.As. G.B.A. Norte
Fiat Siena,Fiat Siena 1.4 El Pack Attractive,10990000.0,$,2016,210.000 Km,Almirante Brown - Bs.As. G.B.A. Sur
Fiat Siena,Fiat Siena 1.4 El Pack Attractive,13300000.0,$,2016,188.000 Km,Lomas De Zamora - Bs.As. G.B.A. Sur
Fiat Siena,Fiat Siena 1.4 El Pack Attractive,12000000.0,$,2016,160.000 Km,Quilmes - Bs.As. G.B.A. Sur
Fiat Siena,Fiat Siena 1.4 El Pack Attractive,13500000.0,$,2016,132.000 Km,San Miguel - Bs.As. G.B.A. Norte
Fiat Siena,Fiat Siena 1.4 Mpi 8v Bz 4p,7100.0,US$,2014,116.094 Km,Capital Federal - Capital Federal
Fiat Siena,Fiat Siena 1.4 El Pack Attractive,12500000.0,$,2016,145.000 Km,General San Martín - Bs.As. G.B.A. Norte
Fiat Siena,Fiat Siena 1.4 El 85cv,15500000.0,$,2018,117.000 Km,Lomas De Zamora - Bs.As. G.B.A. Sur
Fiat Siena,Fiat Siena 1.4 El Pack Attractive,13300000.0,$,2015,90.400 Km,Capital Federal - Capital Federal
Fiat Siena,Fiat Siena 1.4 El Pack Attractive 115 Hp,13300000.0,$,2016,110.000 Km,Lanús - Bs.As. G.B.A. Sur
Fiat Siena,Fiat Siena 1.4 Fire Da,7800000.0,$,2009,137.000 Km,Merlo - Bs.As. G.B.A. Oeste
Fiat Siena,Fiat Siena 1.6 El 16v,11800000.0,$,2015,96.000 Km,Capital Federal - Capital Federal
Fiat Siena,Fiat Siena 1.4 Fire Da,5950000.0,$,2009,360.400 Km,Avellaneda - Bs.As. G.B.A. Sur
Fiat Siena,Fiat Siena 1.4 El Pack Attractive + Seguridad,8600000.0,$,2012,210.000 Km,Capital Federal - Capital Federal
Fiat Siena,Fiat Siena 1.4 Fire,8500000.0,$,2007,230.000 Km,Ituzaingó - Bs.As. G.B.A. Oeste
Fiat Siena,Fiat Siena 1.4 El Pack Attractive 115 Hp,12980000.0,$,2016,125.000 Km,Lanús - Bs.As. G.B.A. Sur
Fiat Siena,Fiat Siena 1.4 El Pack Seguridad,12500000.0,$,2014,90.000 Km,Lanús - Bs.As. G.B.A. Sur
Fiat Siena,Fiat Siena 1.4 Fire Da,10500000.0,$,2014,150.000 Km,Merlo - Bs.As. G.B.A. Oeste
Fiat Siena,Fiat Siena 1.4 El 85cv,12000000.0,$,2018,85.000 Km,Capital Federal - Capital Federal
Fiat Siena,Fiat Siena 1.4 El 85cv,13700000.0,$,2017,140.000 Km,La Matanza - Bs.As. G.B.A. Oeste
Fiat Siena,Fiat Siena 1.4 Elx Fire,8500000.0,$,2007,190.000 Km,Hurlingham - Bs.As. G.B.A. Oeste
Fiat Siena,Fiat Siena 1.6 El 16v,8450.0,US$,2015,96.000 Km,Capital Federal - Capital Federal
Fiat Siena,Fiat Siena 1.4 El Pack Seguridad,7999999.0,$,2014,200.000 Km,Merlo - Bs.As. G.B.A. Oeste
Fiat Siena,Fiat Siena El 1.4,9990000.0,$,2016,223.000 Km,Lomas De Zamora - Bs.As. G.B.A. Sur
Fiat Siena,Fiat Siena 1.4 El My 2015,9700000.0,$,2015,126.000 Km,Brandsen - Buenos Aires Interior
Fiat Siena,Fiat Siena 1.4 El Pack Seg. + Attractive,11800000.0,$,2014,137.000 Km,Capital Federal - Capital Federal
Fiat Siena,Fiat Siena 1.4 El My 2015,12500000.0,$,2015,138.000 Km,La Plata - Bs.As. G.B.A. Sur
Fiat Siena,Fiat Siena 1.4 El Pack Attractive,8800.0,US$,2016,151.700 Km,Capital Federal - Capital Federal
Fiat Siena,Fiat Siena El 1.4,11500000.0,$,2016,150.000 Km,Quilmes - Bs.As. G.B.A. Sur
Fiat Siena,Fiat Siena 1.8 2008 Hlx Emotion,8500000.0,$,2009,140.000 Km,Pilar - Bs.As. G.B.A. Norte
Fiat Siena,Fiat Siena 1.4 El 85cv C/gnc,11900000.0,$,2017,148.000 Km,La Matanza - Bs.As. G.B.A. Oeste
Fiat Siena,Fiat Siena Fire 1.4 Mpi 8v A/a,8900000.0,$,2011,190.000 Km,Del Viso - Bs.As. G.B.A. Norte
Fiat Siena,Fiat Siena 1.7 Elx Pack Elect.,6800.0,US$,2005,78.000 Km,General San Martín - Bs.As. G.B.A. Norte
Fiat Siena,Fiat Siena Fire,9500000.0,$,2016,192.000 Km,Quilmes - Bs.As. G.B.A. Sur
Fiat Siena,Fiat Siena (f4) El 1.4 8v,12000000.0,$,2015,109.000 Km,Florencio Varela - Bs.As. G.B.A. Sur
Fiat Siena,Fiat Siena 1.4 Fire Way Aa+da+pack,11000000.0,$,2014,128.000 Km,Florencio Varela - Bs.As. G.B.A. Sur
Fiat Siena,Fiat Siena 1.4 El Pack Attractive,12500000.0,$,2016,158.000 Km,Malvinas Argentinas - Bs.As. G.B.A. Norte
Fiat Siena,Fiat Siena Fire 1.4 4p Mpi 8v F2c,7800000.0,$,2012,91.000 Km,Capital Federal - Capital Federal
Fiat Siena,Fiat Siena 1.4 Fire Da,10500000.0,$,2012,162.000 Km,Lomas De Zamora - Bs.As. G.B.A. Sur
Fiat Siena,Fiat Siena 1.4 El Pack Seguridad,9500000.0,$,2014,170.000 Km,Capital Federal - Capital Federal
Fiat Siena,Fiat Siena 1.4 El Pack Seguridad,8400000.0,$,2014,200.000 Km,Capital Federal - Capital Federal
Fiat Siena,Fiat Siena 1.7 Elx Turbo Diesel,5699900.0,$,2008,250.000 Km,La Matanza - Bs.As. G.B.A. Oeste
Fiat Siena,Fiat Siena 1.6 El 16v,13000000.0,$,2016,170.000 Km,La Matanza - Bs.As. G.B.A. Oeste
Fiat Siena,Fiat Siena 1.4 Attractive C/alarma Rstii,7800000.0,$,2011,123.000 Km,Castelar - Bs.As. G.B.A. Oeste
Fiat Siena,Fiat Siena 1.6 El 16v,11500000.0,$,2016,85.000 Km,Avellaneda - Bs.As. G.B.A. Sur
Fiat Siena,Fiat Siena 1.4 El Pack Attractive 115 Hp,12700000.0,$,2016,105.000 Km,General San Martín - Bs.As. G.B.A. Norte
Fiat Siena,Fiat Siena 1.4 Fire Da,10500000.0,$,2012,95.000 Km,Capital Federal - Capital Federal
Fiat Siena,Fiat Siena 1.4 El Pack Attractive,12500000.0,$,2016,93.000 Km,Lomas De Zamora - Bs.As. G.B.A. Sur
Fiat Siena,Fiat Siena 1.4 El Pack Seguridad,8390000.0,$,2014,138.000 Km,Capital Federal - Capital Federal
Fiat Siena,Fiat Siena 1.4 El My 2015,9500000.0,$,2014,212.000 Km,Vicente López - Bs.As. G.B.A. Norte
Fiat Siena,Fiat Siena 1.4 Elx Fire,6200.0,US$,2008,350.000 Km,Tigre - Bs.As. G.B.A. Norte
Fiat Siena,Fiat Siena 1.6 El Aa,7900000.0,$,1999,60.182 Km,Capital Federal - Capital Federal
Fiat Siena,Fiat Siena 1.4 Fire Elx Active Rstii,11000000.0,$,2010,115.000 Km,Lanús - Bs.As. G.B.A. Sur
Fiat Siena,Fiat Siena 1.6 El 16v Pack Confort,11500000.0,$,2014,145.000 Km,Capital Federal - Capital Federal
Fiat Siena,Fiat Siena 1.4 El 85cv,14500000.0,$,2017,90.000 Km,Florencio Varela - Bs.As. G.B.A. Sur
Fiat Siena,Fiat Siena 1.4 El,13310000.0,$,2017,61.653 Km,Malvinas Argentinas - Bs.As. G.B.A. Norte
Fiat Siena,Fiat Siena 1.4 Fire Da,10900000.0,$,2012,140.500 Km,Lanús - Bs.As. G.B.A. Sur
Fiat Siena,Fiat Siena 1.4 Fire Da,8500000.0,$,2011,116.000 Km,Lomas De Zamora - Bs.As. G.B.A. Sur
Fiat Siena,Fiat Siena (f4) 1.4 8v,10000.0,US$,2016,78.000 Km,Lomas De Zamora - Bs.As. G.B.A. Sur
Fiat Siena,Fiat Siena 1.4 Fire Da,11000000.0,$,2014,136.000 Km,Marcos Paz - Buenos Aires Interior
Fiat Siena,Fiat Siena El 1.4 Fire,8900000.0,$,2014,221.000 Km,Capital Federal - Capital Federal
Fiat Siena,Fiat Siena 1.4 El 85cv,13500000.0,$,2018,80.000 Km,Lanús - Bs.As. G.B.A. Sur
Fiat Siena,Fiat Siena 1.4 Fire Da,12300000.0,$,2013,131.128 Km,La Matanza - Bs.As. G.B.A. Oeste
Fiat Siena,Fiat Siena 1.4 Fire Da,8500000.0,$,2012,279.000 Km,Tres De Febrero - Bs.As. G.B.A. Oeste
Fiat Siena,Fiat Siena 1.7 Elx Turbo Diesel,7000000.0,$,2008,230.000 Km,Capital Federal - Capital Federal
Fiat Siena,Fiat Siena 1.4 El My 2015,12655000.0,$,2015,100.000 Km,Capital Federal - Capital Federal
Fiat Siena,Fiat Siena 1.4 El 85cv,16000000.0,$,2017,55.000 Km,La Plata - Bs.As. G.B.A. Sur
Fiat Siena,Fiat Siena 1.6 El 16v Pack Confort,14500000.0,$,2017,70.000 Km,San Fernando - Bs.As. G.B.A. Norte
Fiat Siena,Fiat Siena 1.4 El Pack Attractive,12500000.0,$,2016,115.000 Km,Almirante Brown - Bs.As. G.B.A. Sur
Fiat Siena,Fiat Siena 1.4 El Pack Seg. + Attractive,12600000.0,$,2014,50.000 Km,Capital Federal - Capital Federal
Fiat Siena,Fiat Siena 1.4 El My 2015,12700000.0,$,2015,165.000 Km,Tres De Febrero - Bs.As. G.B.A. Oeste
Fiat Siena,Fiat Siena 1.4 El Pack Seguridad,9000000.0,$,2014,126.000 Km,Capital Federal - Capital Federal
Fiat Siena,Fiat Siena 1.4,6300.0,US$,2009,154.000 Km,Lanús - Bs.As. G.B.A. Sur
Fiat Siena,Fiat Siena 1.4 El My 2015,12000000.0,$,2014,118.000 Km,Berazategui - Bs.As. G.B.A. Sur
Fiat Siena,Fiat Siena Mpi 1.4 8v,8200000.0,$,2013,155.000 Km,La Plata - Bs.As. G.B.A. Sur
Fiat Siena,Fiat Siena 1.8 2008 Hlx Emotion,8990000.0,$,2009,119.000 Km,Lanús - Bs.As. G.B.A. Sur
Fiat Siena,Fiat Siena 1.6 Essence,8700000.0,$,2011,148.500 Km,Berazategui - Bs.As. G.B.A. Sur
Fiat Siena,Fiat Siena 1.4 Fire Way,7800000.0,$,2013,270.000 Km,Capital Federal - Capital Federal
Fiat Siena,Fiat Siena 1.4 Attractive,7000000.0,$,2012,111.111 Km,General San Martín - Bs.As. G.B.A. Norte
Fiat Siena,Fiat Siena 1.4 El Pack Attractive,13500000.0,$,2015,90.500 Km,Capital Federal - Capital Federal
Fiat Siena,Fiat Siena 1.4 El My 2015,10800000.0,$,2015,303.000 Km,Quilmes - Bs.As. G.B.A. Sur
Fiat Siena,Fiat Siena 1.4 Fire Da,9800000.0,$,2012,128.200 Km,La Matanza - Bs.As. G.B.A. Oeste
Fiat Siena,Fiat Siena 1.4 Fire Da,5800.0,US$,2014,450.000 Km,Capital Federal - Capital Federal
Fiat Siena,Fiat Siena 1.4 El Pack Attractive My 2015,12000000.0,$,2014,101.000 Km,La Matanza - Bs.As. G.B.A. Oeste
Fiat Siena,Fiat Siena 1.4 El Pack Seg. + Attractive,12000000.0,$,2014,101.000 Km,La Matanza - Bs.As. G.B.A. Oeste
Fiat Siena,Fiat Siena 1.4 El My 2015,9500000.0,$,2015,182.000 Km,Tres De Febrero - Bs.As. G.B.A. Oeste
Fiat Siena,Fiat Siena 1.4 Fire Da,8000000.0,$,2012,211.000 Km,La Plata - Bs.As. G.B.A. Sur
Fiat Siena,Fiat Siena 1.4 El 85cv,13300000.0,$,2017,72.000 Km,La Matanza - Bs.As. G.B.A. Oeste
Fiat Siena,Fiat Siena 1.4 El 85cv,14000000.0,$,2017,130.000 Km,La Matanza - Bs.As. G.B.A. Oeste
Fiat Siena,Fiat Siena F.4 El 1.4 8v,10000000.0,$,2014,132.000 Km,Lanús - Bs.As. G.B.A. Sur
Fiat Siena,Fiat Siena 1.4 El 85cv C/gnc,13500000.0,$,2017,185.000 Km,General Rodríguez - Bs.As. G.B.A. Oeste
Fiat Siena,Fiat Siena 1.4 El 85cv C/gnc,11500000.0,$,2017,400.000 Km,Capital Federal - Capital Federal
Fiat Siena,Fiat Siena 1.4 Fire,7500000.0,$,2011,226.669 Km,General San Martín - Bs.As. G.B.A. Norte
Fiat Siena,Fiat Siena Ex Fire,6700000.0,$,2004,160.000 Km,Capital Federal - Capital Federal
Fiat Siena,Fiat Siena 1.4 Fire,10500000.0,$,2011,74.000 Km,Capital Federal - Capital Federal
Fiat Siena,Fiat Siena 1.4 Attractive C/alarma Rstii,10200000.0,$,2011,164.700 Km,Tres De Febrero - Bs.As. G.B.A. Oeste
Fiat Siena,Fiat Siena 1.4 Fire Aa Gnc,8300000.0,$,2007,111.111 Km,Caseros - Bs.As. G.B.A. Oeste
Fiat Siena,Fiat Siena 1.4 Fire Aa Gnc,7000000.0,$,2007,550.000 Km,Lanús - Bs.As. G.B.A. Sur
Fiat Siena,Fiat Siena 1.6 Essence,9300000.0,$,2011,250.000 Km,Caseros - Bs.As. G.B.A. Oeste
Fiat Siena,Fiat Siena 1.4 Attractive C/alarma Rstii,6700000.0,$,2011,200.000 Km,Capital Federal - Capital Federal
Fiat Siena,Fiat Siena 1.3 Fire Gnc,7500000.0,$,2005,222.000 Km,Capital Federal - Capital Federal
Fiat Siena,Fiat Siena 1.7 Elx Pack Elect.,5300000.0,$,2005,315.500 Km,Ituzaingó - Bs.As. G.B.A. Oeste
Fiat Siena,Fiat Siena 1.8 Hlx,4000000.0,$,2008,500.000 Km,Avellaneda - Bs.As. G.B.A. Sur
Fiat Siena,Fiat Siena 1.4 Fire Da,11000000.0,$,2012,63.640 Km,La Plata - Bs.As. G.B.A. Sur
Fiat Siena,Fiat Siena 1.4 El 85cv C/gnc,11500000.0,$,2017,138.000 Km,La Matanza - Bs.As. G.B.A. Oeste
Fiat Siena,Fiat Siena 1.6 El 16v Pack Confort,9900000.0,$,2015,330.000 Km,Avellaneda - Bs.As. G.B.A. Sur
Fiat Siena,Fiat Siena 1.6 El 16v,12000000.0,$,2017,91.000 Km,Capital Federal - Capital Federal
Fiat Siena,Fiat Siena Fire 1.4 Mpi 8v,6400000.0,$,2010,260.000 Km,Capital Federal - Capital Federal
Fiat Siena,Fiat Siena 1.7 Elx,3800000.0,$,2002,1.111.111 Km,General Rodríguez - Bs.As. G.B.A. Oeste
Fiat Siena,Fiat Siena 1.4 El Pack Attractive,10000001.0,$,2016,245.000 Km,La Matanza - Bs.As. G.B.A. Oeste
Fiat Siena,Fiat Siena 1.6 El 16v Pack Confort,13000000.0,$,2016,159.000 Km,General San Martín - Bs.As. G.B.A. Norte
Fiat Siena,Fiat Siena 1.4 Fire Da,9000000.0,$,2012,138.000 Km,José C. Paz - Bs.As. G.B.A. Norte
Fiat Siena,Fiat Siena 1.4 El 85cv,16500000.0,$,2018,68.000 Km,Capital Federal - Capital Federal
Fiat Siena,Fiat Siena 1.4 Fire Way Aa+da+pack,10200000.0,$,2014,145.000 Km,Capital Federal - Capital Federal
Fiat Siena,Fiat Siena 1.4 Attractive C/alarma Rstii,7500000.0,$,2011,540.000 Km,La Matanza - Bs.As. G.B.A. Oeste
Fiat Siena,Fiat Siena 1.4 El Pack Attractive,6990000.0,$,2016,279.000 Km,Capital Federal - Capital Federal
Fiat Siena,Fiat Siena 1.3 Fire Class,8000000.0,$,2003,149.000 Km,San Miguel - Bs.As. G.B.A. Norte
Fiat Siena,Fiat Siena 1.4 El Pack Seg. + Attractive,10800000.0,$,2014,161.700 Km,Tres De Febrero - Bs.As. G.B.A. Oeste
Fiat Siena,Fiat Siena 1.4 El Pack Attractive,12800000.0,$,2015,85.500 Km,Capital Federal - Capital Federal
Fiat Siena,Fiat Siena 1.4 Fire,6000.0,US$,2007,124.000 Km,Capital Federal - Capital Federal
Fiat Siena,"Fiat Siena F4-el-1,4 8v",6500000.0,$,2013,274.000 Km,Hurlingham - Bs.As. G.B.A. Oeste
Fiat Siena,Fiat Siena 1.4 El Pack Attractive My 2015,12000000.0,$,2015,165.000 Km,General San Martín - Bs.As. G.B.A. Norte
Fiat Siena,Fiat Siena 1.4 Fire Da,10500000.0,$,2013,225.000 Km,Capital Federal - Capital Federal
Fiat Siena,Fiat Siena 1.4 Fire Da,12300.0,US$,2013,130.000 Km,La Matanza - Bs.As. G.B.A. Oeste
Fiat Siena,Fiat Siena 1.4 Fire Da,11000000.0,$,2013,230.000 Km,Brandsen - Buenos Aires Interior
Fiat Siena,Fiat Siena 1.3 Fire,2290.0,US$,2006,339.000 Km,Quilmes - Bs.As. G.B.A. Sur
Fiat Siena,Fiat Siena 1.4 Fire Da,7500000.0,$,2014,234.000 Km,Capital Federal - Capital Federal
Fiat Siena,Fiat Siena 1.6 Essence,11300000.0,$,2011,148.000 Km,La Matanza - Bs.As. G.B.A. Oeste
Fiat Siena,Fiat Siena El,5500000.0,$,2013,250.000 Km,Malvinas Argentinas - Bs.As. G.B.A. Norte
Fiat Siena,Fiat Siena 1.4 Fire Way,6500000.0,$,2008,136.000 Km,Morón - Bs.As. G.B.A. Oeste
Fiat Siena,Fiat Siena 1.4 El Pack Attractive,12500000.0,$,2016,154.000 Km,Esteban Echeverría - Bs.As. G.B.A. Sur
Fiat Siena,Fiat Siena 1.4 Fire Way,8800000.0,$,2013,147.000 Km,Morón - Bs.As. G.B.A. Oeste
Fiat Siena,Fiat Siena (f4) El 1.4 8v,7796.0,US$,2014,130.000 Km,Capital Federal - Capital Federal
Fiat Siena,Fiat Siena 1.4 Fire Da,11600000.0,$,2012,112.000 Km,Vicente López - Bs.As. G.B.A. Norte
Fiat Siena,Fiat Siena El 1.4 Fire,10500000.0,$,2012,159.000 Km,Ezeiza - Bs.As. G.B.A. Sur
Fiat Siena,Fiat Siena 1.4 El Pack Attractive,9200.0,US$,2012,160.000 Km,Florencio Varela - Bs.As. G.B.A. Sur
Fiat Siena,Fiat Siena 1.4 Fire Da,8500000.0,$,2013,255.000 Km,Moreno - Bs.As. G.B.A. Oeste
Fiat Siena,Fiat Siena El (f4) 1.4 8v,8500000.0,$,2013,146.000 Km,Merlo - Bs.As. G.B.A. Oeste
Fiat Siena,Fiat Siena 1.4 Attractive C/alarma Rstii,7500000.0,$,2011,288.000 Km,General San Martín - Bs.As. G.B.A. Norte
Fiat Siena,Fiat Siena Atracctive,8000000.0,$,2011,200.000 Km,Morón - Bs.As. G.B.A. Oeste
Fiat Siena,Fiat Siena 1.4 El 85cv,9000000.0,$,2017,250.000 Km,La Matanza - Bs.As. G.B.A. Oeste
Fiat Siena,Fiat Siena 1.4 2008 Fire Elx,6000000.0,$,2008,274.000 Km,La Matanza - Bs.As. G.B.A. Oeste
Fiat Siena,Fiat Siena 1.7 Elx Aa,6500000.0,$,2006,300.000 Km,Luján - Buenos Aires Interior
Fiat Siena,Fiat Siena 1.4 Fire Da,6900000.0,$,2012,340.000 Km,Caseros - Bs.As. G.B.A. Oeste
Fiat Siena,Fiat Siena 1.4 El Pack Attractive,8250000.0,$,2013,220.000 Km,Ituzaingó - Bs.As. G.B.A. Oeste
Fiat Siena,Fiat Siena 1.4 Fire Elx Active Rstii,9500000.0,$,2010,250.000 Km,General Rodríguez - Bs.As. G.B.A. Oeste
Fiat Siena,Fiat Siena 1.3 Fire Gnc,7200000.0,$,2004,200.000 Km,Morón - Bs.As. G.B.A. Oeste
Fiat Siena,Fiat Siena 1.4 El Pack Attractive,9600.0,US$,2016,110.000 Km,Morón - Bs.As. G.B.A. Oeste
VW Polo,Volkswagen Polo 1.6 Comfortline,19999999.0,$,2018,90.383 Km,Morón - Bs.As. G.B.A. Oeste
VW Polo,Volkswagen Polo 1.6 Msi Track,22317330.0,$,2025,0 Km,Pilar - Bs.As. G.B.A. Norte
VW Polo,Volkswagen Polo 1.0 Tsi 170 Highline At,30500000.0,$,2023,27.300 Km,Capital Federal - Capital Federal
VW Polo,Volkswagen Polo 1.6 Msi Track,27490000.0,$,2026,0 Km,Pilar - Bs.As. G.B.A. Norte
VW Polo,Volkswagen Polo 1.6 Msi Track,25200000.0,$,2026,0 Km,San Isidro - Bs.As. G.B.A. Norte
VW Polo,Volkswagen Polo 1.6 Msi Track,24500000.0,$,2026,0 Km,Capital Federal - Capital Federal
VW Polo,Volkswagen Polo 1.6 Msi Track,25500000.0,$,2026,0 Km,Capital Federal - Capital Federal
VW Polo,Volkswagen Polo 1.6 Msi Track,25500000.0,$,2026,0 Km,Vicente López - Bs.As. G.B.A. Norte
VW Polo,Volkswagen Polo 1.6 Msi Track,25499000.0,$,2025,0 Km,General San Martín - Bs.As. G.B.A. Norte
VW Polo,Volkswagen Polo 1.6 Comfortline,11800000.0,$,2024,0 Km,San Isidro - Bs.As. G.B.A. Norte
VW Polo,Volkswagen Polo 1.6 Msi Track,24500000.0,$,2026,0 Km,Capital Federal - Capital Federal
VW Polo,Volkswagen Polo 1.6 Msi Track,26200000.0,$,2026,0 Km,Capital Federal - Capital Federal
VW Polo,Volkswagen Polo 1.6 Msi Track,25999990.0,$,2026,0 Km,Berazategui - Bs.As. G.B.A. Sur
VW Polo,Volkswagen Polo 1.6 Msi Track,24900100.0,$,2026,0 Km,San Isidro - Bs.As. G.B.A. Norte
VW Polo,Volkswagen Polo 1.6 Msi Track,24500000.0,$,2026,0 Km,Capital Federal - Capital Federal
VW Polo,Volkswagen Polo 1.6 Msi Track,24900000.0,$,2026,0 Km,Beccar - Bs.As. G.B.A. Norte
VW Polo,Volkswagen Polo 1.6 Msi Track,26000000.0,$,2026,0 Km,Quilmes - Bs.As. G.B.A. Sur
VW Polo,Volkswagen Polo 1.6 Msi Track,24600000.0,$,2026,0 Km,San Isidro - Bs.As. G.B.A. Norte
VW Polo,Volkswagen Polo 1.6 Msi Track,25499100.0,$,2026,0 Km,General San Martín - Bs.As. G.B.A. Norte
VW Polo,Volkswagen Polo 1.6 Msi Track,26000000.0,$,2026,0 Km,Vicente López - Bs.As. G.B.A. Norte
VW Polo,Volkswagen Polo 1.0 Tsi 170 Highline At,28405000.0,$,2026,0 Km,Capital Federal - Capital Federal
VW Polo,Volkswagen Polo 1.6 Msi Track,26000000.0,$,2026,0 Km,Ezeiza - Bs.As. G.B.A. Sur
VW Polo,Volkswagen Polo 1.0 Tsi 170 Comfortline At,28490000.0,$,2026,0 Km,San Isidro - Bs.As. G.B.A. Norte
VW Polo,Volkswagen Polo 1.6 Msi Track,24900000.0,$,2025,2.500 Km,Capital Federal - Capital Federal
VW Polo,Volkswagen Polo 1.6 Msi Track,28300000.0,$,2026,0 Km,Malvinas Argentinas - Bs.As. G.B.A. Norte
VW Polo,Volkswagen Polo 1.0 Tsi 170 Highline At,31500000.0,$,2026,0 Km,Escobar - Bs.As. G.B.A. Norte
VW Polo,Volkswagen Polo 1.6 Msi Track,25800000.0,$,2025,0 Km,Capital Federal - Capital Federal
VW Polo,Volkswagen Polo 1.6 Msi Track,27490000.0,$,2026,0 Km,Pilar - Bs.As. G.B.A. Norte
VW Polo,Volkswagen Polo 1.6 Msi Track,26297999.0,$,2026,0 Km,Capital Federal - Capital Federal
VW Polo,Volkswagen Polo 1.4 Tsi 250 Gts,47000000.0,$,2024,17.500 Km,Malvinas Argentinas - Bs.As. G.B.A. Norte
VW Polo,Volkswagen Polo 1.0 Tsi 170 Comfortline At,31000000.0,$,2026,0 Km,Capital Federal - Capital Federal
VW Polo,Volkswagen Polo 1.6 Msi Track,24750000.0,$,2026,0 Km,Vicente López - Bs.As. G.B.A. Norte
VW Polo,Volkswagen Polo 1.6 Msi Track,25900000.0,$,2026,0 Km,Capital Federal - Capital Federal
VW Polo,Volkswagen Polo 1.6 Msi Track,27490000.0,$,2026,0 Km,Pilar - Bs.As. G.B.A. Norte
VW Polo,Volkswagen Polo 1.6 Msi Track,24900000.0,$,2025,0 Km,Capital Federal - Capital Federal
VW Polo,Volkswagen Polo 1.6 Msi Track,18500.0,US$,2023,0 Km,Moreno - Bs.As. G.B.A. Oeste
VW Polo,Volkswagen Polo 1.0 Tsi 170 Highline At,36900000.0,$,2026,0 Km,Capital Federal - Capital Federal
VW Polo,Volkswagen Polo 1.6 Msi Track,26000000.0,$,2025,0 Km,Quilmes - Bs.As. G.B.A. Sur
VW Polo,Volkswagen Polo 1.0 Tsi 170 Comfortline At,27500000.0,$,2026,0 Km,Escobar - Bs.As. G.B.A. Norte
VW Polo,Volkswagen Polo 1.6 Comfortline,17500000.0,$,2024,0 Km,San Isidro - Bs.As. G.B.A. Norte
VW Polo,Volkswagen Polo 1.4 Tsi 250 Gts,29990.0,US$,2024,30.000 Km,General San Martín - Bs.As. G.B.A. Norte
VW Polo,Volkswagen Polo 1.6 Msi Track,26000000.0,$,2026,0 Km,Vicente López - Bs.As. G.B.A. Norte
VW Polo,Volkswagen Polo 1.6 Msi Track,26500000.0,$,2026,0 Km,La Matanza - Bs.As. G.B.A. Oeste
VW Polo,Volkswagen Polo 1.6 Msi Track,26966600.0,$,2026,0 Km,Buenos Aires
VW Polo,Volkswagen Polo 1.6 Msi Track,22541000.0,$,2026,0 Km,Escobar - Bs.As. G.B.A. Norte
VW Polo,Volkswagen Polo 1.6 Msi Track,26500000.0,$,2026,0 Km,Capital Federal - Capital Federal
VW Polo,Volkswagen Polo 1.6 Msi Track,26690000.0,$,2026,0 Km,Pilar - Buenos Aires Interior
VW Polo,Volkswagen Polo 1.6 Msi Track,25400000.0,$,2026,0 Km,Capital Federal - Capital Federal
VW Polo,Volkswagen Polo 1.6 Msi Track,26500000.0,$,2026,0 Km,San Isidro - Bs.As. G.B.A. Norte
VW Polo,Volkswagen Polo 1.6 Msi Track,24999100.0,$,2026,0 Km,General San Martín - Bs.As. G.B.A. Norte
VW Polo,Volkswagen Polo 1.6 Msi Track,24900000.0,$,2026,0 Km,Capital Federal - Capital Federal
VW Polo,Volkswagen Polo 1.6 Msi Track,25500000.0,$,2025,0 Km,Vicente López - Bs.As. G.B.A. Norte
VW Polo,Volkswagen Polo 1.6 Msi Comfort Plus At,15750.0,US$,2018,78.000 Km,La Matanza - Bs.As. G.B.A. Oeste
VW Polo,Volkswagen Polo 1.0 Tsi 170 Highline At,39000013.0,$,2026,0 Km,Ituzaingó - Bs.As. G.B.A. Oeste
VW Polo,Volkswagen Polo 1.0 Tsi 170 Highline At,37200000.0,$,2026,0 Km,Capital Federal - Capital Federal
VW Polo,Volkswagen Polo 1.0 Tsi 170 Highline At,39990000.0,$,2026,0 Km,San Fernando - Bs.As. G.B.A. Norte
VW Polo,Volkswagen Polo 1.0 Tsi 170 Highline At,36755250.0,$,2026,0 Km,La Matanza - Bs.As. G.B.A. Oeste
VW Polo,Volkswagen Polo 1.0 Tsi 170 Highline At,38500000.0,$,2026,0 Km,Capital Federal - Capital Federal
VW Polo,Volkswagen Polo 1.0 Tsi 170 Highline At,37200000.0,$,2026,0 Km,General San Martín - Bs.As. G.B.A. Norte
VW Polo,Volkswagen Polo 1.0 Tsi 170 Highline At,37300000.0,$,2026,0 Km,Capital Federal - Capital Federal
VW Polo,Volkswagen Polo 1.0 Tsi 170 Highline At,37500000.0,$,2026,0 Km,San Fernando - Bs.As. G.B.A. Norte
VW Polo,Volkswagen Polo 1.6 Msi Track,24000000.0,$,2025,0 Km,Vicente López - Bs.As. G.B.A. Norte
VW Polo,Volkswagen Polo 1.0 Tsi 170 Comfortline At,32990000.0,$,2026,0 Km,Escobar - Bs.As. G.B.A. Norte
VW Polo,Volkswagen Polo 1.6 Msi Track,24750000.0,$,2026,0 Km,Capital Federal - Capital Federal
VW Polo,Volkswagen Polo Track 1.6 Msi,25200000.0,$,2025,0 Km,Capital Federal - Capital Federal
VW Polo,Volkswagen Polo 1.6 Msi Track,23800000.0,$,2025,0 Km,Tigre - Bs.As. G.B.A. Norte
VW Polo,Volkswagen Polo 1.6 Msi Track,28300000.0,$,2025,0 Km,Malvinas Argentinas - Bs.As. G.B.A. Norte
VW Polo,Volkswagen Polo 1.6 Msi Trendline At,19500000.0,$,2019,93.000 Km,Lanús - Bs.As. G.B.A. Sur
VW Polo,Volkswagen Polo 1.6 Msi Trendline At,14800.0,US$,2019,58.300 Km,Capital Federal - Capital Federal
VW Polo,Volkswagen Polo 1.6 Msi Track,25000000.0,$,2026,0 Km,San Isidro - Bs.As. G.B.A. Norte
VW Polo,Volkswagen Polo 1.6 Msi Highline At,19500000.0,$,2019,160.000 Km,Morón - Bs.As. G.B.A. Oeste
VW Polo,Volkswagen Polo 1.6 Msi Track,26800000.0,$,2026,0 Km,La Plata - Bs.As. G.B.A. Sur
VW Polo,Volkswagen Polo 1.6 Msi Track,17000.0,US$,2024,54.000 Km,Capital Federal - Capital Federal
VW Polo,Volkswagen Polo 1.6 Msi Track,27490000.0,$,2026,0 Km,Pilar - Bs.As. G.B.A. Norte
VW Polo,Volkswagen Polo 1.6 Msi Comfortline,18500000.0,$,2018,90.000 Km,La Matanza - Bs.As. G.B.A. Oeste
VW Polo,Volkswagen Polo 1.6 Msi Highline,23000000.0,$,2018,59.000 Km,Morón - Bs.As. G.B.A. Oeste
VW Polo,Volkswagen Polo 1.6 Comfortline,14900000.0,$,2017,150.000 Km,Tigre - Bs.As. G.B.A. Norte
VW Polo,Volkswagen Polo 1.0 Tsi 170 Comfortline At,33000000.0,$,2026,0 Km,La Matanza - Bs.As. G.B.A. Oeste
VW Polo,Volkswagen Polo 1.0 Tsi 170 Comfortline At,34200017.0,$,2026,0 Km,Capital Federal - Capital Federal
VW Polo,Volkswagen Polo 1.0 Tsi 170 Comfortline At,33490000.0,$,2026,0 Km,Del Viso - Bs.As. G.B.A. Norte
VW Polo,Volkswagen Polo 1.0 Tsi 170 Comfortline At,34200000.0,$,2026,0 Km,Capital Federal - Capital Federal
VW Polo,Volkswagen Polo 1.6 Msi Track,28300000.0,$,2025,0 Km,Pilar - Bs.As. G.B.A. Norte
VW Polo,Volkswagen Polo 1.0 Tsi 170 Highline At,37500000.0,$,2026,0 Km,Quilmes - Bs.As. G.B.A. Sur
VW Polo,Volkswagen Polo 1.0 170 Tsi Comfortline,32850000.0,$,2025,0 Km,Tigre - Bs.As. G.B.A. Norte
VW Polo,Volkswagen Polo 1.6 Msi Track,17800.0,US$,2024,9.500 Km,General San Martín - Bs.As. G.B.A. Norte
VW Polo,Volkswagen Polo 1.0 Tsi 170 Highline At,37499000.0,$,2026,0 Km,General San Martín - Bs.As. G.B.A. Norte
VW Polo,Volkswagen Polo 1.6 Msi Track,28300000.0,$,2025,0 Km,Moreno - Bs.As. G.B.A. Oeste
VW Polo,Volkswagen Polo 1.6 Msi Trendline,19000000.0,$,2018,76.000 Km,Capital Federal - Capital Federal
VW Polo,Volkswagen Polo 1.6 Msi Highline At,22500000.0,$,2018,95.000 Km,Capital Federal - Capital Federal
VW Polo,Volkswagen Polo 1.0 Tsi 170 Comfortline At,33490000.0,$,2026,0 Km,Pilar - Bs.As. G.B.A. Norte
VW Polo,Volkswagen Polo 1.6 Msi Track,27490000.0,$,2026,0 Km,Pilar - Bs.As. G.B.A. Norte
VW Polo,Volkswagen Polo 1.0 Tsi 170 Comfortline At,33279664.0,$,2026,0 Km,Capital Federal - Capital Federal
VW Polo,Volkswagen Polo 1.6 Msi Trendline,22400000.0,$,2023,44.000 Km,La Plata - Bs.As. G.B.A. Sur
VW Polo,Volkswagen Polo 1.6 Msi Track,24999999.0,$,2026,0 Km,La Matanza - Bs.As. G.B.A. Oeste
VW Polo,Volkswagen Polo 1.6 Msi Track,15210000.0,$,2024,55.000 Km,Capital Federal - Capital Federal
VW Polo,Volkswagen Polo 1.6 Msi Track,26780000.0,$,2025,0 Km,Tigre - Bs.As. G.B.A. Norte
VW Polo,Volkswagen Polo 1.0 Tsi 170 Comfortline At,33490000.0,$,2026,0 Km,Pilar - Bs.As. G.B.A. Norte
VW Polo,Volkswagen Polo 1.6 Msi Track,26300000.0,$,2026,0 Km,Tres De Febrero - Bs.As. G.B.A. Oeste
VW Polo,Volkswagen Polo 1.0 Tsi 170 Highline At,37490000.0,$,2026,0 Km,Pilar - Bs.As. G.B.A. Norte
VW Polo,Volkswagen Polo 1.0 Tsi 170 Highline At,37900000.0,$,2025,0 Km,Pilar - Bs.As. G.B.A. Norte
VW Polo,Volkswagen Polo 1.0 Tsi 170 Highline At,34500000.0,$,2025,0 Km,Hurlingham - Bs.As. G.B.A. Oeste
VW Polo,Volkswagen Polo Confortline 170 At Tsi,37300000.0,$,2025,0 Km,Capital Federal - Capital Federal
VW Polo,Volkswagen Polo 1.0 Tsi 170 Highline At,37200000.0,$,2025,0 Km,Tres De Febrero - Bs.As. G.B.A. Oeste
VW Polo,Volkswagen Polo 1.6 Msi Track,27500000.0,$,2026,0 Km,Pilar - Bs.As. G.B.A. Norte
VW Polo,Volkswagen Polo 1.6 Msi Track,28300000.0,$,2025,0 Km,Malvinas Argentinas - Bs.As. G.B.A. Norte
VW Polo,Volkswagen Polo 1.6 Msi Track,28300000.0,$,2025,0 Km,Tigre - Bs.As. G.B.A. Norte
VW Polo,Volkswagen Polo 1.6 Msi Track,28300000.0,$,2025,0 Km,Pilar - Bs.As. G.B.A. Norte
VW Polo,Volkswagen Polo 1.6 Msi Track,28300000.0,$,2025,0 Km,Tigre - Bs.As. G.B.A. Norte
VW Polo,Volkswagen Polo 1.6 Comfortline,14500000.0,$,2016,154.000 Km,Capital Federal - Capital Federal
VW Polo,Volkswagen Polo 1.6 Msi Track,21000000.0,$,2024,0 Km,Vicente López - Bs.As. G.B.A. Norte
VW Polo,Volkswagen Polo 1.6 Msi Track,28300000.0,$,2025,0 Km,Moreno - Bs.As. G.B.A. Oeste
VW Polo,Volkswagen Polo 1.0 Tsi 170 Comfortline At,32300000.0,$,2026,0 Km,San Isidro - Bs.As. G.B.A. Norte
VW Polo,Volkswagen Polo 1.6 Msi Track,25500000.0,$,2025,0 Km,Capital Federal - Capital Federal
VW Polo,Volkswagen Polo 1.0 Tsi 170 Comfortline At,32700000.0,$,2025,0 Km,Capital Federal - Capital Federal
VW Polo,Volkswagen Polo Highline 1.0 170tsi At,35299999.0,$,2025,0 Km,Capital Federal - Capital Federal
VW Polo,Volkswagen Polo 1.0 Tsi 170 Comfortline At,33400000.0,$,2026,0 Km,Pilar - Bs.As. G.B.A. Norte
VW Polo,Volkswagen Polo 1.0 Tsi 170 Comfortline At,33490000.0,$,2026,0 Km,Pilar - Bs.As. G.B.A. Norte
VW Polo,Volkswagen Polo Volkswagen Polo 1.0 Tsi 170 Comfortline At,32800000.0,$,2025,0 Km,Vicente López - Bs.As. G.B.A. Norte
VW Polo,Volkswagen Polo 1.0 Tsi 170 Highline At,38000800.0,$,2026,0 Km,San Isidro - Bs.As. G.B.A. Norte
VW Polo,Volkswagen Polo 1.6 Msi Highline At,19990.0,US$,2021,8.500 Km,Capital Federal - Capital Federal
VW Polo,Volkswagen Polo 1.6 Msi Track,26999912.0,$,2025,0 Km,Berazategui - Bs.As. G.B.A. Sur
VW Polo,Volkswagen Polo 1.6 Msi Track,25000000.0,$,2026,0 Km,Berazategui - Bs.As. G.B.A. Sur
VW Polo,Volkswagen Polo 1.0 Tsi 170 Comfortline At,32999000.0,$,2026,0 Km,General San Martín - Bs.As. G.B.A. Norte
VW Polo,Volkswagen Polo 1.6 Msi Track,27490000.0,$,2026,0 Km,Escobar - Bs.As. G.B.A. Norte
VW Polo,Volkswagen Polo 1.6 Msi Track,25300000.0,$,2026,0 Km,Capital Federal - Capital Federal
VW Polo,Volkswagen Polo 1.6 Msi Track,24850000.0,$,2026,0 Km,Capital Federal - Capital Federal
VW Polo,Volkswagen Polo 1.6 Msi Track,29265300.0,$,2025,0 Km,Capital Federal - Capital Federal
VW Polo,Volkswagen Polo 1.0 Tsi 170 Comfortline At,33490000.0,$,2026,0 Km,Capital Federal - Capital Federal
VW Polo,Volkswagen Polo Comfortline,30200000.0,$,2025,0 Km,Capital Federal - Capital Federal
VW Polo,Volkswagen Polo 1.6 Msi Track,27420000.0,$,2026,0 Km,José C. Paz - Bs.As. G.B.A. Norte
VW Polo,Volkswagen Polo 1.6 Msi Track,27490000.0,$,2026,500 Km,Pilar - Bs.As. G.B.A. Norte
VW Polo,Volkswagen Polo 1.6 Msi Track,27000000.0,$,2026,1.700 Km,Morón - Bs.As. G.B.A. Oeste
VW Polo,Volkswagen Polo 1.0 Tsi 170 Comfortline At,31990000.0,$,2026,0 Km,Escobar - Bs.As. G.B.A. Norte
VW Polo,Volkswagen Polo 1.6 Msi Track,28900000.0,$,2026,0 Km,Navarro - Buenos Aires Interior
VW Polo,Volkswagen Polo 1.6 Msi Track,25100000.0,$,2026,0 Km,Capital Federal - Capital Federal
VW Polo,Volkswagen Polo 1.6 Msi Track,26900000.0,$,2026,0 Km,San Isidro - Bs.As. G.B.A. Norte
VW Polo,Volkswagen Polo 1.6 Msi Track,25200000.0,$,2026,0 Km,San Isidro - Bs.As. G.B.A. Norte
VW Polo,Volkswagen Polo 1.0 Tsi 170 Highline At,39200000.0,$,2026,0 Km,San Isidro - Bs.As. G.B.A. Norte
VW Polo,Volkswagen Polo 1.0 Tsi 170 Highline At,25500.0,US$,2025,0 Km,San Isidro - Bs.As. G.B.A. Norte
VW Polo,Volkswagen Polo 1.6 Msi Trendline At,23500000.0,$,2021,56.000 Km,Capital Federal - Capital Federal
VW Polo,Volkswagen Polo 1.6 Msi Track,25750000.0,$,2026,0 Km,San Isidro - Bs.As. G.B.A. Norte
VW Polo,Volkswagen Polo 1.6 Msi Track,25000000.0,$,2026,1.111.111 Km,Caseros - Bs.As. G.B.A. Oeste
VW Polo,Volkswagen Polo 1.0 Tsi 170 Highline At,35900000.0,$,2026,12.000 Km,Vicente López - Bs.As. G.B.A. Norte
VW Polo,Volkswagen Polo 1.6 Msi Highline At,17500.0,US$,2019,24.957 Km,Capital Federal - Capital Federal
VW Polo,Volkswagen Polo 1.0 Tsi 170 Highline At,38400000.0,$,2026,0 Km,Capital Federal - Capital Federal
VW Polo,Volkswagen Polo 1.0 Tsi 170 Highline At,38900000.0,$,2026,0 Km,Avellaneda - Bs.As. G.B.A. Sur
VW Polo,Volkswagen Polo 1.0 Tsi 170 Highline At,40100000.0,$,2026,0 Km,San Isidro - Bs.As. G.B.A. Norte
VW Polo,Volkswagen Polo 1.6 Comfortline,14500000.0,$,2017,131.000 Km,San Isidro - Bs.As. G.B.A. Norte
VW Polo,Volkswagen Polo 1.6 Msi Trendline At,15300.0,US$,2019,90.000 Km,Campana - Buenos Aires Interior
VW Polo,Volkswagen Polo 1.0 Tsi 170 Comfortline At,33490000.0,$,2026,1.000 Km,Pilar - Bs.As. G.B.A. Norte
VW Polo,Volkswagen Polo 1.6 Msi Trendline,21000000.0,$,2019,87.000 Km,La Matanza - Bs.As. G.B.A. Oeste
VW Polo,Volkswagen Polo 1.6 Msi Track,28300000.0,$,2025,0 Km,Tigre - Bs.As. G.B.A. Norte
VW Polo,Volkswagen Polo 1.0 Tsi 170 Highline At,36000000.0,$,2026,0 Km,Capital Federal - Capital Federal
VW Polo,Volkswagen Polo 1.6 Msi Track,25300000.0,$,2025,0 Km,Capital Federal - Capital Federal
VW Polo,Volkswagen Polo 1.6 Msi Highline,19900000.0,$,2018,139.000 Km,Capital Federal - Capital Federal
VW Polo,Volkswagen Polo 1.6 Msi Comfortline,20600000.0,$,2021,83.000 Km,Moreno - Bs.As. G.B.A. Oeste
VW Polo,Volkswagen Polo 1.0 Tsi 170 Highline At,37000000.0,$,2025,0 Km,Capital Federal - Capital Federal
VW Polo,Volkswagen Polo 1.0 Tsi 170 Highline At,37000000.0,$,2025,0 Km,Capital Federal - Capital Federal
VW Polo,Volkswagen Polo 1.6 Msi Mt,16800.0,US$,2024,26.400 Km,Capital Federal - Capital Federal
VW Polo,Volkswagen Polo 1.0 Tsi 170 Highline At,37500000.0,$,2026,0 Km,San Fernando - Bs.As. G.B.A. Norte
VW Polo,Volkswagen Polo Comfortline 170tsi At My25 Ab,33300000.0,$,2025,0 Km,Capital Federal - Capital Federal
VW Polo,Volkswagen Polo 1.6 Msi Track,26500000.0,$,2026,1.111 Km,Vicente López - Bs.As. G.B.A. Norte
VW Polo,Volkswagen Polo 1.0 Tsi 170 Comfortline At,35300000.0,$,2026,0 Km,San Isidro - Bs.As. G.B.A. Norte
VW Polo,Volkswagen Polo 1.0 Tsi 170 Comfortline At,32300000.0,$,2026,0 Km,San Isidro - Bs.As. G.B.A. Norte
VW Polo,Volkswagen Polo 1.0 Tsi 170 Highline At,36990000.0,$,2026,0 Km,Escobar - Bs.As. G.B.A. Norte
VW Polo,Volkswagen Polo 1.6 Comfortline,18900000.0,$,2018,72.000 Km,Capital Federal - Capital Federal
VW Polo,Volkswagen Polo Comfortline,33000000.0,$,2025,0 Km,Capital Federal - Capital Federal
VW Polo,Volkswagen Polo 1.6 Msi Track,24500000.0,$,2026,0 Km,Capital Federal - Capital Federal
VW Polo,Volkswagen Polo Highline 170tsi,33776000.0,$,2025,0 Km,Capital Federal - Capital Federal
VW Polo,Volkswagen Polo 1.0 170 Tsi Comfortline Auto,34370000.0,$,2025,8.234 Km,Capital Federal - Capital Federal
VW Polo,Volkswagen Polo 1.0 Tsi 170 Comfortline At,21290.0,US$,2025,1.500 Km,San Isidro - Bs.As. G.B.A. Norte
VW Polo,Volkswagen Polo 1.6 Comfortline,13500.0,US$,2018,120.400 Km,La Plata - Bs.As. G.B.A. Sur
VW Polo,Volkswagen Polo 1.0 Tsi 170 Comfortline At,34900000.0,$,2025,0 Km,Avellaneda - Bs.As. G.B.A. Sur
VW Polo,Volkswagen Polo 1.6 Msi Comfort Plus,18300.0,US$,2024,13.900 Km,Tigre - Bs.As. G.B.A. Norte
VW Polo,Volkswagen Polo 1.6 Msi Track,25900000.0,$,2025,0 Km,Capital Federal - Capital Federal
VW Polo,Volkswagen Polo 1.6 Msi Comfort Plus,32900000.0,$,2023,0 Km,Tigre - Bs.As. G.B.A. Norte
VW Polo,Volkswagen Polo 1.6 Msi Track,25200000.0,$,2025,0 Km,San Isidro - Bs.As. G.B.A. Norte
VW Polo,Volkswagen Polo Comfortline 170 Tsi,28600000.0,$,2025,0 Km,Quilmes - Bs.As. G.B.A. Sur
VW Polo,Volkswagen Polo 1.6 Msi Highline At,25200000.0,$,2020,45.000 Km,Capital Federal - Capital Federal
VW Polo,Volkswagen Polo 1.6 Msi Track,26100000.0,$,2025,0 Km,Capital Federal - Capital Federal
VW Polo,Volkswagen Polo 1.6 Msi Trend My23,23750000.0,$,2023,24.000 Km,Capital Federal - Capital Federal
VW Polo,Volkswagen Polo 1.6 Msi Trendline,24500000.0,$,2023,50.347 Km,Escobar - Bs.As. G.B.A. Norte
VW Polo,Volkswagen Polo 1.0 Tsi 170 Comfortline At,33500710.0,$,2026,0 Km,San Isidro - Bs.As. G.B.A. Norte
VW Polo,Volkswagen Polo 1.6 Msi Mt,25900000.0,$,2025,13.500 Km,Capital Federal - Capital Federal
VW Polo,Volkswagen Polo 1.6 Msi Track,26900000.0,$,2025,0 Km,Avellaneda - Bs.As. G.B.A. Sur
VW Polo,Volkswagen Polo 1.6 Msi Track,26300000.0,$,2025,0 Km,Tigre - Bs.As. G.B.A. Norte
VW Polo,Volkswagen Polo 1.0 Tsi 170 Highline At,34900000.0,$,2026,0 Km,Tigre - Bs.As. G.B.A. Norte
VW Polo,Volkswagen Polo 1.6 Msi Comfort Plus At,16500000.0,$,2018,252.000 Km,Monte - Buenos Aires Interior
VW Polo,Volkswagen Polo 1.6 L/18 Trendline 5 P Tip,19500000.0,$,2018,74.000 Km,Vicente López - Bs.As. G.B.A. Norte
VW Polo,Volkswagen Polo 1.6 Msi Comfort Plus At,21500000.0,$,2019,85.000 Km,Vicente López - Bs.As. G.B.A. Norte
VW Polo,Volkswagen Polo 1.6 Msi Track,26200000.0,$,2026,0 Km,Moreno - Bs.As. G.B.A. Oeste
VW Polo,Volkswagen Polo 1.6 Msi Track,24200000.0,$,2024,33.500 Km,Vicente López - Bs.As. G.B.A. Norte
VW Polo,Volkswagen Polo 1.6 Msi Track,24600000.0,$,2024,9.000 Km,Capital Federal - Capital Federal
VW Polo,Volkswagen Polo 1.6 Msi Highline At,14500.0,US$,2018,98.000 Km,San Isidro - Bs.As. G.B.A. Norte
VW Polo,Volkswagen Polo 1.0 Tsi 170 Highline At,32700000.0,$,2026,0 Km,Capital Federal - Capital Federal
VW Polo,Volkswagen Polo 1.6 Msi Trendline,13800.0,US$,2022,39.000 Km,Berazategui - Bs.As. G.B.A. Sur
VW Polo,Volkswagen Polo 1.6 Msi Comfortline,14900.0,US$,2019,67.000 Km,Capital Federal - Capital Federal
VW Polo,Volkswagen Polo 1.6 Msi Comfortline,20200000.0,$,2018,72.200 Km,Capital Federal - Capital Federal
VW Polo,Volkswagen Polo 1.0 Tsi 170 Highline At,39000017.0,$,2026,0 Km,Capital Federal - Capital Federal
VW Polo,Volkswagen Polo 1.6 Msi Track,25000000.0,$,2024,30.000 Km,Tigre - Bs.As. G.B.A. Norte
VW Polo,Volkswagen Polo 1.6 Msi Track,26900000.0,$,2025,1.111 Km,Quilmes - Bs.As. G.B.A. Sur
VW Polo,Volkswagen Polo 1.6 Msi Trendline,24500000.0,$,2023,34.000 Km,Capital Federal - Capital Federal
VW Polo,Volkswagen Polo 1.6 Msi Track,24100000.0,$,2024,46.100 Km,Capital Federal - Capital Federal
VW Polo,Volkswagen Polo Comfortline 170 Tsi,28500000.0,$,2025,0 Km,Capital Federal - Capital Federal
VW Polo,Volkswagen Polo 1.6 Msi Track,26298000.0,$,2026,0 Km,Malvinas Argentinas - Bs.As. G.B.A. Norte
VW Polo,Volkswagen Polo 1.0 Tsi 170 Comfortline At,29800000.0,$,2025,10.000 Km,Pilar - Bs.As. G.B.A. Norte
VW Polo,Volkswagen Polo 1.6 Msi Comfortline,22800000.0,$,2023,65.000 Km,Ituzaingó - Bs.As. G.B.A. Oeste
VW Polo,Volkswagen Polo 1.6 Comfortline,14500000.0,$,2017,145.000 Km,Lomas De Zamora - Bs.As. G.B.A. Sur
VW Polo,Volkswagen Polo 1.6 Msi Track,29701800.0,$,2026,1.003 Km,Malvinas Argentinas - Bs.As. G.B.A. Norte
VW Polo,Volkswagen Polo Comfortline 170tsi At,33000000.0,$,2026,0 Km,Capital Federal - Capital Federal
VW Polo,Volkswagen Polo 1.6 Msi Highline At,14000.0,US$,2018,127.000 Km,Capital Federal - Capital Federal
VW Polo,Volkswagen Polo Comfortline 170tsi At,33000000.0,$,2026,0 Km,Capital Federal - Capital Federal
VW Polo,Volkswagen Polo 1.6 Msi Track,25900000.0,$,2025,0 Km,Hurlingham - Bs.As. G.B.A. Oeste
VW Polo,Volkswagen Polo 1.6 Msi Comfortline,14500.0,US$,2018,70.000 Km,Capital Federal - Capital Federal
VW Polo,Volkswagen Polo 1.6 Msi Trendline At,14800.0,US$,2018,110.400 Km,San Isidro - Bs.As. G.B.A. Norte
VW Polo,Volkswagen Polo 1.6 Msi Trendline,20700000.0,$,2019,59.000 Km,Capital Federal - Capital Federal
VW Polo,Volkswagen Polo 1.6 Comfortline,13500000.0,$,2016,188.000 Km,Vicente López - Bs.As. G.B.A. Norte
VW Polo,Volkswagen Polo 1.6 Msi Highline At,26500000.0,$,2021,34.500 Km,Castelar - Bs.As. G.B.A. Oeste
VW Polo,Volkswagen Polo 1.0 Tsi 170 Comfortline At,23000.0,US$,2025,2.500 Km,San Isidro - Bs.As. G.B.A. Norte
VW Polo,Volkswagen Polo 1.6 Comfortline Tiptronic,15900000.0,$,2016,91.000 Km,Belén De Escobar - Província De Buenos Aires
VW Polo,Volkswagen Polo 1.6 Msi Trendline,20500000.0,$,2020,90.000 Km,General San Martín - Bs.As. G.B.A. Norte
VW Polo,Volkswagen Polo 1.6 Comfortline Tiptronic,15500000.0,$,2016,195.000 Km,Ezeiza - Bs.As. G.B.A. Sur
VW Polo,Volkswagen Polo 1.6 Msi Comfortline,18000000.0,$,2019,82.752 Km,Capital Federal - Capital Federal
VW Polo,Volkswagen Polo 1.6 Msi Comfortline,26500000.0,$,2024,14.000 Km,Capital Federal - Capital Federal
VW Polo,Volkswagen Polo 1.6 Msi Track,24650000.0,$,2026,0 Km,Capital Federal - Capital Federal
VW Polo,Volkswagen Polo 1.6 Msi Track,24500000.0,$,2026,0 Km,Capital Federal - Capital Federal
VW Polo,Volkswagen Polo 1.6 Msi Track,25500000.0,$,2025,0 Km,Vicente López - Bs.As. G.B.A. Norte
VW Polo,Volkswagen Polo 1.0 Tsi 170 Highline At,37490000.0,$,2026,0 Km,Escobar - Bs.As. G.B.A. Norte
VW Polo,Volkswagen Polo 1.0 Tsi 170 Comfortline At,32900000.0,$,2026,0 Km,Capital Federal - Capital Federal
VW Polo,Volkswagen Polo 1.6 Msi Highline At,21500000.0,$,2018,126.000 Km,General San Martín - Bs.As. G.B.A. Norte
VW Polo,Volkswagen Polo 1.6 Msi Highline At,20500.0,US$,2021,50.000 Km,Capital Federal - Capital Federal
VW Polo,Volkswagen Polo 1.0 Tsi 170 Highline At,34500000.0,$,2026,0 Km,Tigre - Bs.As. G.B.A. Norte
VW Polo,Volkswagen Polo 1.6 Msi Trendline At,19800000.0,$,2018,70.000 Km,Capital Federal - Capital Federal
VW Polo,Volkswagen Polo 1.6 Msi Highline At,23500000.0,$,2020,91.400 Km,Caseros - Bs.As. G.B.A. Oeste
VW Polo,Volkswagen Polo 1.6 Msi Track,26100000.0,$,2026,0 Km,Capital Federal - Capital Federal
VW Polo,Volkswagen Polo 1.6 Msi Highline At,16700.0,US$,2020,98.000 Km,Capital Federal - Capital Federal
VW Polo,Volkswagen Polo 1.0 Tsi 170 Highline At,33656600.0,$,2025,0 Km,Capital Federal - Capital Federal
VW Polo,Volkswagen Polo 1.6 Msi Track,24500000.0,$,2024,16.000 Km,Pilar - Bs.As. G.B.A. Norte
VW Polo,Volkswagen Polo 1.6 Msi Comfortline,13800.0,US$,2018,81.100 Km,Ituzaingó - Bs.As. G.B.A. Oeste
VW Polo,Volkswagen Polo 1.6 Msi Track,25000000.0,$,2025,0 Km,Capital Federal - Capital Federal
VW Gol,Volkswagen Gol 1.4 Power Ps+ac 83cv,7000.0,US$,2012,133.000 Km,Vicente López - Bs.As. G.B.A. Norte
VW Gol,Volkswagen Gol 1.6 I Power 601,7500000.0,$,2007,190.000 Km,Hurlingham - Bs.As. G.B.A. Oeste
VW Gol,Volkswagen Gol 1.6 Trendline,3500.0,US$,2004,217.000 Km,San Isidro - Bs.As. G.B.A. Norte
VW Gol,Volkswagen Gol Gol Gti 2.0,7000.0,US$,1997,165.000 Km,Capital Federal - Capital Federal
VW Gol,Volkswagen Gol 1.6 I Power 601,5400000.0,$,2005,300.000 Km,San Miguel - Bs.As. G.B.A. Norte
VW Gol,Volkswagen Gol 1.6,4200.0,US$,2005,161.500 Km,Vicente López - Bs.As. G.B.A. Norte
VW Gol,Volkswagen Gol 1.6 Gl Mi,6000.0,US$,1999,161.000 Km,Vicente López - Bs.As. G.B.A. Norte
VW Gol,Volkswagen Gol 1.4 Power 83cv,5700.0,US$,2012,153.000 Km,Ituzaingó - Bs.As. G.B.A. Oeste
VW Gol,Volkswagen Gol 1.4 Power Ps+ac 83cv,9900000.0,$,2012,95.000 Km,Capital Federal - Capital Federal
VW Gol,Volkswagen Gol 1.4 Power Ps+ac 83cv,11500000.0,$,2012,151.000 Km,Lanús - Bs.As. G.B.A. Sur
VW Gol,Volkswagen Gol 1.6 Gl,4000000.0,$,1992,170.000 Km,Quilmes - Bs.As. G.B.A. Sur
VW Gol,Volkswagen Gol 1.4 Power Ps+ac 83cv,5900.0,US$,2011,170.000 Km,Lomas De Zamora - Bs.As. G.B.A. Sur
VW Gol,Volkswagen Gol 1.6 I Power 601,5600.0,US$,2006,120.000 Km,San Fernando - Bs.As. G.B.A. Norte
VW Gol,Volkswagen Gol 1.6 I Power 701,7000000.0,$,2010,179.000 Km,Capital Federal - Capital Federal
VW Gol,Volkswagen Gol 1.4 Power 83cv,8700000.0,$,2012,131.500 Km,San Isidro - Bs.As. G.B.A. Norte
VW Gol,Volkswagen Gol 1.4 Power Ps+ac 83cv,6200000.0,$,2013,130.000 Km,Lanús - Bs.As. G.B.A. Sur
VW Gol,Volkswagen Gol 1.4 Power 83cv 3 P,6300.0,US$,2013,143.000 Km,Capital Federal - Capital Federal
VW Gol,Volkswagen Gol 1.6 I Power 601,8280000.0,$,2008,181.900 Km,Cañuelas - Buenos Aires Interior
VW Gol,Volkswagen Gol 1.6 Trendline,11900000.0,$,2011,120.000 Km,Capital Federal - Capital Federal
VW Gol,Volkswagen Gol 1.6 5 P Trendline L/19,16500000.0,$,2021,63.000 Km,Vicente López - Bs.As. G.B.A. Norte
VW Gol,Volkswagen Gol 1.6 Mi Dublin Dh Aa Pack,6400000.0,$,2002,150.000 Km,Hurlingham - Bs.As. G.B.A. Oeste
VW Gol,Volkswagen Gol 1.6 I Power 701,8700000.0,$,2011,155.000 Km,Caseros - Bs.As. G.B.A. Oeste
VW Gol,Volkswagen Gol 1.6 I Power 701,8500000.0,$,2010,150.000 Km,San Miguel - Bs.As. G.B.A. Norte
VW Gol,Volkswagen Gol 1.4 Power 83cv,7500000.0,$,2013,150.000 Km,Lomas De Zamora - Bs.As. G.B.A. Sur
VW Gol,Volkswagen Gol 1.6 Comfortline,8010000.0,$,2009,123.000 Km,Tigre - Bs.As. G.B.A. Norte
VW Gol,Volkswagen Gol 1.6 Comfortline 5p,10500.0,US$,2018,131.000 Km,Capital Federal - Capital Federal
VW Gol,Volkswagen Gol 1.4 Power 83cv,8200000.0,$,2012,196.000 Km,Tigre - Bs.As. G.B.A. Norte
VW Gol,Volkswagen Gol Sedan 5 Puertas - 1.4,8500.0,US$,2013,48.200 Km,Capital Federal - Capital Federal
VW Gol,Volkswagen Gol 1.4 Power Ps+ac 83cv,12000000.0,$,2011,65.000 Km,Malvinas Argentinas - Bs.As. G.B.A. Norte
VW Gol,Volkswagen Gol 1.4 Power Ps+ac 83cv,8700000.0,$,2012,105.000 Km,San Fernando - Bs.As. G.B.A. Norte
VW Gol,Volkswagen Gol 1.4 Power Ps+ac 83cv,6300.0,US$,2011,138.000 Km,Capital Federal - Capital Federal
VW Gol,Volkswagen Gol 1.6 Trendline 5 P,18000000.0,$,2019,83.000 Km,La Plata - Bs.As. G.B.A. Sur
VW Gol,Volkswagen Gol 1.4 Power Ps+ac 83cv,11000000.0,$,2014,92.000 Km,Vicente López - Bs.As. G.B.A. Norte
VW Gol,Volkswagen Gol Trend 1.6 5 P L/13 Trendlin,13200000.0,$,2015,77.000 Km,Vicente López - Bs.As. G.B.A. Norte
VW Gol,Volkswagen Gol 1.6 Trend Trendline 5p L16,20400000.0,$,2021,53.762 Km,General San Martín - Bs.As. G.B.A. Norte
VW Gol,Volkswagen Gol 1.4 Power 83cv 3 P,7300.0,US$,2013,129.700 Km,La Matanza - Bs.As. G.B.A. Oeste
VW Gol,Volkswagen Gol 1.6 Plus Mi,7500.0,US$,1999,30.000 Km,Moreno - Bs.As. G.B.A. Oeste
VW Gol,Volkswagen Gol Gol Trend 5p Trendline 1.6,12900000.0,$,2015,130.000 Km,Capital Federal - Capital Federal
VW Gol,Volkswagen Gol 1.6 I Power 601,8500000.0,$,2005,140.000 Km,Pilar - Bs.As. G.B.A. Norte
VW Gol,Volkswagen Gol 1.6 5 Puertas,5600.0,US$,2004,139.000 Km,Avellaneda - Bs.As. G.B.A. Sur
VW Gol,Volkswagen Gol 1.6 I Power 601,6300.0,US$,2009,92.000 Km,Berazategui - Bs.As. G.B.A. Sur
VW Gol,Volkswagen Gol 1.4 Power Ps+ac 83cv,10000000.0,$,2012,93.095 Km,Capital Federal - Capital Federal
VW Gol,Volkswagen Gol 1.4 L Sedán 3 Ptas,7500.0,US$,2012,45.900 Km,Berazategui - Bs.As. G.B.A. Sur
VW Gol,Volkswagen Gol 1.6 I Power 701,15700.0,US$,2009,98.000 Km,Campana - Buenos Aires Interior
VW Gol,Volkswagen Gol 1.4 Power 83cv 3 P,9000000.0,$,2013,150.000 Km,Quilmes - Bs.As. G.B.A. Sur
VW Gol,Volkswagen Gol 1.6 I Comfortline 60a,6500000.0,$,2006,300.000 Km,Moreno - Bs.As. G.B.A. Oeste
VW Gol,Volkswagen Gol 1.4l,10500000.0,$,2013,143.870 Km,Escobar - Bs.As. G.B.A. Norte
VW Gol,Volkswagen Gol 1.9 Sd Dublin Dh Aa,5250000.0,$,2000,229.000 Km,Capital Federal - Capital Federal
VW Gol,Volkswagen Gol 1.4 Power Ps+ac 83cv,9700000.0,$,2013,124.000 Km,La Plata - Bs.As. G.B.A. Sur
VW Gol,Volkswagen Gol 1.6 Gl,3500.0,US$,1994,1.000 Km,Moreno - Bs.As. G.B.A. Oeste
VW Gol,Volkswagen Gol 1.4 Power Ps+ac 83cv,9500000.0,$,2011,130.000 Km,Lanús - Bs.As. G.B.A. Sur
VW Gol,Volkswagen Gol 1.9 Sd Trendline,8500000.0,$,2004,225.000 Km,Capital Federal - Capital Federal
VW Gol,Volkswagen Gol 1.4 Power Ps+ac 83cv,6800.0,US$,2012,117.000 Km,General San Martín - Bs.As. G.B.A. Norte
VW Gol,Volkswagen Gol 1.6 I Power 701,7100.0,US$,2011,77.700 Km,Lomas De Zamora - Bs.As. G.B.A. Sur
VW Gol,Volkswagen Gol 1.4 Power 83cv 3 P,6800.0,US$,2013,117.000 Km,General San Martín - Bs.As. G.B.A. Norte
VW Gol,Volkswagen Gol 1.0 Gl Mi,5000000.0,$,1999,116.000 Km,Capital Federal - Capital Federal
VW Gol,Volkswagen Gol 1.4 Power Ps+ac 83cv,8500000.0,$,2011,166.500 Km,Vicente López - Bs.As. G.B.A. Norte
VW Gol,Volkswagen Gol 1.6 I Power 701 5p,8700000.0,$,2011,180.000 Km,Capital Federal - Capital Federal
VW Gol,Volkswagen Gol 1.4 Power 83cv,9400000.0,$,2014,139.000 Km,Vicente López - Bs.As. G.B.A. Norte
VW Gol,Volkswagen Gol 1.6 I Power 701,7900000.0,$,2010,86.000 Km,General San Martín - Bs.As. G.B.A. Norte
VW Gol,Volkswagen Gol 1.6 Gl Mi,3600.0,US$,1998,370.000 Km,Malvinas Argentinas - Bs.As. G.B.A. Norte
VW Gol,Volkswagen Gol 1.4 Power 83cv 3 P,9900000.0,$,2013,130.000 Km,Lanús - Bs.As. G.B.A. Sur
VW Gol,Volkswagen Gol 1.6 I Power 601,8500000.0,$,2008,129.000 Km,Capital Federal - Capital Federal
VW Gol,Volkswagen Gol 1.4 Power 83cv 3 P,9500000.0,$,2013,71.800 Km,La Matanza - Bs.As. G.B.A. Oeste
VW Gol,Volkswagen Gol 1.6 I Power 601,4500.0,US$,2005,200.000 Km,Vicente López - Bs.As. G.B.A. Norte
VW Gol,Volkswagen Gol 1.4 Power Ps+ac 83cv,6200.0,US$,2012,117.500 Km,Capital Federal - Capital Federal
VW Gol,Volkswagen Gol 1.4 Power Ps+ac 83cv,6200.0,US$,2012,117.500 Km,La Matanza - Bs.As. G.B.A. Oeste
VW Gol,Volkswagen Gol 1.6 3 Puertas Naftero,4000000.0,$,2004,270.000 Km,La Plata - Bs.As. G.B.A. Sur
VW Gol,Volkswagen Gol 1.6 I Power 601,8000000.0,$,2007,163.000 Km,Lobos - Buenos Aires Interior
VW Gol,Volkswagen Gol 1.6 I Power 701,9700000.0,$,2011,120.000 Km,Capital Federal - Capital Federal
VW Gol,Volkswagen Gol Gol Trend 1.6 5p,15900000.0,$,2017,67.900 Km,Capital Federal - Capital Federal
VW Gol,Volkswagen Gol 1.6 Gl Aa,7000.0,US$,1993,192.000 Km,Capital Federal - Capital Federal
VW Gol,Volkswagen Gol 1.6 Dublin,6500000.0,$,2004,219.000 Km,La Plata - Bs.As. G.B.A. Sur
VW Gol,Volkswagen Gol 1.0 Gl Mi Plus,5500.0,US$,1999,140.000 Km,Capital Federal - Capital Federal
VW Gol,Volkswagen Gol 1.4 Power 83cv,6700000.0,$,2011,157.000 Km,Avellaneda - Bs.As. G.B.A. Sur
VW Gol,Volkswagen Gol 1.6 I Trendline 60b,7400000.0,$,2006,176.000 Km,Morón - Bs.As. G.B.A. Oeste
VW Gol,Volkswagen Gol 1.8 Gl Aa,8900000.0,$,1996,110.000 Km,Avellaneda - Bs.As. G.B.A. Sur
VW Gol,Volkswagen Gol 1.6 I Comfortline 60a,9500000.0,$,2008,180.000 Km,Capital Federal - Capital Federal
VW Gol,Volkswagen Gol 1.6 I Power 601,7205000.0,$,2009,175.000 Km,Capital Federal - Capital Federal
VW Gol,Volkswagen Gol 1.6 I Power 601,7500000.0,$,2007,166.700 Km,San Isidro - Bs.As. G.B.A. Norte
VW Gol,Volkswagen Gol 1.6 Mi Deejay,6800000.0,$,2003,174.000 Km,Capital Federal - Capital Federal
VW Gol,Volkswagen Gol 1.8 Gl,12500.0,US$,1992,20.000 Km,Capital Federal - Capital Federal
VW Gol,Volkswagen Gol 1.4 Power 83cv,10000000.0,$,2013,145.170 Km,Escobar - Bs.As. G.B.A. Norte
VW Gol,Volkswagen Gol 1.6 I Power 601,6500.0,US$,2008,84.239 Km,Capital Federal - Capital Federal
VW Gol,Volkswagen Gol 1.6 Mi Dublin,7000000.0,$,1999,216.315 Km,La Matanza - Bs.As. G.B.A. Oeste
VW Gol,Volkswagen Gol 1.6 I Power 601,9000000.0,$,2009,115.000 Km,Lomas De Zamora - Bs.As. G.B.A. Sur
VW Gol,Volkswagen Gol 1.9 Sd Dublin Dh Aa,6600000.0,$,2002,170.000 Km,Luján - Buenos Aires Interior
VW Gol,Volkswagen Gol 1.6 I Power 601,7500000.0,$,2008,146.000 Km,San Miguel - Bs.As. G.B.A. Norte
VW Gol,Volkswagen Gol 1.6 I Power 601 3 P,7000000.0,$,2006,120.000 Km,Merlo - Bs.As. G.B.A. Oeste
VW Gol,Volkswagen Gol 1.4 Power Ps+ac 83cv,9200000.0,$,2012,149.000 Km,Almirante Brown - Bs.As. G.B.A. Sur
VW Gol,Volkswagen Gol 1.4 Power Ps+ac 83cv,9500000.0,$,2012,122.000 Km,Mercedes - Buenos Aires Interior
VW Gol,Volkswagen Gol 1.4 Power Ps+ac 83cv,10000000.0,$,2012,168.000 Km,Lanús - Bs.As. G.B.A. Sur
VW Gol,Volkswagen Gol 1.4 Power Ps+ac 83cv,9700000.0,$,2012,138.000 Km,Lomas De Zamora - Bs.As. G.B.A. Sur
VW Gol,Volkswagen Gol 1.4 Power Ps+ac 83cv,9300000.0,$,2012,152.000 Km,Almirante Brown - Bs.As. G.B.A. Sur
VW Gol,Volkswagen Gol 1.6 I Power 601 3 P,7000000.0,$,2006,150.000 Km,Capital Federal - Capital Federal
VW Gol,Volkswagen Gol 1.4 Power 83cv,8500000.0,$,2011,164.000 Km,Lomas De Zamora - Bs.As. G.B.A. Sur
VW Gol,Volkswagen Gol 1.6 I Power 701,7200000.0,$,2010,230.000 Km,Lanús - Bs.As. G.B.A. Sur
VW Gol,Volkswagen Gol 1.4 Power 83cv 3 P,9400000.0,$,2013,119.000 Km,Avellaneda - Bs.As. G.B.A. Sur
VW Gol,Volkswagen Gol 1.6 I Power 601,6000.0,US$,2009,150.000 Km,Capital Federal - Capital Federal
VW Gol,Volkswagen Gol 1.6 I Power 701,7500000.0,$,2011,170.000 Km,Capital Federal - Capital Federal
VW Gol,Volkswagen Gol Trend Msi,15000000.0,$,2017,58.000 Km,Capital Federal - Capital Federal
VW Gol,Volkswagen Gol 1.4 Power 83cv,7000.0,US$,2014,126.000 Km,Capital Federal - Capital Federal
VW Gol,Volkswagen Gol 1.4 Power 83cv,9700000.0,$,2014,102.000 Km,Tigre - Bs.As. G.B.A. Norte
VW Gol,Volkswagen Gol 1.4 Power 83cv,9500000.0,$,2012,120.000 Km,Capital Federal - Capital Federal
VW Gol,Volkswagen Gol 1.4 Power 83cv,9400000.0,$,2012,91.600 Km,Capital Federal - Capital Federal
VW Gol,Volkswagen Gol 1.6 I Power 601,6750000.0,$,2007,172.000 Km,La Matanza - Bs.As. G.B.A. Oeste
VW Gol,Volkswagen Gol 1.6 I Comfortline 60a,6000000.0,$,2006,252.249 Km,Capital Federal - Capital Federal
VW Gol,Volkswagen Gol Gol Trend Trendline 1.6 Gas101 Cv Mq,16900000.0,$,2021,72.200 Km,Capital Federal - Capital Federal
VW Gol,Volkswagen Gol 1.4 Power Ps+ac 83cv,9000000.0,$,2012,130.000 Km,General San Martín - Bs.As. G.B.A. Norte
VW Gol,Volkswagen Gol 1.4 Power Ps+ac 83cv,8500.0,US$,2012,213.000 Km,Capital Federal - Capital Federal
VW Gol,Volkswagen Gol 1.4 Power Ps+ac 83cv,11000000.0,$,2012,134.000 Km,San Miguel - Bs.As. G.B.A. Norte
VW Gol,Volkswagen Gol 1.4 Power Ps+ac 83cv,6000.0,US$,2013,115.000 Km,Lanús - Bs.As. G.B.A. Sur
VW Gol,Volkswagen Gol 1.4 Power Ps+ac 83cv,9000000.0,$,2014,165.000 Km,La Plata - Bs.As. G.B.A. Sur
VW Gol,Volkswagen Gol 1.6 I Look 70l,9000000.0,$,2007,160.000 Km,Moreno - Bs.As. G.B.A. Oeste
VW Gol,Volkswagen Gol 1.4 Power 83cv,8500000.0,$,2014,170.000 Km,General San Martín - Bs.As. G.B.A. Norte
VW Gol,Volkswagen Gol 1.4 Power 83cv,8500000.0,$,2014,180.000 Km,San Miguel - Bs.As. G.B.A. Norte
VW Gol,Volkswagen Gol 1.6 I Power 601,4000000.0,$,2008,300.000 Km,Capital Federal - Capital Federal
VW Gol,Volkswagen Gol 1.4 Power 83cv,9800000.0,$,2012,194.000 Km,Escobar - Bs.As. G.B.A. Norte
VW Gol,Volkswagen Gol 1.4 Power 83cv,10000000.0,$,2012,114.000 Km,Merlo - Bs.As. G.B.A. Oeste
VW Gol,Volkswagen Gol 1.4 Power 83cv,6500.0,US$,2012,90.000 Km,Vicente López - Bs.As. G.B.A. Norte
VW Gol,Volkswagen Gol 1.6 I Power 601 3 P,5500000.0,$,2006,195.000 Km,Campana - Buenos Aires Interior
VW Gol,Volkswagen Gol 1.4 Power 83cv 3 P,9700000.0,$,2013,147.000 Km,Ituzaingó - Bs.As. G.B.A. Oeste
VW Gol,Volkswagen Gol 1.6 I Power 601 3 P,6900000.0,$,2006,160.000 Km,Tres De Febrero - Bs.As. G.B.A. Oeste
VW Gol,Volkswagen Gol 1.4 Power Ps+ac 83cv,10500000.0,$,2012,116.000 Km,Almirante Brown - Bs.As. G.B.A. Sur
VW Gol,Volkswagen Gol 1.4 Power 83cv,9500000.0,$,2012,144.000 Km,Quilmes - Bs.As. G.B.A. Sur
VW Gol,Volkswagen Gol 1.6 I Power 701,7499000.0,$,2011,170.000 Km,Capital Federal - Capital Federal
VW Gol,Volkswagen Gol 1.0 Gl Mi Plus,4500000.0,$,1999,200.000 Km,Almirante Brown - Bs.As. G.B.A. Sur
VW Gol,Volkswagen Gol 1.4 Power 83cv 3 P,10500000.0,$,2013,114.000 Km,Capital Federal - Capital Federal
VW Gol,Volkswagen Gol 1.4 Power Ps+ac 83cv,8850000.0,$,2012,146.350 Km,Morón - Bs.As. G.B.A. Oeste
VW Gol,Volkswagen Gol 1.6 Plus Mi,4950000.0,$,1998,139.000 Km,Capital Federal - Capital Federal
VW Gol,Volkswagen Gol 1.4 Power 83cv 5 P,10500000.0,$,2014,125.000 Km,Tigre - Bs.As. G.B.A. Norte
VW Gol,Volkswagen Gol 1.4 Power Ps+ac 83cv,7500.0,US$,2012,82.900 Km,Capital Federal - Capital Federal
VW Gol,Volkswagen Gol 1.4 Power 83cv,8900000.0,$,2012,114.000 Km,Merlo - Bs.As. G.B.A. Oeste
VW Gol,Volkswagen Gol 1.4 Power Ps+ac 83cv,7200000.0,$,2013,186.000 Km,Hurlingham - Bs.As. G.B.A. Oeste
VW Gol,Volkswagen Gol 1.4 Power 83cv 3 P,10300000.0,$,2013,173.000 Km,Quilmes - Bs.As. G.B.A. Sur
VW Gol,Volkswagen Gol 1.6 I Power 601 3 P,5500000.0,$,2006,120.000 Km,La Matanza - Bs.As. G.B.A. Oeste
VW Gol,Volkswagen Gol 1.6 I Power 601,8000000.0,$,2008,164.000 Km,Tres De Febrero - Bs.As. G.B.A. Oeste
VW Gol,Volkswagen Gol 1.4 Power Ps+ac 5p,9800000.0,$,2012,122.000 Km,Vicente López - Bs.As. G.B.A. Norte
VW Gol,Volkswagen Gol 1.6 I Power 601 3 P,5100.0,US$,2006,115.000 Km,Capital Federal - Capital Federal
VW Gol,Volkswagen Gol 1.4 Power 83cv,7850000.0,$,2011,130.000 Km,Escobar - Bs.As. G.B.A. Norte
VW Gol,Volkswagen Gol 1.4 Power 83cv 5 P,11000000.0,$,2014,112.000 Km,San Isidro - Bs.As. G.B.A. Norte
VW Gol,Volkswagen Gol 1.6 I Power 701,8000000.0,$,2010,177.000 Km,General Rodríguez - Bs.As. G.B.A. Oeste
VW Gol,Volkswagen Gol 1.6 Gl Mi,6300000.0,$,1997,146.000 Km,Quilmes - Bs.As. G.B.A. Sur
VW Gol,Volkswagen Gol 1.4 Power 83cv 3 P,8900000.0,$,2013,169.000 Km,Ituzaingó - Bs.As. G.B.A. Oeste
VW Gol,Volkswagen Gol Gol Trend Confort,7990.0,US$,2012,144.985 Km,Morón - Bs.As. G.B.A. Oeste
VW Gol,Volkswagen Gol 1.6 I Power 601 3 P,6500000.0,$,2007,168.500 Km,San Isidro - Bs.As. G.B.A. Norte
VW Gol,Volkswagen Gol 1.6 Mi Deejay,6400.0,US$,2003,30.000 Km,Capital Federal - Capital Federal
VW Gol,Volkswagen Gol 1.6 Gl Mi,6000000.0,$,1999,195.000 Km,Capital Federal - Capital Federal
VW Gol,Volkswagen Gol 1.4 Power Ps+ac 83cv,5800.0,US$,2012,140.000 Km,Capital Federal - Capital Federal
VW Gol,Volkswagen Gol 1.4 Power Ps+ac 83cv,8500000.0,$,2012,180.000 Km,General San Martín - Bs.As. G.B.A. Norte
VW Gol,Volkswagen Gol 1.6 5p Trendline 13,8500000.0,$,2012,169.861 Km,Moreno - Bs.As. G.B.A. Oeste
VW Gol,Volkswagen Gol 1.6 I Comfortline 60a,8500000.0,$,2009,239.000 Km,Lomas De Zamora - Bs.As. G.B.A. Sur
VW Gol,Volkswagen Gol 1.4 Power Ps+ac 83cv,8500000.0,$,2012,143.000 Km,Hurlingham - Bs.As. G.B.A. Oeste
VW Gol,Volkswagen Gol 1.9 Sd Power 701,8600000.0,$,2007,145.000 Km,Capital Federal - Capital Federal
VW Gol,Volkswagen Gol 1.4 Power 83cv,9500000.0,$,2012,180.000 Km,Lomas De Zamora - Bs.As. G.B.A. Sur
VW Gol,Volkswagen Gol 1.4 Power Ps+ac 83cv,6200000.0,$,2011,145.000 Km,Capital Federal - Capital Federal
VW Gol,Volkswagen Gol 1.9 Sd Comfortline 60a,5800.0,US$,2004,185.000 Km,Capital Federal - Capital Federal
VW Gol,Volkswagen Gol 1.4 Power 83cv,9500000.0,$,2011,121.000 Km,Capital Federal - Capital Federal
VW Gol,Volkswagen Gol G3 1.6,5500.0,US$,2004,179.000 Km,Capital Federal - Capital Federal
VW Gol,Volkswagen Gol 1.9 Sd Comfortline 60a,5000000.0,$,2004,170.000 Km,Capital Federal - Capital Federal
VW Gol,Volkswagen Gol 1.4 Power Ps+ac 83cv,8000000.0,$,2011,115.000 Km,Capital Federal - Capital Federal
VW Gol,Volkswagen Gol 1.6 Gli,7000.0,US$,1997,150.000 Km,Berazategui - Bs.As. G.B.A. Sur
VW Gol,Volkswagen Gol 1.6 I Look 70l,6000000.0,$,2008,242.000 Km,Del Viso - Bs.As. G.B.A. Norte
VW Gol,Volkswagen Gol 1.4 Power Ps+ac 83cv,8400000.0,$,2011,124.000 Km,Tres De Febrero - Bs.As. G.B.A. Oeste
VW Gol,Volkswagen Gol 1.6 Sportline,15000000.0,$,2016,78.000 Km,Capital Federal - Capital Federal
VW Gol,Volkswagen Gol Gol Trend 1.6 101 Cv Automático,18100000.0,$,2020,49.900 Km,Moreno - Bs.As. G.B.A. Oeste
VW Gol,Volkswagen Gol 1.6 I Power 601,8500000.0,$,2008,120.000 Km,La Matanza - Bs.As. G.B.A. Oeste
VW Gol,Volkswagen Gol 1.4 Power 83cv,8000.0,US$,2014,130.000 Km,Capital Federal - Capital Federal
VW Gol,Volkswagen Gol 1.4 Power Ps+ac 83cv,7700000.0,$,2011,176.000 Km,Tres De Febrero - Bs.As. G.B.A. Oeste
VW Gol,Volkswagen Gol 1.4 Power Ps+ac 83cv,8900000.0,$,2012,162.000 Km,San Fernando - Bs.As. G.B.A. Norte
VW Gol,Volkswagen Gol 1.6 I Power 601,4900.0,US$,2008,214.000 Km,Avellaneda - Bs.As. G.B.A. Sur
VW Gol,Volkswagen Gol 1.6 Trend Trendline 5p L16,17400000.0,$,2020,71.619 Km,General San Martín - Bs.As. G.B.A. Norte
VW Gol,Volkswagen Gol 1.6 I Trendline Plus,7500.0,US$,2010,212.000 Km,Tigre - Bs.As. G.B.A. Norte
VW Gol,Volkswagen Gol 1.4 Power Ps+ac 83cv,8500000.0,$,2012,124.000 Km,Hurlingham - Bs.As. G.B.A. Oeste
VW Gol,Volkswagen Gol 1.4 Power,9180000.0,$,2012,61.080 Km,Capital Federal - Capital Federal
VW Gol,Volkswagen Gol 1.4 Power 83cv,7900000.0,$,2011,157.000 Km,Capital Federal - Capital Federal
VW Gol,Volkswagen Gol 1.6 I Comfortline 70a,6500000.0,$,2010,206.300 Km,Quilmes - Bs.As. G.B.A. Sur
VW Gol,Volkswagen Gol 1.6 I Power 601,8500000.0,$,2008,180.000 Km,Tigre - Bs.As. G.B.A. Norte
VW Gol,Volkswagen Gol 1.6 I Power 601,4500000.0,$,2009,149.000 Km,Berazategui - Bs.As. G.B.A. Sur
VW Gol,Volkswagen Gol 1.4 Power Ps+ac 83cv,8700.0,US$,2013,93.000 Km,Ituzaingó - Bs.As. G.B.A. Oeste
VW Gol,Volkswagen Gol 1.4 Power 83cv,8888000.0,$,2011,132.400 Km,Quilmes - Bs.As. G.B.A. Sur
VW Gol,Volkswagen Gol 1.4 Power 3p 83cv,12000000.0,$,2014,117.000 Km,Pilar - Bs.As. G.B.A. Norte
VW Gol,Volkswagen Gol 1.9 Sd Dublin Dh Aa Pack,4500000.0,$,1999,250.000 Km,Quilmes - Bs.As. G.B.A. Sur
VW Gol,Volkswagen Gol 1.6 I Power 601,7500000.0,$,2007,169.000 Km,San Isidro - Bs.As. G.B.A. Norte
VW Gol,Volkswagen Gol 1.6 I Comfortline 60a,8000000.0,$,2008,252.515 Km,La Matanza - Bs.As. G.B.A. Oeste
VW Gol,Volkswagen Gol 1.6 I Power 701,6000.0,US$,2009,160.000 Km,Avellaneda - Bs.As. G.B.A. Sur
VW Gol,Volkswagen Gol 1.6 Mi Deejay,5200000.0,$,2004,108.000 Km,La Plata - Bs.As. G.B.A. Sur
VW Gol,Volkswagen Gol 1.6 I Trendline 60b,7200000.0,$,2008,180.000 Km,Escobar - Bs.As. G.B.A. Norte
VW Gol,Volkswagen Gol 1.4 Power 83cv,7800000.0,$,2012,143.000 Km,Avellaneda - Bs.As. G.B.A. Sur
VW Gol,Volkswagen Gol 1.4 Power Ps+ac 83cv,9900000.0,$,2012,112.000 Km,General San Martín - Bs.As. G.B.A. Norte
VW Gol,Volkswagen Gol 1.4 Power 83cv,9100000.0,$,2012,197.000 Km,La Plata - Bs.As. G.B.A. Sur
VW Gol,Volkswagen Gol 1.4 Power 83cv 3 P,7500.0,US$,2013,114.000 Km,Capital Federal - Capital Federal
VW Gol,Volkswagen Gol Gol 1.6 Sedan 3 Ptas,4500000.0,$,2008,417.000 Km,Capital Federal - Capital Federal
VW Gol,Volkswagen Gol Gol Power 1.6,8490000.0,$,2007,125.000 Km,Capital Federal - Capital Federal
VW Gol,Volkswagen Gol 1.4 Power 83cv,9190000.0,$,2012,116.000 Km,Capital Federal - Capital Federal
VW Gol,Volkswagen Gol Gol 1.6,7500000.0,$,2008,187.000 Km,Castelar - Bs.As. G.B.A. Oeste
VW Gol,Volkswagen Gol 1.4 Power Ps+ac 83cv,12950000.0,$,2012,56.000 Km,Capital Federal - Capital Federal
VW Gol,Volkswagen Gol 1.4 Power 83cv 3 P,6450.0,US$,2013,150.000 Km,Capital Federal - Capital Federal
VW Gol,Volkswagen Gol 1.4 Power Ps+ac 83cv,8500000.0,$,2012,70.500 Km,La Matanza - Bs.As. G.B.A. Oeste
VW Gol,Volkswagen Gol 1.6,5999999.0,$,2007,147.000 Km,Vicente López - Bs.As. G.B.A. Norte
VW Gol,Volkswagen Gol 1.4 L,10500000.0,$,2011,41.000 Km,San Isidro - Bs.As. G.B.A. Norte
VW Gol,Volkswagen Gol 1.4 Power Ps+ac 83cv,7500000.0,$,2011,175.000 Km,Vicente López - Bs.As. G.B.A. Norte
VW Gol,Volkswagen Gol 1.4 Power Ps+ac 83cv,9500000.0,$,2013,120.000 Km,Berazategui - Bs.As. G.B.A. Sur
VW Gol,Volkswagen Gol 1.6 Mi Dublin Dh Aa,5500000.0,$,2001,176.000 Km,General San Martín - Bs.As. G.B.A. Norte
VW Gol,Volkswagen Gol 1.4 Power 83cv 3 P,9500000.0,$,2013,64.000 Km,La Matanza - Bs.As. G.B.A. Oeste
VW Gol,Volkswagen Gol 1.4 Power 83cv,10900000.0,$,2013,133.000 Km,Capital Federal - Capital Federal
VW Gol,Volkswagen Gol 1.6 I Power 601 3 P,5900000.0,$,2006,95.000 Km,Morón - Bs.As. G.B.A. Oeste
VW Gol,Volkswagen Gol 1.6 I Power 601,7500000.0,$,2008,151.000 Km,Esteban Echeverría - Bs.As. G.B.A. Sur
VW Gol,Volkswagen Gol 1.6 I Power 701,6600.0,US$,2011,131.500 Km,Morón - Bs.As. G.B.A. Oeste
VW Gol,Volkswagen Gol 1.4 Power 83cv,9500000.0,$,2012,149.000 Km,Quilmes - Bs.As. G.B.A. Sur
VW Gol,Volkswagen Gol 1.6 Gli Aa Dh Ll,8500.0,US$,1996,80.000 Km,Almirante Brown - Bs.As. G.B.A. Sur
VW Gol,Volkswagen Gol 1.4 Power Ps+ac 83cv,9000000.0,$,2011,150.000 Km,San Isidro - Bs.As. G.B.A. Norte
VW Gol,Volkswagen Gol 1.6 Trendline,6499000.0,$,2004,187.000 Km,Capital Federal - Capital Federal
VW Gol,Volkswagen Gol 1.4 Power Ps+ac 83cv,6800000.0,$,2011,194.000 Km,Quilmes - Bs.As. G.B.A. Sur
VW Gol,Volkswagen Gol 1.4 Power Ps+ac 83cv,9000000.0,$,2012,180.000 Km,San Miguel - Bs.As. G.B.A. Norte
VW Gol,Volkswagen Gol 1.4 Power Ps+ac 83cv,7300.0,US$,2012,118.000 Km,Capital Federal - Capital Federal
VW Gol,Volkswagen Gol 1.6 Trendline,4600000.0,$,2004,175.000 Km,Quilmes - Bs.As. G.B.A. Sur
VW Gol,Volkswagen Gol 1.4 Power Ps+ac 83cv,6000.0,US$,2013,173.000 Km,La Matanza - Bs.As. G.B.A. Oeste
VW Gol,Volkswagen Gol 1.6 I Power 601,10300000.0,$,2008,188.100 Km,Escobar - Bs.As. G.B.A. Norte
VW Gol,Volkswagen Gol 1.4 Power Ps+ac 83cv,8500000.0,$,2012,140.000 Km,Morón - Bs.As. G.B.A. Oeste
VW Gol,Volkswagen Gol 1.6 I Power 601,7500000.0,$,2008,128.000 Km,Castelar - Bs.As. G.B.A. Oeste
VW Gol,Volkswagen Gol 1.4 Power 83cv,9500000.0,$,2013,179.000 Km,Moreno - Bs.As. G.B.A. Oeste
VW Gol,Volkswagen Gol 1.4 Power 83cv 3 P,9200000.0,$,2013,120.000 Km,Avellaneda - Bs.As. G.B.A. Sur
VW Gol,Volkswagen Gol 1.6 Trendline,15500.0,US$,2021,68.000 Km,Merlo - Bs.As. G.B.A. Oeste
VW Gol,Volkswagen Gol 1.6 I Power 601,5600.0,US$,2008,128.350 Km,Capital Federal - Capital Federal
VW Gol,Volkswagen Gol 1.6 Sedan 5 Puertas,6250.0,US$,2006,76.500 Km,Vicente López - Bs.As. G.B.A. Norte
VW Gol,Volkswagen Gol 1.6 Gld,7000000.0,$,1999,73.000 Km,San Fernando - Bs.As. G.B.A. Norte
VW Gol,Volkswagen Gol 1.9 Sd Trendline 60b,6900000.0,$,2007,130.000 Km,Castelar - Bs.As. G.B.A. Oeste
VW Gol,Volkswagen Gol 1.6 I Power 601,5700000.0,$,2007,415.000 Km,José C. Paz - Bs.As. G.B.A. Norte
VW Gol,Volkswagen Gol 1.4 Power 83cv 3 P,9999900.0,$,2013,123.693 Km,Capital Federal - Capital Federal
VW Gol,Volkswagen Gol 1.6 I Comfortline 70a,5800.0,US$,2009,150.000 Km,Lomas De Zamora - Bs.As. G.B.A. Sur
VW Gol,Volkswagen Gol Gol Trend Trendline 1.6 Gas 101cv Mq,21900000.0,$,2021,31.500 Km,La Matanza - Bs.As. G.B.A. Oeste
VW Gol,Volkswagen Gol 1.6 I Power 601,5300.0,US$,2006,171.000 Km,General San Martín - Bs.As. G.B.A. Norte
VW Gol,Volkswagen Gol 1.6 I Power 601,8300000.0,$,2008,134.000 Km,Capital Federal - Capital Federal
VW Gol,Volkswagen Gol 1.4 Power 83cv,7900000.0,$,2012,160.000 Km,Tres De Febrero - Bs.As. G.B.A. Oeste
VW Gol,Volkswagen Gol 1.4 Power 83cv,10500000.0,$,2013,160.000 Km,Tigre - Bs.As. G.B.A. Norte
VW Gol,Volkswagen Gol 1.4 Power 83cv 5 P,8000000.0,$,2012,134.000 Km,Capital Federal - Capital Federal
VW Gol,Volkswagen Gol 1.6 Tipo Sedan 5puertas,6000000.0,$,2006,320.000 Km,Tigre - Bs.As. G.B.A. Norte
VW Gol,Volkswagen Gol 1.6 I Power 601,8400000.0,$,2008,98.000 Km,Capital Federal - Capital Federal
VW Gol,Volkswagen Gol 1.4 L,8500000.0,$,2011,190.000 Km,Lomas De Zamora - Bs.As. G.B.A. Sur
Ford Fiesta,Ford Fiesta Titanium Mt,15800000.0,$,2018,116.000 Km,Capital Federal - Capital Federal
Ford Fiesta,Ford Fiesta 1.6 Edge Plus,7800000.0,$,2004,180.000 Km,Morón - Bs.As. G.B.A. Oeste
Ford Fiesta,Ford Fiesta 1.6l Titanium,15500.0,US$,2017,51.000 Km,Capital Federal - Capital Federal
Ford Fiesta,Ford Fiesta 1.6 Max One Energy,10000000.0,$,2011,175.000 Km,Capital Federal - Capital Federal
Ford Fiesta,Ford Fiesta 1.6 One Edge Plus 98cv,7500.0,US$,2013,113.500 Km,Vicente López - Bs.As. G.B.A. Norte
Ford Fiesta,Ford Fiesta 1.6 S,8800.0,US$,2015,145.000 Km,San Isidro - Bs.As. G.B.A. Norte
Ford Fiesta,Ford Fiesta 1.6 Plus,14500.0,US$,2019,99.000 Km,Berazategui - Bs.As. G.B.A. Sur
Ford Fiesta,Ford Fiesta 1.6 Edge Plus Mp3,11500000.0,$,2008,114.652 Km,Capital Federal - Capital Federal
Ford Fiesta,Ford Fiesta 1.6 Edge Plus Mp3,9500000.0,$,2012,118.300 Km,Lomas De Zamora - Bs.As. G.B.A. Sur
Ford Fiesta,Ford Fiesta 1.6 Titanium 120cv,15500000.0,$,2017,140.000 Km,Pilar - Bs.As. G.B.A. Norte
Ford Fiesta,Ford Fiesta 1.6 Ambiente Mp3,8700000.0,$,2009,121.800 Km,Capital Federal - Capital Federal
Ford Fiesta,Ford Fiesta 1.6 Edge Plus Mp3,8100000.0,$,2009,123.900 Km,Morón - Bs.As. G.B.A. Oeste
Ford Fiesta,Ford Fiesta 1.6 Ambiente Plus,8160000.0,$,2011,161.218 Km,Tigre - Bs.As. G.B.A. Norte
Ford Fiesta,Ford Fiesta 1.6 Ambiente,12000.0,US$,2016,108.000 Km,Capital Federal - Capital Federal
Ford Fiesta,Ford Fiesta 1.6 Se Plus,12500.0,US$,2017,95.000 Km,Vicente López - Bs.As. G.B.A. Norte
Ford Fiesta,Ford Fiesta Se Plus Powershift,15400000.0,$,2015,103.000 Km,Caseros - Bs.As. G.B.A. Oeste
Ford Fiesta,Ford Fiesta 1.6 Ambien. Plus,11500.0,US$,2018,90.000 Km,Capital Federal - Capital Federal
Ford Fiesta,Ford Fiesta 1.6,17600000.0,$,2015,131.575 Km,La Plata - Bs.As. G.B.A. Sur
Ford Fiesta,Ford Fiesta 1.6 Edge Plus,6800.0,US$,2006,185.000 Km,Lomas De Zamora - Bs.As. G.B.A. Sur
Ford Fiesta,Ford Fiesta 1.8 Lx D,5200000.0,$,2000,260.000 Km,Capital Federal - Capital Federal
Ford Fiesta,Ford Fiesta 1.6 Se Plus,8800.0,US$,2014,160.000 Km,San Isidro - Bs.As. G.B.A. Norte
Ford Fiesta,Ford Fiesta 1.6 Ls,11500.0,US$,2017,98.000 Km,Tigre - Bs.As. G.B.A. Norte
Ford Fiesta,Ford Fiesta 1.6 Ambiente,6500000.0,$,2004,260.000 Km,Malvinas Argentinas - Bs.As. G.B.A. Norte
Ford Fiesta,Ford Fiesta 1.6 Ambien. Plus,3500.0,US$,2004,157.000 Km,Capital Federal - Capital Federal
Ford Fiesta,Ford Fiesta Edge Plus Automático,9300000.0,$,2007,166.000 Km,Vicente López - Bs.As. G.B.A. Norte
Ford Fiesta,Ford Fiesta 1.6 Max Ambiente Mp3,7990000.0,$,2010,180.000 Km,Lanús - Bs.As. G.B.A. Sur
Ford Fiesta,Ford Fiesta 1.6l Se 120cv,11000000.0,$,2014,171.000 Km,Pilar - Bs.As. G.B.A. Norte
Ford Fiesta,Ford Fiesta 1.6 Ambiente Mp3,6900000.0,$,2007,195.500 Km,Capital Federal - Capital Federal
Ford Fiesta,Ford Fiesta 1.6 Edge,7000.0,US$,2003,160.000 Km,Capital Federal - Capital Federal
Ford Fiesta,Ford Fiesta 1.6 Max Ambiente,7900000.0,$,2007,240.000 Km,Morón - Bs.As. G.B.A. Oeste
Ford Fiesta,Ford Fiesta 1.6 Ambiente,6000.0,US$,2006,140.000 Km,Capital Federal - Capital Federal
Ford Fiesta,Ford Fiesta 1.6l Se,15500000.0,$,2016,85.000 Km,Capital Federal - Capital Federal
Ford Fiesta,Ford Fiesta Kinetic 1.6 Se Powershift 120cv,11900.0,US$,2017,145.000 Km,Escobar - Bs.As. G.B.A. Norte
Ford Fiesta,Ford Fiesta 1.6 One Ambiente Plus 98cv,9200000.0,$,2013,142.500 Km,La Matanza - Bs.As. G.B.A. Oeste
Ford Fiesta,Ford Fiesta 1.6l Titanium Powershift,12490000.0,$,2014,128.000 Km,Lanús - Bs.As. G.B.A. Sur
Ford Fiesta,Ford Fiesta 1.6 Ambiente Mp3,7500000.0,$,2008,197.000 Km,Quilmes - Bs.As. G.B.A. Sur
Ford Fiesta,Ford Fiesta Titanium 1.6 4p Powershif,13200.0,US$,2018,76.000 Km,Almirante Brown - Bs.As. G.B.A. Sur
Ford Fiesta,Ford Fiesta 1.6 Se,14000.0,US$,2018,79.923 Km,Pilar - Bs.As. G.B.A. Norte
Ford Fiesta,Ford Fiesta 1.6 Ambiente,6700000.0,$,2004,213.000 Km,General San Martín - Bs.As. G.B.A. Norte
Ford Fiesta,Ford Fiesta Kinetic 1.6,14000000.0,$,2015,150.000 Km,Campana - Buenos Aires Interior
Ford Fiesta,Ford Fiesta 1.3 Lx,5800000.0,$,1999,79.000 Km,La Matanza - Bs.As. G.B.A. Oeste
Ford Fiesta,Ford Fiesta Titanium,14000.0,US$,2015,170.000 Km,Capital Federal - Capital Federal
Ford Fiesta,Ford Fiesta 1.6 One Ambiente Plus 98cv,6300.0,US$,2013,126.700 Km,Capital Federal - Capital Federal
Ford Fiesta,"Ford Fiesta 1,6 S Plus",13290000.0,$,2015,93.974 Km,Capital Federal - Capital Federal
Ford Fiesta,Ford Fiesta 1.6l Titanium,13900.0,US$,2018,72.000 Km,Castelar - Bs.As. G.B.A. Oeste
Ford Fiesta,Ford Fiesta 1.6 Se,14800000.0,$,2017,167.551 Km,La Plata - Bs.As. G.B.A. Sur
Ford Fiesta,Ford Fiesta L S Plus 1.6,17500000.0,$,2018,105.000 Km,Vicente López - Bs.As. G.B.A. Norte
Ford Fiesta,Ford Fiesta 1.6l Se,15000000.0,$,2015,130.000 Km,Almirante Brown - Bs.As. G.B.A. Sur
Ford Fiesta,Ford Fiesta Fiesta 1.6,10500000.0,$,2013,93.000 Km,Moreno - Bs.As. G.B.A. Oeste
Ford Fiesta,Ford Fiesta 1.6 Max One Ambiente Plus,8260000.0,$,2011,154.000 Km,Pilar - Bs.As. G.B.A. Norte
Ford Fiesta,Ford Fiesta 1.6 S Plus,151170341.0,$,2017,104.700 Km,Capital Federal - Capital Federal
Ford Fiesta,Ford Fiesta 1.6 One Edge Plus 98cv,9000.0,US$,2014,180.000 Km,Lanús - Bs.As. G.B.A. Sur
Ford Fiesta,Ford Fiesta 1.4 Max Tdci Ambiente,7000000.0,$,2008,254.000 Km,La Matanza - Bs.As. G.B.A. Oeste
Ford Fiesta,Ford Fiesta Se Aut,15490.0,US$,2018,78.000 Km,Ituzaingó - Bs.As. G.B.A. Oeste
Ford Fiesta,Ford Fiesta 1.6 Se,11500.0,US$,2017,105.000 Km,Capital Federal - Capital Federal
Ford Fiesta,Ford Fiesta 1.6 S Plus,13290000.0,$,2015,93.974 Km,Capital Federal - Capital Federal
Ford Fiesta,Ford Fiesta Se Plus,10500.0,US$,2015,128.000 Km,Tigre - Bs.As. G.B.A. Norte
Ford Fiesta,Ford Fiesta 1.6 One Ambiente Plus 98cv,9800000.0,$,2013,114.000 Km,Capital Federal - Capital Federal
Ford Fiesta,Ford Fiesta 1.6 Ambiente,8000000.0,$,2003,103.000 Km,Capital Federal - Capital Federal
Ford Fiesta,Ford Fiesta 1.6l Se Plus Powershift,11300.0,US$,2013,106.000 Km,Capital Federal - Capital Federal
Ford Fiesta,Ford Fiesta 1.6 S Plus,15000000.0,$,2015,12.800 Km,Capital Federal - Capital Federal
Ford Fiesta,Ford Fiesta 1.6 5p Titanium (kd),13000000.0,$,2013,110.000 Km,Vicente López - Bs.As. G.B.A. Norte
Ford Fiesta,Ford Fiesta 1.6 S,16500000.0,$,2016,103.000 Km,Quilmes - Bs.As. G.B.A. Sur
Ford Fiesta,Ford Fiesta 1.6 Ambiente Mp3,9300000.0,$,2010,97.000 Km,Capital Federal - Capital Federal
Ford Fiesta,Ford Fiesta 1.6 Edge Plus Mp3,6200.0,US$,2008,116.000 Km,Capital Federal - Capital Federal
Ford Fiesta,Ford Fiesta 1.6 Max One Ambiente,9900000.0,$,2011,100.000 Km,General San Martín - Bs.As. G.B.A. Norte
Ford Fiesta,Ford Fiesta Se 1.6,14800000.0,$,2015,61.790 Km,Capital Federal - Capital Federal
Ford Fiesta,Ford Fiesta 1.6 Se Plus Powershift 120cv,9900.0,US$,2014,111.000 Km,San Isidro - Bs.As. G.B.A. Norte
Ford Fiesta,Ford Fiesta 1.6 Titanium Powershift,18800000.0,$,2016,142.160 Km,Escobar - Bs.As. G.B.A. Norte
Ford Fiesta,Ford Fiesta 1.6 Titanium Mt,13200000.0,$,2012,130.000 Km,Quilmes - Bs.As. G.B.A. Sur
Ford Fiesta,Ford Fiesta 1.6 Ambiente,8300000.0,$,2006,145.000 Km,Capital Federal - Capital Federal
Ford Fiesta,Ford Fiesta 1.6 Ambiente Full,6000000.0,$,2005,173.000 Km,Escobar - Bs.As. G.B.A. Norte
Ford Fiesta,Ford Fiesta 1.6 Ls,15500000.0,$,2017,73.000 Km,Escobar - Bs.As. G.B.A. Norte
Ford Fiesta,Ford Fiesta 1.6 Ls,14800000.0,$,2015,150.000 Km,Malvinas Argentinas - Bs.As. G.B.A. Norte
Ford Fiesta,Ford Fiesta Se Plus 1.6l Mt,12990000.0,$,2014,138.000 Km,Lanús - Bs.As. G.B.A. Sur
Ford Fiesta,Ford Fiesta 1.6 S,14499900.0,$,2016,93.000 Km,Capital Federal - Capital Federal
Ford Fiesta,Ford Fiesta 1.6 One Ambiente Plus 98cv,12000000.0,$,2013,230.000 Km,Florencio Varela - Bs.As. G.B.A. Sur
Ford Fiesta,Ford Fiesta 1.6 S,17000000.0,$,2017,98.000 Km,Hurlingham - Bs.As. G.B.A. Oeste
Ford Fiesta,Ford Fiesta 1 6l Titanium,14000000.0,$,2015,77.200 Km,Avellaneda - Bs.As. G.B.A. Sur
Ford Fiesta,Ford Fiesta 1.6 Ambiente Mp3,8500000.0,$,2008,175.000 Km,La Matanza - Bs.As. G.B.A. Oeste
Ford Fiesta,Ford Fiesta 1.6 Se Kd 5p L14,13450000.0,$,2015,187.384 Km,La Plata - Buenos Aires Interior
Ford Fiesta,Ford Fiesta 1.6 One Ambiente 98cv,6500.0,US$,2012,138.000 Km,Tres De Febrero - Bs.As. G.B.A. Oeste
Ford Fiesta,Ford Fiesta 1.6l Se,16900000.0,$,2015,165.600 Km,La Plata - Bs.As. G.B.A. Sur
Ford Fiesta,Ford Fiesta 1.6 Se Plus,14900000.0,$,2013,134.000 Km,Malvinas Argentinas - Bs.As. G.B.A. Norte
Ford Fiesta,Ford Fiesta 1.6 Ambiente Mp3,7500000.0,$,2007,135.000 Km,Capital Federal - Capital Federal
Ford Fiesta,Ford Fiesta 1.6 Clx,3200000.0,$,1998,225.000 Km,Capital Federal - Capital Federal
Ford Fiesta,Ford Fiesta 1.6 One Edge Plus 98cv,7500.0,US$,2012,119.000 Km,General San Martín - Bs.As. G.B.A. Norte
Ford Fiesta,Ford Fiesta 1.6 Se Kd 5p L14,17000000.0,$,2017,99.296 Km,Malvinas Argentinas - Bs.As. G.B.A. Norte
Ford Fiesta,Ford Fiesta Fiesta 1.6 L Se Plus,16500.0,US$,2018,91.523 Km,Morón - Bs.As. G.B.A. Oeste
Ford Fiesta,Ford Fiesta 1.6 One Ambiente 98cv,8900000.0,$,2012,138.000 Km,Tres De Febrero - Bs.As. G.B.A. Oeste
Ford Fiesta,Ford Fiesta 1.6l Se,9900.0,US$,2014,136.000 Km,Capital Federal - Capital Federal
Ford Fiesta,Ford Fiesta 1.6l Se,18600000.0,$,2018,63.052 Km,General San Martín - Bs.As. G.B.A. Norte
Ford Fiesta,Ford Fiesta 1.6 One Ambiente 98cv,11500.0,US$,2014,166.000 Km,La Plata - Bs.As. G.B.A. Sur
Ford Fiesta,Ford Fiesta 1.6 Ambiente,7845000.0,$,2004,135.000 Km,Capital Federal - Capital Federal
Ford Fiesta,Ford Fiesta 1.6 Ambiente Plus Mp3,8900000.0,$,2010,91.400 Km,General San Martín - Bs.As. G.B.A. Norte
Ford Fiesta,Ford Fiesta 1.6l Se Plus,16400000.0,$,2017,55.000 Km,Capital Federal - Capital Federal
Ford Fiesta,Ford Fiesta 1.6 Max One Ambiente Plus,8500000.0,$,2011,200.000 Km,Pilar - Bs.As. G.B.A. Norte
Ford Fiesta,Ford Fiesta Fiesta 1.6l Se,14500000.0,$,2015,135.000 Km,Hurlingham - Bs.As. G.B.A. Oeste
Ford Fiesta,Ford Fiesta 1.6 Se Plus,16000000.0,$,2018,128.600 Km,Lanús - Bs.As. G.B.A. Sur
Ford Fiesta,Ford Fiesta 1.6 Se Powershift 120cv,13100.0,US$,2017,73.988 Km,General San Martín - Bs.As. G.B.A. Norte
Ford Fiesta,Ford Fiesta 1.6 Ambiente Mp3,8900000.0,$,2009,149.000 Km,Capital Federal - Capital Federal
Ford Fiesta,Ford Fiesta 1.4 Tdci Edge Mp3,7500000.0,$,2007,136.000 Km,Quilmes - Bs.As. G.B.A. Sur
Ford Fiesta,Ford Fiesta 1.6 Max One Ambiente Plus 98cv,8500000.0,$,2012,200.000 Km,San Miguel - Bs.As. G.B.A. Norte
Ford Fiesta,Ford Fiesta 1.6 Titanium Powershift Kd 5p L13,18900000.0,$,2017,45.000 Km,Malvinas Argentinas - Bs.As. G.B.A. Norte
Ford Fiesta,Ford Fiesta 1.6 Ambiente Mp3,8900000.0,$,2009,109.000 Km,General San Martín - Bs.As. G.B.A. Norte
Ford Fiesta,Ford Fiesta 1.6 Ambien. Plus,6340000.0,$,2006,275.000 Km,Capital Federal - Capital Federal
Ford Fiesta,Ford Fiesta 1.6 Ambiente Mp3,7500000.0,$,2009,203.000 Km,Lomas De Zamora - Bs.As. G.B.A. Sur
Ford Fiesta,Ford Fiesta 1.6 Max Ambiente Plus Mp3,9200000.0,$,2010,145.000 Km,Lanús - Bs.As. G.B.A. Sur
Ford Fiesta,Ford Fiesta 1.6 Ambiente,6600000.0,$,2006,220.000 Km,Capital Federal - Capital Federal
Ford Fiesta,Ford Fiesta Lx D,4500000.0,$,2002,219.698 Km,Lanús - Bs.As. G.B.A. Sur
Ford Fiesta,Ford Fiesta 1.6 One Edge Plus 98cv,7900.0,US$,2013,112.900 Km,Capital Federal - Capital Federal
Ford Fiesta,Ford Fiesta 1.6 Max Ambiente Mp3,6900000.0,$,2010,150.000 Km,Capital Federal - Capital Federal
Ford Fiesta,Ford Fiesta 1.6 Se,17500000.0,$,2018,104.000 Km,Capital Federal - Capital Federal
Ford Fiesta,Ford Fiesta S.plus,14500000.0,$,2017,49.000 Km,Tres De Febrero - Bs.As. G.B.A. Oeste
Ford Fiesta,Ford Fiesta 1.6 Edge Plus Mp3,9000000.0,$,2010,120.000 Km,Moreno - Bs.As. G.B.A. Oeste
Ford Fiesta,Ford Fiesta 1.6 Titanium 4p,11200.0,US$,2017,173.665 Km,Escobar - Bs.As. G.B.A. Norte
Ford Fiesta,Ford Fiesta 1.6 Ambiente At Mp3,8800000.0,$,2010,120.000 Km,Capital Federal - Capital Federal
Ford Fiesta,Ford Fiesta 1.6 One Ambiente Plus 98cv,8500000.0,$,2012,165.340 Km,Lanús - Bs.As. G.B.A. Sur
Ford Fiesta,Ford Fiesta 1.6 Lx,6500000.0,$,2002,79.000 Km,La Plata - Bs.As. G.B.A. Sur
Ford Fiesta,Ford Fiesta 1.6 Edge Plus,5000.0,US$,2006,167.000 Km,Capital Federal - Capital Federal
Ford Fiesta,Ford Fiesta 1.6 One Ambiente 98cv,9000000.0,$,2013,140.000 Km,Lanús - Bs.As. G.B.A. Sur
Ford Fiesta,Ford Fiesta 1.6 Max One Ambiente 98cv,8600000.0,$,2013,175.000 Km,Lanús - Bs.As. G.B.A. Sur
Ford Fiesta,Ford Fiesta 1.6 S,11800000.0,$,2015,124.068 Km,General San Martín - Bs.As. G.B.A. Norte
Ford Fiesta,Ford Fiesta 1.4 Tdci Edge Mp3,8500000.0,$,2007,249.000 Km,Avellaneda - Bs.As. G.B.A. Sur
Ford Fiesta,Ford Fiesta 1.6 Max Ambiente Plus Mp3,8300000.0,$,2010,160.000 Km,Capital Federal - Capital Federal
Ford Fiesta,Ford Fiesta 1.6 Max Ambiente Plus Mp3,5700.0,US$,2010,215.200 Km,Capital Federal - Capital Federal
Ford Fiesta,Ford Fiesta 1.6 Se Plus,15000.0,US$,2018,25.000 Km,Capital Federal - Capital Federal
Ford Fiesta,Ford Fiesta 1.6 Max Ambiente Plus Mp3,7950000.0,$,2010,135.000 Km,Capital Federal - Capital Federal
Ford Fiesta,Ford Fiesta 1.8 Lx D Aa,5500000.0,$,1998,165.000 Km,General San Martín - Bs.As. G.B.A. Norte
Ford Fiesta,Ford Fiesta S,9300.0,US$,2015,100.000 Km,Morón - Bs.As. G.B.A. Oeste
Ford Fiesta,Ford Fiesta 1.6 One Ambiente Plus 98cv,8200.0,US$,2013,160.000 Km,Capital Federal - Capital Federal
Ford Fiesta,Ford Fiesta 1.6l S 5p Gnc,12540000.0,$,2016,178.000 Km,Quilmes - Bs.As. G.B.A. Sur
Ford Fiesta,Ford Fiesta 1.6 Max One Ambiente Plus,13550000.0,$,2011,135.000 Km,Almirante Brown - Bs.As. G.B.A. Sur
Ford Fiesta,Ford Fiesta Titanium,12500000.0,$,2015,180.000 Km,Hurlingham - Bs.As. G.B.A. Oeste
Ford Fiesta,Ford Fiesta 1.6l S Plus,9000.0,US$,2014,83.000 Km,Pilar - Bs.As. G.B.A. Norte
Ford Fiesta,Ford Fiesta 1.6 Max Edge Plus,7500000.0,$,2009,202.000 Km,Capital Federal - Capital Federal
Ford Fiesta,Ford Fiesta 1.4 Tdci Edge,5000.0,US$,2004,190.000 Km,Lomas De Zamora - Bs.As. G.B.A. Sur
Ford Fiesta,Ford Fiesta Se Plus 1.6,14000000.0,$,2018,200.000 Km,Moreno - Bs.As. G.B.A. Oeste
Ford Fiesta,Ford Fiesta 1.6 One Ambiente Plus,5800000.0,$,2011,253.000 Km,José C. Paz - Bs.As. G.B.A. Norte
Ford Fiesta,Ford Fiesta 1 6l 5 Ptas Se,12000000.0,$,2014,66.000 Km,Avellaneda - Bs.As. G.B.A. Sur
Ford Fiesta,Ford Fiesta 1.6 Max One Ambiente Plus 98cv,9000000.0,$,2013,140.000 Km,Avellaneda - Bs.As. G.B.A. Sur
Ford Fiesta,Ford Fiesta 1.6l 4 Ptas Se Plus,12500000.0,$,2014,77.000 Km,Avellaneda - Bs.As. G.B.A. Sur
Ford Fiesta,Ford Fiesta 1.6 Ambiente Plus,6600000.0,$,2007,205.000 Km,San Fernando - Bs.As. G.B.A. Norte
Ford Fiesta,Ford Fiesta 1.6 Ambiente Plus,7800000.0,$,2008,215.000 Km,San Fernando - Bs.As. G.B.A. Norte
Ford Fiesta,Ford Fiesta 1.3 Cl,3500000.0,$,1997,76.000 Km,Capital Federal - Capital Federal
Ford Fiesta,Ford Fiesta 1.6l Se,18900000.0,$,2018,89.269 Km,Malvinas Argentinas - Bs.As. G.B.A. Norte
Ford Fiesta,Ford Fiesta 1.6 Ambiente Plus,10300000.0,$,2011,138.000 Km,Capital Federal - Capital Federal
Ford Fiesta,Ford Fiesta 1.6 One Ambiente Plus 98cv,9490000.0,$,2013,118.000 Km,Lomas De Zamora - Bs.As. G.B.A. Sur
Ford Fiesta,Ford Fiesta 1.6 Ambiente,8500000.0,$,2006,150.000 Km,Berazategui - Bs.As. G.B.A. Sur
Ford Fiesta,Ford Fiesta 1.3 Clx,3000.0,US$,1998,204.000 Km,Hurlingham - Bs.As. G.B.A. Oeste
Ford Fiesta,Ford Fiesta 1.6 Ambiente Plus Mp3,7000000.0,$,2009,220.000 Km,Pilar - Bs.As. G.B.A. Norte
Ford Fiesta,Ford Fiesta 1.6 Ambiente Mp3,8500000.0,$,2009,145.000 Km,General San Martín - Bs.As. G.B.A. Norte
Ford Fiesta,Ford Fiesta Se Plus,9500.0,US$,2013,134.000 Km,Pilar - Bs.As. G.B.A. Norte
Ford Fiesta,Ford Fiesta 1.6 Edge Plus,6000000.0,$,2002,219.700 Km,Berisso - Buenos Aires Interior
Ford Fiesta,Ford Fiesta 1.3 Cl,1500000.0,$,1995,300.072 Km,La Matanza - Bs.As. G.B.A. Oeste
Ford Fiesta,Ford Fiesta 1.6 Ambiente At Mp3,6500000.0,$,2009,226.500 Km,General San Martín - Bs.As. G.B.A. Norte
Ford Fiesta,Ford Fiesta 1.6 Max One Ambiente Plus 98cv,10500000.0,$,2013,170.000 Km,Luján - Buenos Aires Interior
Ford Fiesta,Ford Fiesta 1.6 Clx,4500000.0,$,1998,200.000 Km,Capital Federal - Capital Federal
Ford Fiesta,Ford Fiesta 1.6 Ambien. Plus,6800000.0,$,2003,150.000 Km,Lanús - Bs.As. G.B.A. Sur
Ford Fiesta,Ford Fiesta 1.6 Ambiente Mp3,8700000.0,$,2009,121.500 Km,Capital Federal - Capital Federal
Ford Fiesta,Ford Fiesta 1.4 Tdci Ambien,7500000.0,$,2004,220.000 Km,Tigre - Bs.As. G.B.A. Norte
Ford Fiesta,Ford Fiesta 1.8 Clx D,3990001.0,$,1996,159.000 Km,Lomas De Zamora - Bs.As. G.B.A. Sur
Ford Fiesta,Ford Fiesta 1.6 Ambiente Mp3,5790.0,US$,2009,163.570 Km,Castelar - Bs.As. G.B.A. Oeste
Ford Fiesta,Ford Fiesta Ls,11808400.0,$,2014,114.118 Km,La Plata - Bs.As. G.B.A. Sur
Ford Fiesta,Ford Fiesta 1.6 Ls,14000000.0,$,2016,146.647 Km,La Plata - Buenos Aires Interior
Ford Fiesta,Ford Fiesta 1.6 Max One Ambiente 98cv,8800.0,US$,2015,99.500 Km,Capital Federal - Capital Federal
Ford Fiesta,Ford Fiesta Se Plus,15800000.0,$,2013,120.000 Km,Lanús - Bs.As. G.B.A. Sur
Ford Fiesta,Ford Fiesta 1.6 One Ambiente Plus 98cv,10500000.0,$,2013,122.000 Km,Pilar - Bs.As. G.B.A. Norte
Ford Fiesta,Ford Fiesta 1.6 Ambiente,5200.0,US$,2003,112.000 Km,Capital Federal - Capital Federal
Ford Fiesta,Ford Fiesta 1.6 Se Plus,13900000.0,$,2014,112.000 Km,Morón - Bs.As. G.B.A. Oeste
Ford Fiesta,Ford Fiesta Powershift,14500000.0,$,2013,127.000 Km,La Matanza - Bs.As. G.B.A. Oeste
Ford Fiesta,Ford Fiesta 1.6 Max Ambiente Mp3,6500000.0,$,2009,200.000 Km,Escobar - Bs.As. G.B.A. Norte
Ford Fiesta,Ford Fiesta 1.4 Tdci Edge Mp3,5800000.0,$,2008,162.000 Km,Lanús - Bs.As. G.B.A. Sur
Ford Fiesta,Ford Fiesta 1.6 Ambiente,6942000.0,$,2003,149.000 Km,Capital Federal - Capital Federal
Ford Fiesta,Ford Fiesta 1.6 Ambiente,5800000.0,$,2003,193.000 Km,San Fernando - Bs.As. G.B.A. Norte
Ford Fiesta,Ford Fiesta 1.4 Tdci Ambiente Mp3,8500000.0,$,2007,178.000 Km,Capital Federal - Capital Federal
Ford Fiesta,Ford Fiesta 1.6 Ambiente,7000000.0,$,2004,180.000 Km,Tigre - Bs.As. G.B.A. Norte
Ford Fiesta,Ford Fiesta Manual,11500.0,US$,2015,70.000 Km,Capital Federal - Capital Federal
Ford Fiesta,Ford Fiesta Se Powershift 120 Cv.,14500000.0,$,2015,61.000 Km,Ensenada - Buenos Aires Interior
Ford Fiesta,Ford Fiesta 1.6 One Ambiente Plus 98cv,6300.0,US$,2012,153.000 Km,Capital Federal - Capital Federal
Ford Fiesta,Ford Fiesta 1.6 One Ambiente Plus 98cv,8000000.0,$,2013,175.000 Km,La Plata - Bs.As. G.B.A. Sur
Ford Fiesta,Ford Fiesta 1.3 Clx,5000000.0,$,1998,81.000 Km,Capital Federal - Capital Federal
Ford Fiesta,Ford Fiesta 1.6l S Plus,19300000.0,$,2018,56.000 Km,Capital Federal - Capital Federal
Ford Fiesta,Ford Fiesta 1.6 Se Plus,11500.0,US$,2014,64.600 Km,Berisso - Buenos Aires Interior
Ford Fiesta,Ford Fiesta 1.6 Ambiente,7000000.0,$,2006,130.000 Km,Merlo - Bs.As. G.B.A. Oeste
Ford Fiesta,Ford Fiesta 1.6 Se,13800000.0,$,2015,106.000 Km,La Matanza - Bs.As. G.B.A. Oeste
Ford Fiesta,Ford Fiesta 1.6 Ambiente Plus,8700000.0,$,2008,146.000 Km,Berazategui - Bs.As. G.B.A. Sur
Ford Fiesta,Ford Fiesta 1.6 Max Ambiente,6000000.0,$,2008,200.000 Km,Esteban Echeverría - Bs.As. G.B.A. Sur
Ford Fiesta,Ford Fiesta 1.6 L Se Plus Powershift,10000000.0,$,2013,122.000 Km,Morón - Bs.As. G.B.A. Oeste
Ford Fiesta,Ford Fiesta 1.6 Edge Plus,6500000.0,$,2004,198.000 Km,San Miguel - Bs.As. G.B.A. Norte
Ford Fiesta,Ford Fiesta 1.6 Ambien. Plus Gnc,7800000.0,$,2006,240.000 Km,Merlo - Bs.As. G.B.A. Oeste
Ford Fiesta,Ford Fiesta Ford Fiesta Pack Plus,12000.0,US$,2013,170.000 Km,Quilmes - Bs.As. G.B.A. Sur
Ford Fiesta,Ford Fiesta 1.6 Titanium Powershift 120cv,12000.0,US$,2015,160.000 Km,Pilar - Bs.As. G.B.A. Norte
Ford Fiesta,Ford Fiesta 1.6 Ambiente,5800000.0,$,2004,138.000 Km,Capital Federal - Capital Federal
Ford Fiesta,Ford Fiesta 1.6 One Ambiente Plus 98cv,9500000.0,$,2012,125.000 Km,Quilmes - Bs.As. G.B.A. Sur
Ford Fiesta,Ford Fiesta 1.6 Max One Edge Plus 98cv,9500000.0,$,2012,200.000 Km,Tres De Febrero - Bs.As. G.B.A. Oeste
Ford Fiesta,Ford Fiesta 1.6 Ambien. Plus,9000000.0,$,2012,177.000 Km,Moreno - Bs.As. G.B.A. Oeste
Ford Fiesta,Ford Fiesta Ambiente Plus Mp3,7600000.0,$,2013,111.000 Km,Almirante Brown - Bs.As. G.B.A. Sur
Ford Fiesta,Ford Fiesta 1.6 Ambiente,5800000.0,$,2003,155.000 Km,Moreno - Bs.As. G.B.A. Oeste
Ford Fiesta,Ford Fiesta 1.6 S,15800000.0,$,2017,105.000 Km,Capital Federal - Capital Federal
Ford Fiesta,Ford Fiesta Se Plus,16500.0,US$,2015,113.400 Km,Capital Federal - Capital Federal
Ford Fiesta,Ford Fiesta 1.6 One Ambiente Plus 98cv,10000000.0,$,2013,98.500 Km,Moreno - Bs.As. G.B.A. Oeste
Ford Fiesta,Ford Fiesta 1.4,6600000.0,$,2006,280.000 Km,Luján - Buenos Aires Interior
Ford Fiesta,Ford Fiesta 1.6 Ambien. Plus Gnc,6500000.0,$,2004,192.000 Km,Marcos Paz - Buenos Aires Interior
Ford Fiesta,Ford Fiesta 1.6 Max One Ambiente 98cv,8500000.0,$,2012,136.279 Km,General San Martín - Bs.As. G.B.A. Norte
Ford Fiesta,Ford Fiesta 1.6 Edge Plus Mp3,7500.0,US$,2009,167.000 Km,Avellaneda - Bs.As. G.B.A. Sur
Ford Fiesta,Ford Fiesta 1.6 Max Ambiente Plus Mp3,9500000.0,$,2009,159.000 Km,Capital Federal - Capital Federal
Ford Fiesta,Ford Fiesta 1.6 Max One Ambiente Plus,8500000.0,$,2011,190.000 Km,Beccar - Bs.As. G.B.A. Norte
Ford Fiesta,Ford Fiesta 1.6 Edge Plus Mp3,9850000.0,$,2008,128.000 Km,Berazategui - Bs.As. G.B.A. Sur
Ford Fiesta,Ford Fiesta Titanium 1.6,10000.0,US$,2014,140.000 Km,Capital Federal - Capital Federal
Ford Fiesta,Ford Fiesta 1.3 Cl,3500000.0,$,1995,9.000.000 Km,Tres De Febrero - Bs.As. G.B.A. Oeste
Ford Fiesta,Ford Fiesta 1.6 Lx,3700000.0,$,2001,180.000 Km,General Rodríguez - Bs.As. G.B.A. Oeste
Ford Fiesta,Ford Fiesta 1.6 Ambiente,4800000.0,$,2005,280.000 Km,La Plata - Buenos Aires Interior
Ford Fiesta,Ford Fiesta 1.6l S Plus,12500000.0,$,2014,160.000 Km,Escobar - Bs.As. G.B.A. Norte
Ford Fiesta,Ford Fiesta 1.6 One Ambiente Plus 98cv,13900000.0,$,2013,96.640 Km,Capital Federal - Capital Federal
Ford Fiesta,Ford Fiesta 1.6 Max One Ambiente Plus,8800000.0,$,2011,178.000 Km,Morón - Bs.As. G.B.A. Oeste
Ford Fiesta,Ford Fiesta 1.3 Cl,4000000.0,$,1996,91.000 Km,Avellaneda - Bs.As. G.B.A. Sur
Ford Fiesta,Ford Fiesta 1.6 Ambiente Mp3,10000000.0,$,2009,308.000 Km,Moreno - Bs.As. G.B.A. Oeste
Ford Fiesta,Ford Fiesta 1.6 Ambiente Mp3,8000000.0,$,2009,137.000 Km,Capital Federal - Capital Federal
Ford Fiesta,Ford Fiesta 1.6 Ambiente Mp3,5000.0,US$,2009,249.000 Km,Malvinas Argentinas - Bs.As. G.B.A. Norte
Ford Fiesta,Ford Fiesta 1.6 Ambiente Mp3,8000000.0,$,2009,160.000 Km,Hurlingham - Bs.As. G.B.A. Oeste
Ford Fiesta,Ford Fiesta 1.6 Ambiente Mp3,7500000.0,$,2009,198.000 Km,Hurlingham - Bs.As. G.B.A. Oeste
Ford Fiesta,Ford Fiesta 1.6 Max One Ambiente Plus 98cv,7500000.0,$,2012,150.000 Km,José C. Paz - Bs.As. G.B.A. Norte
Ford Fiesta,Ford Fiesta 1.6 Edge Plus,9850000.0,$,2008,128.000 Km,Berazategui - Bs.As. G.B.A. Sur
Ford Fiesta,Ford Fiesta 1.6 Max One Ambiente,8500000.0,$,2011,200.000 Km,Tres De Febrero - Bs.As. G.B.A. Oeste
Ford Fiesta,Ford Fiesta 1.6 S Plus,17000000.0,$,2017,31.420 Km,General San Martín - Bs.As. G.B.A. Norte
Ford Fiesta,Ford Fiesta 1.6 Max One Ambiente Plus 98cv,10000000.0,$,2013,170.000 Km,Capital Federal - Capital Federal
Ford Fiesta,Ford Fiesta 1.6 Ambiente,5800.0,US$,2006,148.000 Km,Capital Federal - Capital Federal
Ford Fiesta,Ford Fiesta 1.6 Max Ambiente,7700000.0,$,2007,11.111 Km,Vicente López - Bs.As. G.B.A. Norte
Ford Fiesta,Ford Fiesta 1.6 Edge Plus Mp3,6500.0,US$,2007,138.713 Km,Capital Federal - Capital Federal
Ford Fiesta,Ford Fiesta 1.3 Clx,4500000.0,$,1996,111.111 Km,Capital Federal - Capital Federal
Ford Fiesta,Ford Fiesta Se Plus,11000.0,US$,2017,105.000 Km,Marcos Paz - Buenos Aires Interior
Ford Fiesta,Ford Fiesta 1.6 Max One Ambiente,6900000.0,$,2011,153.000 Km,Capital Federal - Capital Federal
Ford Fiesta,Ford Fiesta 1.6 Max Edge Plus,8700000.0,$,2010,151.000 Km,General San Martín - Bs.As. G.B.A. Norte
Ford Fiesta,Ford Fiesta 3.6,7000000.0,$,2007,400.000 Km,Moreno - Bs.As. G.B.A. Oeste
Ford Fiesta,Ford Fiesta 1.6 Ambiente Plus Mp3,6000.0,US$,2008,125.000 Km,Berazategui - Bs.As. G.B.A. Sur
Ford Fiesta,Ford Fiesta 1.6 Ambiente Plus Mp3,8000000.0,$,2008,221.250 Km,San Miguel - Bs.As. G.B.A. Norte
Ford Fiesta,Ford Fiesta 1.6 Ambiente,5000.0,US$,2005,247.000 Km,Capital Federal - Capital Federal
Ford Fiesta,Ford Fiesta 1.6 Ambiente Mp3,8700000.0,$,2010,219.000 Km,La Plata - Bs.As. G.B.A. Sur
Ford Fiesta,Ford Fiesta 1.6 Ambiente Plus Mp3,7300000.0,$,2007,164.000 Km,Capital Federal - Capital Federal
Ford Ka,Ford Ka 1.5 S,17100000.0,$,2020,53.000 Km,San Isidro - Bs.As. G.B.A. Norte
Ford Ka,Ford Ka 1.5 S,12900000.0,$,2017,65.000 Km,Lomas De Zamora - Bs.As. G.B.A. Sur
Ford Ka,Ford Ka 1.5 Se,14300000.0,$,2018,92.000 Km,Capital Federal - Capital Federal
Ford Ka,Ford Ka 1.5 Se,12500.0,US$,2020,83.000 Km,La Matanza - Bs.As. G.B.A. Oeste
Ford Ka,Ford Ka 1.5 S+,15950000.0,$,2019,100.000 Km,Vicente López - Bs.As. G.B.A. Norte
Ford Ka,Ford Ka 1.5 Se,18000000.0,$,2019,55.000 Km,San Isidro - Bs.As. G.B.A. Norte
Ford Ka,Ford Ka 1.5 Se,18500000.0,$,2020,93.000 Km,Malvinas Argentinas - Bs.As. G.B.A. Norte
Ford Ka,Ford Ka 1.6 Fly Viral,8400000.0,$,2013,109.043 Km,Malvinas Argentinas - Bs.As. G.B.A. Norte
Ford Ka,Ford Ka 1.5 S,14500000.0,$,2019,180.000 Km,General San Martín - Bs.As. G.B.A. Norte
Ford Ka,Ford Ka 1.5 Sel,16800000.0,$,2019,72.000 Km,San Isidro - Bs.As. G.B.A. Norte
Ford Ka,Ford Ka 1.0 Plus Aa Tattoo,4200.0,US$,2004,123.000 Km,Quilmes - Bs.As. G.B.A. Sur
Ford Ka,Ford Ka 1.5 Sel,17000000.0,$,2017,86.000 Km,Esteban Echeverría - Bs.As. G.B.A. Sur
Ford Ka,Ford Ka 1.5 Se At,15600000.0,$,2019,94.000 Km,San Isidro - Bs.As. G.B.A. Norte
Ford Ka,Ford Ka 1.6 Pulse Top 95cv,9900000.0,$,2011,72.400 Km,Capital Federal - Capital Federal
Ford Ka,Ford Ka 1.5 Se,16000000.0,$,2019,77.000 Km,La Plata - Bs.As. G.B.A. Sur
Ford Ka,Ford Ka 1.5 Se 4 P,15400000.0,$,2018,85.000 Km,San Miguel - Bs.As. G.B.A. Norte
Ford Ka,Ford Ka 1.6 Fly Viral 95cv,9800000.0,$,2011,9.300.000 Km,Lanús - Bs.As. G.B.A. Sur
Ford Ka,Ford Ka 1.5 S,10999.0,US$,2019,95.000 Km,Tigre - Bs.As. G.B.A. Norte
Ford Ka,Ford Ka 1.5 S,15800000.0,$,2019,64.000 Km,Escobar - Bs.As. G.B.A. Norte
Ford Ka,Ford Ka 1.5 Se Sedan,13989900.0,$,2017,110.000 Km,Capital Federal - Capital Federal
Ford Ka,Ford Ka 1.5 Se,13500000.0,$,2017,155.000 Km,Lomas De Zamora - Bs.As. G.B.A. Sur
Ford Ka,Ford Ka 1.5 Se,13000000.0,$,2017,100.000 Km,La Matanza - Bs.As. G.B.A. Oeste
Ford Ka,Ford Ka 1.5 Se,12500.0,US$,2019,98.000 Km,Ituzaingó - Bs.As. G.B.A. Oeste
Ford Ka,Ford Ka 1.5 Se,14000.0,US$,2019,29.400 Km,Lomas De Zamora - Bs.As. G.B.A. Sur
Ford Ka,Ford Ka 1.0 Fly Viral Usb/bluetooth,9900000.0,$,2011,65.000 Km,Capital Federal - Capital Federal
Ford Ka,Ford Ka 1.6 Fly Viral,9200000.0,$,2010,124.000 Km,Vicente López - Bs.As. G.B.A. Norte
Ford Ka,Ford Ka 1.6 Fly Viral,8900000.0,$,2010,131.000 Km,Capital Federal - Capital Federal
Ford Ka,Ford Ka 1.5 Sel,10900.0,US$,2016,116.100 Km,Morón - Bs.As. G.B.A. Oeste
Ford Ka,Ford Ka 1.5 Sel,14700000.0,$,2016,86.300 Km,General Las Heras - Buenos Aires Interior
Ford Ka,Ford Ka 1.5 Sel At 5p,17000000.0,$,2019,82.000 Km,Capital Federal - Capital Federal
Ford Ka,Ford Ka 1.6 Fly Viral 95cv,10500000.0,$,2013,82.000 Km,Almirante Brown - Bs.As. G.B.A. Sur
Ford Ka,Ford Ka 1.6 Fly Viral 95cv,9200000.0,$,2013,150.000 Km,Malvinas Argentinas - Bs.As. G.B.A. Norte
Ford Ka,Ford Ka 1.0 Tattoo,7999999.0,$,2000,185.000 Km,Vicente López - Bs.As. G.B.A. Norte
Ford Ka,Ford Ka 1.0 Fly Viral 63cv,8900000.0,$,2012,112.000 Km,Capital Federal - Capital Federal
Ford Ka,Ford Ka 1.5 Se,14500000.0,$,2018,102.000 Km,Tigre - Bs.As. G.B.A. Norte
Ford Ka,Ford Ka 1.5 S,10500.0,US$,2017,85.000 Km,San Isidro - Bs.As. G.B.A. Norte
Ford Ka,Ford Ka 1.0 Viral,9900000.0,$,2008,72.400 Km,Lomas De Zamora - Bs.As. G.B.A. Sur
Ford Ka,Ford Ka 1.5 S,8900.0,US$,2019,146.500 Km,Morón - Bs.As. G.B.A. Oeste
Ford Ka,Ford Ka 1.5 Sel,17000000.0,$,2018,70.000 Km,Capital Federal - Capital Federal
Ford Ka,Ford Ka 1.0 Fly Viral 63cv,7500000.0,$,2011,205.000 Km,Tres De Febrero - Bs.As. G.B.A. Oeste
Ford Ka,Ford Ka 1.0 Fly Plus,7500000.0,$,2009,146.000 Km,Vicente López - Bs.As. G.B.A. Norte
Ford Ka,Ford Ka 1.5 Se At,12500.0,US$,2019,99.000 Km,La Matanza - Bs.As. G.B.A. Oeste
Ford Ka,Ford Ka 1.6 Fly Viral 95cv,5900.0,US$,2012,175.000 Km,Del Viso - Bs.As. G.B.A. Norte
Ford Ka,Ford Ka 1.5 Sel,13000.0,US$,2019,40.000 Km,Capital Federal - Capital Federal
Ford Ka,Ford Ka 1.5 S,14700000.0,$,2017,94.000 Km,La Plata - Bs.As. G.B.A. Sur
Ford Ka,Ford Ka 1.0 Fly Viral 63cv,8500000.0,$,2012,96.000 Km,Quilmes - Bs.As. G.B.A. Sur
Ford Ka,Ford Ka 1.5 S,8999.0,US$,2016,131.000 Km,Tigre - Bs.As. G.B.A. Norte
Ford Ka,Ford Ka 1.5 Se Sedan,13989900.0,$,2017,110.000 Km,Capital Federal - Capital Federal
Ford Ka,Ford Ka 1.5 Se,21800000.0,$,2020,29.000 Km,Tigre - Bs.As. G.B.A. Norte
Ford Ka,Ford Ka 1.5 S,14000000.0,$,2019,105.000 Km,Vicente López - Bs.As. G.B.A. Norte
Ford Ka,Ford Ka 1.5 Sel At 5p,17000000.0,$,2019,82.000 Km,Capital Federal - Capital Federal
Ford Ka,Ford Ka 1.5 S,17000000.0,$,2021,47.000 Km,Lanús - Bs.As. G.B.A. Sur
Ford Ka,Ford Ka 1.5 Se,14500000.0,$,2016,108.000 Km,Berazategui - Bs.As. G.B.A. Sur
Ford Ka,Ford Ka 1.5 Se,10000.0,US$,2016,99.000 Km,Morón - Bs.As. G.B.A. Oeste
Ford Ka,Ford Ka 1.5 Se,10200.0,US$,2016,92.000 Km,Capital Federal - Capital Federal
Ford Ka,Ford Ka 1.5 Se At,12500.0,US$,2019,99.000 Km,Capital Federal - Capital Federal
Ford Ka,Ford Ka 1.6 Pulse Top 95cv,7700.0,US$,2012,85.900 Km,Capital Federal - Capital Federal
Ford Ka,Ford Ka 1.5 Sel At,16500000.0,$,2018,66.000 Km,Moreno - Bs.As. G.B.A. Oeste
Ford Ka,Ford Ka Full,13500.0,US$,2020,75.000 Km,Capital Federal - Capital Federal
Ford Ka,Ford Ka 1.0 Fly Viral 63cv,8900000.0,$,2012,120.000 Km,La Plata - Bs.As. G.B.A. Sur
Ford Ka,Ford Ka 1.5 Sel,18500000.0,$,2020,56.000 Km,Tigre - Bs.As. G.B.A. Norte
Ford Ka,Ford Ka 1.0 Fly 63cv,7900000.0,$,2012,105.300 Km,Luján - Buenos Aires Interior
Ford Ka,Ford Ka 1.5 S,16500000.0,$,2021,123.000 Km,Capital Federal - Capital Federal
Ford Ka,Ford Ka 1.5 Sel At 5p,20500000.0,$,2019,90.000 Km,Castelar - Bs.As. G.B.A. Oeste
Ford Ka,Ford Ka 1.5 Sel At 5p,17700000.0,$,2019,104.000 Km,Capital Federal - Capital Federal
Ford Ka,Ford Ka 1.5 Se,14600000.0,$,2017,87.000 Km,Caseros - Bs.As. G.B.A. Oeste
Ford Ka,Ford Ka 1.5 Se,16990000.0,$,2018,75.990 Km,Escobar - Bs.As. G.B.A. Norte
Ford Ka,Ford Ka 1.5 Se,12000.0,US$,2018,80.000 Km,San Isidro - Bs.As. G.B.A. Norte
Ford Ka,Ford Ka 1.5 S,15500000.0,$,2018,82.000 Km,La Matanza - Bs.As. G.B.A. Oeste
Ford Ka,Ford Ka 1.5 S,14800000.0,$,2020,81.000 Km,Avellaneda - Bs.As. G.B.A. Sur
Ford Ka,Ford Ka 1.5 S,11000.0,US$,2020,96.000 Km,Capital Federal - Capital Federal
Ford Ka,Ford Ka 1.5 Se Freestyle 5p L18,20065800.0,$,2021,87.035 Km,Capital Federal - Capital Federal
Ford Ka,Ford Ka 1.5 S,13400000.0,$,2017,84.168 Km,Capital Federal - Capital Federal
Ford Ka,Ford Ka 1.5 S 4 P,14000000.0,$,2018,98.000 Km,Lanús - Bs.As. G.B.A. Sur
Ford Ka,Ford Ka 1.5 S,12500.0,US$,2018,49.000 Km,San Fernando - Bs.As. G.B.A. Norte
Ford Ka,Ford Ka 1.5 S,16300000.0,$,2018,48.000 Km,La Matanza - Bs.As. G.B.A. Oeste
Ford Ka,Ford Ka 1.0 Fly Viral 63cv,8500000.0,$,2012,149.000 Km,La Matanza - Bs.As. G.B.A. Oeste
Ford Ka,Ford Ka 1.5 Se,13300.0,US$,2019,54.500 Km,La Plata - Bs.As. G.B.A. Sur
Ford Ka,Ford Ka 1.5 S,17000000.0,$,2017,98.095 Km,Lomas De Zamora - Bs.As. G.B.A. Sur
Ford Ka,Ford Ka 1.5 S,12470000.0,$,2017,114.000 Km,Capital Federal - Capital Federal
Ford Ka,Ford Ka 1.0 Fly Viral 63cv,8800000.0,$,2012,100.000 Km,Avellaneda - Bs.As. G.B.A. Sur
Ford Ka,Ford Ka 1.5 Sel,15800000.0,$,2019,95.000 Km,San Andrés De Giles - Buenos Aires Interior
Ford Ka,Ford Ka 1.5 Sel,13900000.0,$,2018,109.000 Km,Capital Federal - Capital Federal
Ford Ka,Ford Ka 1.5 S,9500.0,US$,2017,134.000 Km,Pilar - Bs.As. G.B.A. Norte
Ford Ka,Ford Ka 1.5 S,18000000.0,$,2021,112.246 Km,Capital Federal - Capital Federal
Ford Ka,Ford Ka 1.5 Sel,18500000.0,$,2021,74.000 Km,Avellaneda - Bs.As. G.B.A. Sur
Ford Ka,Ford Ka 1.6 Fly Viral 95cv,9600000.0,$,2013,135.000 Km,Escobar - Bs.As. G.B.A. Norte
Ford Ka,Ford Ka 1.5 Se At,13700.0,US$,2020,67.500 Km,Capital Federal - Capital Federal
Ford Ka,Ford Ka 1.5 Se,13000000.0,$,2017,180.000 Km,Capital Federal - Capital Federal
Ford Ka,Ford Ka 1.5 Freestyle,11000.0,US$,2018,86.000 Km,La Plata - Bs.As. G.B.A. Sur
Ford Ka,Ford Ka 1.5 S,11500.0,US$,2018,71.500 Km,Capital Federal - Capital Federal
Ford Ka,Ford Ka 1.5 S,16100000.0,$,2018,90.000 Km,Esteban Echeverría - Bs.As. G.B.A. Sur
Ford Ka,Ford Ka 1.5 Se,16000000.0,$,2018,111.000 Km,La Matanza - Bs.As. G.B.A. Oeste
Ford Ka,Ford Ka 1.6 Pulse Top 95cv,7900.0,US$,2013,120.000 Km,Hurlingham - Bs.As. G.B.A. Oeste
Ford Ka,Ford Ka Ka Se 1.5,17500000.0,$,2018,78.000 Km,Capital Federal - Capital Federal
Ford Ka,Ford Ka 1.5 Sel,18500000.0,$,2020,40.000 Km,Morón - Bs.As. G.B.A. Oeste
Ford Ka,Ford Ka 1.5 S,14000000.0,$,2019,85.000 Km,Capital Federal - Capital Federal
Ford Ka,Ford Ka 1.5 Sel,10000.0,US$,2016,112.300 Km,La Matanza - Bs.As. G.B.A. Oeste
Ford Ka,Ford Ka 1.5 S,16810000.0,$,2019,58.000 Km,General San Martín - Bs.As. G.B.A. Norte
Ford Ka,Ford Ka 1.5 S,15990000.0,$,2019,79.900 Km,Lanús - Bs.As. G.B.A. Sur
Ford Ka,Ford Ka 1.5 S,15500000.0,$,2017,114.000 Km,La Plata - Bs.As. G.B.A. Sur
Ford Ka,Ford Ka 1.5 Se,10300.0,US$,2017,140.000 Km,Capital Federal - Capital Federal
Ford Ka,Ford Ka Ka S Plus 4p,18900000.0,$,2020,53.000 Km,Capital Federal - Capital Federal
Ford Ka,Ford Ka 1.5 Se,15000000.0,$,2019,99.498 Km,Escobar - Bs.As. G.B.A. Norte
Ford Ka,Ford Ka 1.0 Fly 63cv,10000000.0,$,2012,125.000 Km,Malvinas Argentinas - Bs.As. G.B.A. Norte
Ford Ka,Ford Ka 1.6 Fly Viral 95cv,6900.0,US$,2013,60.600 Km,Vicente López - Bs.As. G.B.A. Norte
Ford Ka,Ford Ka 1.0 Fly Viral 63cv,8900000.0,$,2012,130.000 Km,Capital Federal - Capital Federal
Ford Ka,Ford Ka 1.6 Fly Viral 95cv,10400000.0,$,2012,125.000 Km,Berazategui - Bs.As. G.B.A. Sur
Ford Ka,Ford Ka 1.0 Fly Viral 63cv,9000000.0,$,2012,86.000 Km,General San Martín - Bs.As. G.B.A. Norte
Ford Ka,Ford Ka 1.5 S,17000000.0,$,2018,36.700 Km,San Miguel - Bs.As. G.B.A. Norte
Ford Ka,Ford Ka 1.5 Se,19500000.0,$,2019,61.000 Km,San Miguel - Bs.As. G.B.A. Norte
Ford Ka,Ford Ka 1.5 Se,16500000.0,$,2019,106.000 Km,San Miguel - Bs.As. G.B.A. Norte
Ford Ka,Ford Ka 1.5 Se,15500.0,US$,2019,58.000 Km,San Isidro - Bs.As. G.B.A. Norte
Ford Ka,Ford Ka 1.5 Se,17800000.0,$,2019,70.000 Km,La Plata - Bs.As. G.B.A. Sur
Ford Ka,Ford Ka 1.5 Se,17900000.0,$,2019,84.000 Km,Avellaneda - Bs.As. G.B.A. Sur
Ford Ka,Ford Ka 1.5 S,16400000.0,$,2021,75.000 Km,Capital Federal - Capital Federal
Ford Ka,Ford Ka 1.5 Freestyle Sel At,19450000.0,$,2020,41.000 Km,Vicente López - Bs.As. G.B.A. Norte
Ford Ka,Ford Ka 1.5 Sel,17500000.0,$,2020,75.000 Km,Capital Federal - Capital Federal
Ford Ka,Ford Ka 1.5 Se,16300000.0,$,2017,85.000 Km,Berazategui - Bs.As. G.B.A. Sur
Ford Ka,Ford Ka 1.5 Se,11500.0,US$,2018,63.000 Km,Escobar - Bs.As. G.B.A. Norte
Ford Ka,Ford Ka 1.0 Fly Plus,7900000.0,$,2010,155.000 Km,Vicente López - Bs.As. G.B.A. Norte
Ford Ka,Ford Ka 1.6 Fly Viral,6560000.0,$,2008,190.220 Km,Malvinas Argentinas - Bs.As. G.B.A. Norte
Ford Ka,Ford Ka 1.5 Se At,15900000.0,$,2019,97.000 Km,Capital Federal - Capital Federal
Ford Ka,Ford Ka 1.5 Sel,15350000.0,$,2016,144.782 Km,Capital Federal - Capital Federal
Ford Ka,Ford Ka 1.5 Se,16000000.0,$,2017,109.000 Km,Lanús - Bs.As. G.B.A. Sur
Ford Ka,Ford Ka 1.6 Pulse Top 95cv,8200000.0,$,2012,123.000 Km,Lomas De Zamora - Bs.As. G.B.A. Sur
Ford Ka,Ford Ka 1.5 S,13250000.0,$,2016,102.000 Km,Tigre - Bs.As. G.B.A. Norte
Ford Ka,Ford Ka 1.5 S,12900000.0,$,2016,132.000 Km,Almirante Brown - Bs.As. G.B.A. Sur
Ford Ka,Ford Ka 1.0 Fly Viral 63cv,11000000.0,$,2013,55.700 Km,Capital Federal - Capital Federal
Ford Ka,Ford Ka 1.5 S My18,13650000.0,$,2018,102.742 Km,Capital Federal - Capital Federal
Ford Ka,Ford Ka 1.6 Pulse Top 95cv,8300000.0,$,2011,175.000 Km,San Fernando - Bs.As. G.B.A. Norte
Ford Ka,Ford Ka 1.5 S 5p,16000000.0,$,2016,101.000 Km,Berazategui - Bs.As. G.B.A. Sur
Ford Ka,Ford Ka 1.5 S,12980000.0,$,2016,132.000 Km,Almirante Brown - Bs.As. G.B.A. Sur
Ford Ka,Ford Ka 1.5 S,15800000.0,$,2016,135.700 Km,Esteban Echeverría - Bs.As. G.B.A. Sur
Ford Ka,Ford Ka 1.5 S,14000000.0,$,2016,115.000 Km,Tigre - Bs.As. G.B.A. Norte
Ford Ka,Ford Ka 1.5 S,15900000.0,$,2020,52.000 Km,San Isidro - Bs.As. G.B.A. Norte
Ford Ka,Ford Ka 1.6 Fly Viral,7500000.0,$,2009,121.000 Km,Capital Federal - Capital Federal
Ford Ka,Ford Ka 1.5 Sel,10950000.0,$,2016,150.453 Km,Malvinas Argentinas - Bs.As. G.B.A. Norte
Ford Ka,Ford Ka 1.5 S,12500000.0,$,2016,105.000 Km,Capital Federal - Capital Federal
Ford Ka,Ford Ka 1.5 Sel,13500000.0,$,2017,90.000 Km,Morón - Bs.As. G.B.A. Oeste
Ford Ka,Ford Ka 1.0 Fly Plus 3p,8500000.0,$,2013,165.035 Km,Escobar - Bs.As. G.B.A. Norte
Ford Ka,Ford Ka 1.6,14900000.0,$,2018,77.000 Km,Capital Federal - Capital Federal
Ford Ka,Ford Ka 1.5 S,15000000.0,$,2017,79.000 Km,Morón - Bs.As. G.B.A. Oeste
Ford Ka,Ford Ka 1.5 Se,14220000.0,$,2018,79.035 Km,Capital Federal - Capital Federal
Ford Ka,Ford Ka 1.5 Se,14000000.0,$,2017,127.300 Km,Lanús - Bs.As. G.B.A. Sur
Ford Ka,Ford Ka 1.5 Sel,18500000.0,$,2017,65.500 Km,Almirante Brown - Bs.As. G.B.A. Sur
Ford Ka,Ford Ka 1.6 Fly Viral Usb/bluetooth,7990000.0,$,2011,98.000 Km,La Plata - Bs.As. G.B.A. Sur
Ford Ka,Ford Ka 1.0 Fly 63cv,11300000.0,$,2012,122.000 Km,Luján - Buenos Aires Interior
Ford Ka,Ford Ka 1.5 S,16500000.0,$,2019,45.000 Km,La Plata - Bs.As. G.B.A. Sur
Ford Ka,Ford Ka 1.5 S,14500000.0,$,2018,68.000 Km,Capital Federal - Capital Federal
Ford Ka,Ford Ka 1.0 Fly Viral 63cv,8199000.0,$,2013,152.500 Km,San Isidro - Bs.As. G.B.A. Norte
Ford Ka,Ford Ka 1.6 Pulse 95cv,10000000.0,$,2011,189.000 Km,Berazategui - Bs.As. G.B.A. Sur
Ford Ka,Ford Ka 1.5 Sel,15000000.0,$,2016,88.000 Km,San Isidro - Bs.As. G.B.A. Norte
Ford Ka,Ford Ka 1.5 S,10500.0,US$,2017,103.000 Km,La Plata - Bs.As. G.B.A. Sur
Ford Ka,Ford Ka 1.5 S,8900.0,US$,2017,105.000 Km,Malvinas Argentinas - Bs.As. G.B.A. Norte
Ford Ka,Ford Ka 1.5 Se,17200000.0,$,2017,99.300 Km,Luján - Buenos Aires Interior
Ford Ka,Ford Ka 1.5 S,16000000.0,$,2018,48.000 Km,San Miguel - Bs.As. G.B.A. Norte
Ford Ka,Ford Ka 1.5 S,15700000.0,$,2017,82.000 Km,San Miguel - Bs.As. G.B.A. Norte
Ford Ka,Ford Ka 1.0 Fly Viral 63cv,8800000.0,$,2012,69.000 Km,Morón - Bs.As. G.B.A. Oeste
Ford Ka,Ford Ka 1.5 Sel,13000.0,US$,2019,51.000 Km,Malvinas Argentinas - Bs.As. G.B.A. Norte
Ford Ka,Ford Ka 1.5 Se,12500000.0,$,2016,105.000 Km,Morón - Bs.As. G.B.A. Oeste
Ford Ka,Ford Ka 1.5 Sel,18300000.0,$,2020,63.000 Km,Capital Federal - Capital Federal
Ford Ka,Ford Ka 1.5 S,14200000.0,$,2020,60.000 Km,La Matanza - Bs.As. G.B.A. Oeste
Ford Ka,Ford Ka 1.6 Fly Viral 95cv,8000000.0,$,2011,160.000 Km,San Isidro - Bs.As. G.B.A. Norte
Ford Ka,Ford Ka 1.5 Sel,19990000.0,$,2020,49.000 Km,Lanús - Bs.As. G.B.A. Sur
Ford Ka,Ford Ka 1.5 Se,14000000.0,$,2018,74.400 Km,Morón - Bs.As. G.B.A. Oeste
Ford Ka,Ford Ka 1.0 Fly 63cv,9400000.0,$,2012,132.000 Km,Malvinas Argentinas - Bs.As. G.B.A. Norte
Ford Ka,Ford Ka 1.5 Sel,12500.0,US$,2020,65.000 Km,Campana - Buenos Aires Interior
Ford Ka,Ford Ka 1.5 Se,13500000.0,$,2017,130.000 Km,Capital Federal - Capital Federal
Ford Ka,Ford Ka 1.5 Se,9000.0,US$,2016,130.000 Km,Pilar - Bs.As. G.B.A. Norte
Ford Ka,Ford Ka 1.6 Pulse 95cv,6999.0,US$,2013,119.500 Km,Pilar - Bs.As. G.B.A. Norte
Ford Ka,Ford Ka 1.5 S,13400000.0,$,2017,130.000 Km,Pilar - Bs.As. G.B.A. Norte
Ford Ka,Ford Ka 1.5 Sel,12000.0,US$,2019,80.000 Km,La Plata - Bs.As. G.B.A. Sur
Ford Ka,Ford Ka 1.5 Se,16500000.0,$,2018,66.000 Km,San Vicente - Buenos Aires Interior
Ford Ka,Ford Ka 1.5 Se,10900.0,US$,2018,73.000 Km,Capital Federal - Capital Federal
Ford Ka,Ford Ka 1.5 Se At,12000.0,US$,2019,83.000 Km,La Plata - Bs.As. G.B.A. Sur
Ford Ka,Ford Ka 1.5 S,12000000.0,$,2016,107.000 Km,Almirante Brown - Bs.As. G.B.A. Sur
Ford Ka,Ford Ka 1.5 S,14500000.0,$,2019,90.000 Km,La Matanza - Bs.As. G.B.A. Oeste
Ford Ka,Ford Ka 1.5 Se,13800000.0,$,2017,63.200 Km,Capital Federal - Capital Federal
Ford Ka,Ford Ka 1.5 Sel At 5p,17500000.0,$,2019,59.000 Km,Lomas De Zamora - Bs.As. G.B.A. Sur
Ford Ka,Ford Ka 1.5 Se,19700000.0,$,2020,74.030 Km,General San Martín - Bs.As. G.B.A. Norte
Ford Ka,Ford Ka 1.5 Se,18500000.0,$,2020,132.000 Km,Berazategui - Bs.As. G.B.A. Sur
Ford Ka,Ford Ka 1.0 Fly Viral 63cv,6500.0,US$,2011,208.000 Km,La Matanza - Bs.As. G.B.A. Oeste
Ford Ka,Ford Ka 1.0 Fly Viral,9500000.0,$,2014,113.000 Km,Capital Federal - Capital Federal
Ford Ka,Ford Ka 1.5 S,9900.0,US$,2017,92.000 Km,Avellaneda - Bs.As. G.B.A. Sur
Ford Ka,Ford Ka 1.0 Viral,8500000.0,$,2008,130.000 Km,Vicente López - Bs.As. G.B.A. Norte
Ford Ka,Ford Ka 1.5 S,12100000.0,$,2016,214.990 Km,Morón - Bs.As. G.B.A. Oeste
Ford Ka,Ford Ka 1.5 S,11900000.0,$,2016,107.000 Km,Capital Federal - Capital Federal
Ford Ka,Ford Ka 1.5 S,9400.0,US$,2016,91.000 Km,Capital Federal - Capital Federal
Ford Ka,Ford Ka 1.5 Se,15750000.0,$,2018,85.000 Km,Capital Federal - Capital Federal
Ford Ka,Ford Ka 1.5 S,15500000.0,$,2020,59.000 Km,Vicente López - Bs.As. G.B.A. Norte
Ford Ka,Ford Ka 1.5 Sel At 5p,18900000.0,$,2019,50.000 Km,Tres De Febrero - Bs.As. G.B.A. Oeste
Ford Ka,Ford Ka 1.5 Sel,11500.0,US$,2017,58.500 Km,Capital Federal - Capital Federal
Ford Ka,Ford Ka 1.6 Pulse,7800000.0,$,2009,147.180 Km,Capital Federal - Capital Federal
Ford Ka,Ford Ka 1.5 S,20600000.0,$,2021,129.815 Km,Pilar - Bs.As. G.B.A. Norte
Ford Ka,Ford Ka 1.5 Se,12790000.0,$,2016,64.500 Km,Malvinas Argentinas - Bs.As. G.B.A. Norte
Ford Ka,Ford Ka 1.5 Se,10600.0,US$,2016,98.000 Km,Ituzaingó - Bs.As. G.B.A. Oeste
Ford Ka,Ford Ka 1.5 Se,15000000.0,$,2016,111.243 Km,Quilmes - Bs.As. G.B.A. Sur
Ford Ka,Ford Ka 1.0 Fly Plus,7500000.0,$,2010,230.000 Km,Capital Federal - Capital Federal
Ford Ka,Ford Ka 1.5 Sel,16490000.0,$,2018,59.800 Km,Lomas De Zamora - Bs.As. G.B.A. Sur
Ford Ka,Ford Ka 1.0 Fly Viral Usb/bluetooth,8040000.0,$,2011,102.000 Km,Quilmes - Bs.As. G.B.A. Sur
Ford Ka,Ford Ka 1.5 Se,14900000.0,$,2019,102.000 Km,Capital Federal - Capital Federal
Ford Ka,Ford Ka 1.5 Se,17200000.0,$,2020,75.000 Km,La Plata - Bs.As. G.B.A. Sur
Ford Ka,Ford Ka 1.5 Se,11500.0,US$,2017,87.000 Km,Capital Federal - Capital Federal
Ford Ka,Ford Ka 1.5 Se,14900000.0,$,2018,120.000 Km,Morón - Bs.As. G.B.A. Oeste
Ford Ka,Ford Ka 1.5 Se,16500000.0,$,2018,136.019 Km,Escobar - Bs.As. G.B.A. Norte
Ford Ka,Ford Ka 1.5 Se,16500000.0,$,2018,77.400 Km,Pilar - Bs.As. G.B.A. Norte
Ford Ka,Ford Ka 1.5 Se,14590000.0,$,2018,55.000 Km,Capital Federal - Capital Federal
Ford Ka,Ford Ka 1.5 S,15500000.0,$,2017,78.000 Km,Almirante Brown - Bs.As. G.B.A. Sur
Ford Ka,Ford Ka 1.5 Se,18566000.0,$,2019,57.956 Km,La Plata - Bs.As. G.B.A. Sur
Ford Ka,Ford Ka 1.5 Se,16000000.0,$,2018,63.000 Km,Capital Federal - Capital Federal
Ford Ka,Ford Ka 1.5 S,15600000.0,$,2018,58.000 Km,Lanús - Bs.As. G.B.A. Sur
Ford Ka,Ford Ka 1.0 Fly Plus,8250000.0,$,2013,64.000 Km,Capital Federal - Capital Federal
Ford Ka,Ford Ka 1.0 Fly Viral 63cv,9000000.0,$,2012,127.000 Km,Morón - Bs.As. G.B.A. Oeste
Ford Ka,Ford Ka 1.5 S,9900.0,US$,2018,90.000 Km,Capital Federal - Capital Federal
Ford Ka,Ford Ka 1.6 Pulse,6400000.0,$,2009,160.000 Km,Avellaneda - Bs.As. G.B.A. Sur
Ford Ka,Ford Ka 1.0 Fly Viral 63cv,10000000.0,$,2013,98.000 Km,Hurlingham - Bs.As. G.B.A. Oeste
Ford Ka,Ford Ka 1.0 Fly Viral 63cv,8799000.0,$,2011,110.500 Km,Pilar - Bs.As. G.B.A. Norte
Ford Ka,Ford Ka 1.5 Se,16500000.0,$,2020,65.000 Km,Lanús - Bs.As. G.B.A. Sur
Ford Ka,Ford Ka 1.5 Se,11000.0,US$,2019,84.000 Km,Capital Federal - Capital Federal
Ford Ka,Ford Ka 1.5 Freestyle,17990000.0,$,2019,50.000 Km,General San Martín - Bs.As. G.B.A. Norte
Ford Ka,Ford Ka 1.5 S,13000000.0,$,2017,100.000 Km,Tres De Febrero - Bs.As. G.B.A. Oeste
Ford Ka,Ford Ka 1.5 S,13500000.0,$,2018,93.000 Km,General San Martín - Bs.As. G.B.A. Norte
Ford Ka,Ford Ka 1.5 S,15500000.0,$,2018,78.000 Km,La Matanza - Bs.As. G.B.A. Oeste
Ford Ka,Ford Ka 1.5 S,15000000.0,$,2018,66.000 Km,Capital Federal - Capital Federal
Ford Ka,Ford Ka 1.0 Fly Viral 63cv,9450000.0,$,2013,122.000 Km,Capital Federal - Capital Federal
Ford Ka,Ford Ka 1.6 Pulse,8900000.0,$,2009,210.000 Km,La Plata - Bs.As. G.B.A. Sur
Ford Ka,Ford Ka 1.0 Fly Viral 63cv,8400000.0,$,2012,135.000 Km,Malvinas Argentinas - Bs.As. G.B.A. Norte
Ford Ka,Ford Ka 1.0 Fly Viral 63cv,9500000.0,$,2012,108.000 Km,Quilmes - Bs.As. G.B.A. Sur
Ford Ka,Ford Ka 1.0 Fly Viral 63cv,7500.0,US$,2013,98.000 Km,Capital Federal - Capital Federal
Ford Ka,Ford Ka 1.0 Fly Viral 63cv,6700.0,US$,2012,70.000 Km,Lanús - Bs.As. G.B.A. Sur
Ford Ka,Ford Ka 1.0 Fly Viral 63cv,7800000.0,$,2013,130.000 Km,Capital Federal - Capital Federal
Ford Ka,Ford Ka 1.5 Se,17000000.0,$,2019,68.000 Km,Capital Federal - Capital Federal
Ford Ka,Ford Ka 1.0 Fly Viral 63cv,7400000.0,$,2011,184.000 Km,San Isidro - Bs.As. G.B.A. Norte
Ford Ka,Ford Ka 1.5 S,14000000.0,$,2016,120.000 Km,La Matanza - Bs.As. G.B.A. Oeste
Ford Ka,Ford Ka 1.5 Se,22500000.0,$,2021,36.000 Km,San Andrés De Giles - Buenos Aires Interior
Ford Ka,Ford Ka 1.0 Fly Viral 63cv,7000.0,US$,2013,58.000 Km,Capital Federal - Capital Federal
Ford Ka,Ford Ka 1.5 S,11800000.0,$,2016,80.000 Km,Tigre - Bs.As. G.B.A. Norte
Ford Ka,Ford Ka 1.5 Se,14500000.0,$,2019,119.000 Km,Lomas De Zamora - Bs.As. G.B.A. Sur
Ford Ka,Ford Ka 1.5 Sel,14500000.0,$,2017,115.000 Km,Pilar - Bs.As. G.B.A. Norte
Peugeot 208,Peugeot 208 1.0 T200 Gt Cvt,34490000.0,$,2026,0 Km,Capital Federal - Capital Federal
Peugeot 208,Peugeot 208 1.6 Feline,12200.0,US$,2016,85.000 Km,Capital Federal - Capital Federal
Peugeot 208,Peugeot 208 1.0t Gt,36300800.0,$,2026,0 Km,Capital Federal - Capital Federal
Peugeot 208,Peugeot 208 1.6 Allure,25704000.0,$,2026,0 Km,Capital Federal - Capital Federal
Peugeot 208,Peugeot 208 1.6 Allure Touchscreen,13900000.0,$,2016,92.000 Km,Capital Federal - Capital Federal
Peugeot 208,Peugeot 208 1.6 Active Tiptronic,18900.0,US$,2022,20.000 Km,Capital Federal - Capital Federal
Peugeot 208,Peugeot 208 1.6 Like Pack,24000000.0,$,2023,39.000 Km,Moreno - Bs.As. G.B.A. Oeste
Peugeot 208,Peugeot 208 1.0 T200 Gt Cvt,30500000.0,$,2026,0 Km,La Matanza - Bs.As. G.B.A. Oeste
Peugeot 208,Peugeot 208 1.6 Feline Pack Cuir,15500000.0,$,2015,130.000 Km,Avellaneda - Bs.As. G.B.A. Sur
Peugeot 208,Peugeot 208 1.6 Feline,12500.0,US$,2018,137.000 Km,San Isidro - Bs.As. G.B.A. Norte
Peugeot 208,Peugeot 208 1.6 Road Trip Tiptronic,15900.0,US$,2023,28.900 Km,Capital Federal - Capital Federal
Peugeot 208,Peugeot 208 1.6 Gt Thp,18500000.0,$,2019,88.300 Km,Capital Federal - Capital Federal
Peugeot 208,Peugeot 208 1.6 Gt Thp,18500000.0,$,2018,88.800 Km,La Matanza - Bs.As. G.B.A. Oeste
Peugeot 208,Peugeot 208 1.0 T200 Gt Cvt,35900000.0,$,2026,0 Km,La Matanza - Bs.As. G.B.A. Oeste
Peugeot 208,Peugeot 208 1.0t Gt,24500.0,US$,2025,1.980 Km,Capital Federal - Capital Federal
Peugeot 208,Peugeot 208 1.0 T200 Gt Cvt,34200000.0,$,2026,0 Km,Tigre - Bs.As. G.B.A. Norte
Peugeot 208,Peugeot 208 1.6 Feline Tiptronic,27999999.0,$,2023,20.000 Km,Capital Federal - Capital Federal
Peugeot 208,Peugeot 208 1.0t Gt,33690000.0,$,2024,0 Km,Morón - Bs.As. G.B.A. Oeste
Peugeot 208,Peugeot 208 1.6 Feline,11500.0,US$,2014,60.000 Km,Capital Federal - Capital Federal
Peugeot 208,Peugeot 208 1.5 Allure,14500000.0,$,2015,34.000 Km,Capital Federal - Capital Federal
Peugeot 208,Peugeot 208 1.6 Feline,13000.0,US$,2019,103.000 Km,Capital Federal - Capital Federal
Peugeot 208,Peugeot 208 1.6 Allure Pack Tiptronic,17600.0,US$,2023,34.000 Km,Ezeiza - Bs.As. G.B.A. Sur
Peugeot 208,Peugeot 208 1.0 T200 Gt Cvt,32000000.0,$,2026,0 Km,Beccar - Bs.As. G.B.A. Norte
Peugeot 208,Peugeot 208 1.6 Feline Tiptronic,23900000.0,$,2022,42.000 Km,Capital Federal - Capital Federal
Peugeot 208,Peugeot 208 1.0 T200 Gt Cvt,31500000.0,$,2025,10.000 Km,Almirante Brown - Bs.As. G.B.A. Sur
Peugeot 208,Peugeot 208 1.0 T200 Gt Cvt,36400000.0,$,2026,0 Km,Vicente López - Bs.As. G.B.A. Norte
Peugeot 208,Peugeot 208 1.0t Allure Pack,33800500.0,$,2026,0 Km,Capital Federal - Capital Federal
Peugeot 208,Peugeot 208 1.0t Allure Pack,22000000.0,$,2024,0 Km,Tigre - Bs.As. G.B.A. Norte
Peugeot 208,Peugeot 208 1.6 Allure,29400000.0,$,2024,0 Km,Capital Federal - Capital Federal
Peugeot 208,Peugeot 208 1.6 Allure,31200130.0,$,2024,0 Km,Ezeiza - Bs.As. G.B.A. Sur
Peugeot 208,Peugeot 208 1.6 Allure,31500000.0,$,2024,0 Km,Capital Federal - Capital Federal
Peugeot 208,Peugeot 208 1.6 Allure,15000000.0,$,2018,101.100 Km,Capital Federal - Capital Federal
Peugeot 208,Peugeot 208 1.0 T200 Gt Cvt,32000000.0,$,2026,0 Km,Capital Federal - Capital Federal
Peugeot 208,Peugeot 208 1.6 Active Tiptronic,16000.0,US$,2022,55.000 Km,Capital Federal - Capital Federal
Peugeot 208,Peugeot 208 1.5 Active,12400000.0,$,2014,78.500 Km,Capital Federal - Capital Federal
Peugeot 208,Peugeot 208 1.0t Gt,31500000.0,$,2025,14.300 Km,Moreno - Bs.As. G.B.A. Oeste
Peugeot 208,Peugeot 208 1.0 T200 Allure Pack Cvt,24000000.0,$,2024,0 Km,Capital Federal - Capital Federal
Peugeot 208,Peugeot 208 1.6 Allure At,27994000.0,$,2026,0 Km,Capital Federal - Capital Federal
Peugeot 208,Peugeot 208 Allure Pk At T200 Am25,34900000.0,$,2024,0 Km,Capital Federal - Capital Federal
Peugeot 208,Peugeot 208 1.0 T200 Gt Cvt,35890000.0,$,2026,0 Km,San Isidro - Bs.As. G.B.A. Norte
Peugeot 208,Peugeot 208 1.6 Gt Thp,13000.0,US$,2017,99.000 Km,Moreno - Bs.As. G.B.A. Oeste
Peugeot 208,Peugeot 208 1.6 Active Pack,22000000.0,$,2023,28.530 Km,Quilmes - Bs.As. G.B.A. Sur
Peugeot 208,Peugeot 208 1.6 Allure,25701700.0,$,2026,0 Km,Capital Federal - Capital Federal
Peugeot 208,Peugeot 208 1.0 T200 Gt Cvt,30317000.0,$,2026,0 Km,Avellaneda - Bs.As. G.B.A. Sur
Peugeot 208,Peugeot 208 1.0t Allure Pack,29500000.0,$,2025,8.500 Km,San Miguel - Bs.As. G.B.A. Norte
Peugeot 208,Peugeot 208 1.6 Allure At,31300400.0,$,2026,0 Km,Capital Federal - Capital Federal
Peugeot 208,Peugeot 208 1.6 Allure At,31507000.0,$,2026,0 Km,Capital Federal - Capital Federal
Peugeot 208,Peugeot 208 1.6 Allure,13270000.0,$,2016,115.839 Km,Malvinas Argentinas - Bs.As. G.B.A. Norte
Peugeot 208,Peugeot 208 1.0t Gt,36300700.0,$,2026,0 Km,Capital Federal - Capital Federal
Peugeot 208,Peugeot 208 1.6 Gti,20500.0,US$,2017,79.000 Km,Moreno - Bs.As. G.B.A. Oeste
Peugeot 208,Peugeot 208 Gt,30999990.0,$,2026,0 Km,Capital Federal - Capital Federal
Peugeot 208,Peugeot 208 1.5 Allure,13500000.0,$,2014,130.000 Km,San Isidro - Bs.As. G.B.A. Norte
Peugeot 208,Peugeot 208 1.0 T200 Gt Cvt,34500000.0,$,2026,0 Km,Capital Federal - Capital Federal
Peugeot 208,Peugeot 208 1.6 Active Pack,22990000.0,$,2023,81.000 Km,Escobar - Bs.As. G.B.A. Norte
Peugeot 208,Peugeot 208 1.0t Gt,30000000.0,$,2024,0 Km,Vicente López - Bs.As. G.B.A. Norte
Peugeot 208,Peugeot 208 1.6 Allure,30000100.0,$,2026,0 Km,Pilar - Bs.As. G.B.A. Norte
Peugeot 208,Peugeot 208 1.0 T200 Gt Cvt,35300000.0,$,2026,0 Km,Quilmes - Bs.As. G.B.A. Sur
Peugeot 208,Peugeot 208 1.0 T200 Gt Cvt,30400000.0,$,2026,0 Km,Capital Federal - Capital Federal
Peugeot 208,Peugeot 208 1.2 New Like,20500000.0,$,2023,36.000 Km,Capital Federal - Capital Federal
Peugeot 208,Peugeot 208 1.6 Allure At,26650000.0,$,2026,0 Km,Capital Federal - Capital Federal
Peugeot 208,Peugeot 208 1.6 Active Pack Tiptronic,16500.0,US$,2023,26.000 Km,Capital Federal - Capital Federal
Peugeot 208,Peugeot 208 1.6 Gt Thp,18800000.0,$,2019,88.000 Km,La Matanza - Bs.As. G.B.A. Oeste
Peugeot 208,Peugeot 208 1.6 Gt Thp,16900000.0,$,2019,71.600 Km,Tigre - Bs.As. G.B.A. Norte
Peugeot 208,Peugeot 208 1.6 Gt Thp,18999999.0,$,2019,88.000 Km,La Matanza - Bs.As. G.B.A. Oeste
Peugeot 208,Peugeot 208 1.6 Gt Thp,18700000.0,$,2019,88.000 Km,Ituzaingó - Bs.As. G.B.A. Oeste
Peugeot 208,Peugeot 208 1.6 Gt Thp,16900000.0,$,2019,71.600 Km,San Isidro - Bs.As. G.B.A. Norte
Peugeot 208,Peugeot 208 1.6 Active Pack Tiptronic,23800000.0,$,2023,18.600 Km,Capital Federal - Capital Federal
Peugeot 208,Peugeot 208 1.6 Active Pack,23500000.0,$,2023,25.000 Km,Capital Federal - Capital Federal
Peugeot 208,Peugeot 208 1.0 T200 Gt Cvt,35000000.0,$,2026,0 Km,Capital Federal - Capital Federal
Peugeot 208,Peugeot 208 1.6 Feline Tiptronic,16490.0,US$,2021,57.000 Km,La Matanza - Bs.As. G.B.A. Oeste
Peugeot 208,Peugeot 208 1.0t Gt,37250200.0,$,2026,0 Km,Capital Federal - Capital Federal
Peugeot 208,Peugeot 208 1.6 Feline,18500000.0,$,2019,141.000 Km,La Plata - Bs.As. G.B.A. Sur
Peugeot 208,Peugeot 208 1.6 Allure,16500.0,US$,2022,21.830 Km,Capital Federal - Capital Federal
Peugeot 208,Peugeot 208 1.0t Gt,28500000.0,$,2025,0 Km,Ituzaingó - Bs.As. G.B.A. Oeste
Peugeot 208,Peugeot 208 1.6 Allure,24500000.0,$,2024,9.500 Km,Capital Federal - Capital Federal
Peugeot 208,Peugeot 208 1.6 Feline Tiptronic,13600.0,US$,2018,63.000 Km,San Fernando - Bs.As. G.B.A. Norte
Peugeot 208,Peugeot 208 1.6 Allure At,26635000.0,$,2026,0 Km,San Isidro - Bs.As. G.B.A. Norte
Peugeot 208,Peugeot 208 1.6l Feline Tiptronic,26400000.0,$,2023,95.000 Km,Zárate - Buenos Aires Interior
Peugeot 208,Peugeot 208 1.6l Feline Tiptronic,18500.0,US$,2023,25.000 Km,Capital Federal - Capital Federal
Peugeot 208,Peugeot 208 1.6 Allure Plus Hdi,16000000.0,$,2018,144.500 Km,Tres De Febrero - Bs.As. G.B.A. Oeste
Peugeot 208,Peugeot 208 1.0 T200 Gt Cvt,30400000.0,$,2026,0 Km,Capital Federal - Capital Federal
Peugeot 208,Peugeot 208 1.6 Allure,25500000.0,$,2026,0 Km,Capital Federal - Capital Federal
Peugeot 208,Peugeot 208 1.6 Allure At,33000000.0,$,2026,0 Km,Moreno - Bs.As. G.B.A. Oeste
Peugeot 208,Peugeot 208 1.6 Allure At,32250000.0,$,2026,0 Km,San Isidro - Bs.As. G.B.A. Norte
Peugeot 208,Peugeot 208 1.6 Allure,14500000.0,$,2015,88.000 Km,La Matanza - Bs.As. G.B.A. Oeste
Peugeot 208,Peugeot 208 1.6 Feline Pack Cuir,13800000.0,$,2014,91.000 Km,Vicente López - Bs.As. G.B.A. Norte
Peugeot 208,Peugeot 208 1.6 Feline Tiptronic,17500.0,US$,2022,51.000 Km,Tigre - Bs.As. G.B.A. Norte
Peugeot 208,Peugeot 208 1.6 Allure,23000000.0,$,2021,50.000 Km,Ezeiza - Bs.As. G.B.A. Sur
Peugeot 208,Peugeot 208 1.6 Allure Touchscreen,15300000.0,$,2016,86.000 Km,La Plata - Bs.As. G.B.A. Sur
Peugeot 208,Peugeot 208 1.6l Active Pack Tiptronic,16200.0,US$,2023,31.000 Km,Escobar - Bs.As. G.B.A. Norte
Peugeot 208,Peugeot 208 1.0 T200 Allure Pack Cvt,23000000.0,$,2024,0 Km,Capital Federal - Capital Federal
Peugeot 208,Peugeot 208 1.6 Style Tiptronic,17490.0,US$,2023,30.000 Km,Capital Federal - Capital Federal
Peugeot 208,Peugeot 208 1.2 Gt,32889900.0,$,2025,5.800 Km,Almirante Brown - Bs.As. G.B.A. Sur
Peugeot 208,Peugeot 208 1.6 Allure,16500.0,US$,2022,24.000 Km,Capital Federal - Capital Federal
Peugeot 208,Peugeot 208 1.6 Allure Pack,18300.0,US$,2023,32.000 Km,Escobar - Bs.As. G.B.A. Norte
Peugeot 208,Peugeot 208 1.5 Allure Touchscreen,15500000.0,$,2015,82.000 Km,Capital Federal - Capital Federal
Peugeot 208,Peugeot 208 1.6 Allure Nav Tiptronic,17100000.0,$,2017,52.100 Km,Ituzaingó - Bs.As. G.B.A. Oeste
Peugeot 208,Peugeot 208 1.0t Gt,30000000.0,$,2024,18.000 Km,Capital Federal - Capital Federal
Peugeot 208,Peugeot 208 1.0 T200 Allure Pack Cvt,32943800.0,$,2026,0 Km,Avellaneda - Bs.As. G.B.A. Sur
Peugeot 208,Peugeot 208 1.6 Feline,14300.0,US$,2019,104.000 Km,Lomas De Zamora - Bs.As. G.B.A. Sur
Peugeot 208,Peugeot 208 1.6 Active,16500000.0,$,2018,94.000 Km,Quilmes - Bs.As. G.B.A. Sur
Peugeot 208,Peugeot 208 1.6 Allure Tiptronic,17000.0,US$,2021,33.000 Km,Vicente López - Bs.As. G.B.A. Norte
Peugeot 208,Peugeot 208 1.5 Active,12300000.0,$,2016,86.500 Km,Capital Federal - Capital Federal
Peugeot 208,Peugeot 208 1.5 Active,17000000.0,$,2016,63.000 Km,Almirante Brown - Bs.As. G.B.A. Sur
Peugeot 208,Peugeot 208 1.6 Gti,22000.0,US$,2017,82.000 Km,Capital Federal - Capital Federal
Peugeot 208,Peugeot 208 1.6 Road Trip,27000000.0,$,2024,4.000 Km,General San Martín - Bs.As. G.B.A. Norte
Peugeot 208,Peugeot 208 1.0 T200 Gt Cvt,35990000.0,$,2026,0 Km,Capital Federal - Capital Federal
Peugeot 208,Peugeot 208 1.5 Allure,8650.0,US$,2014,159.500 Km,General Rodríguez - Bs.As. G.B.A. Oeste
Peugeot 208,Peugeot 208 1.6 Active Pack,27000000.0,$,2024,0 Km,La Matanza - Bs.As. G.B.A. Oeste
Peugeot 208,Peugeot 208 1.0 T200 Gt Cvt,35000000.0,$,2026,0 Km,Lomas De Zamora - Bs.As. G.B.A. Sur
Peugeot 208,Peugeot 208 1.6 Feline Tiptronic,16200.0,US$,2023,35.000 Km,Capital Federal - Capital Federal
Peugeot 208,Peugeot 208 1.6 Feline Tiptronic,21000.0,US$,2023,20.000 Km,Morón - Bs.As. G.B.A. Oeste
Peugeot 208,Peugeot 208 1.6 Feline Tiptronic,19500.0,US$,2023,19.900 Km,Avellaneda - Bs.As. G.B.A. Sur
Peugeot 208,Peugeot 208 1.6 Allure At,18500.0,US$,2025,16.000 Km,La Plata - Bs.As. G.B.A. Sur
Peugeot 208,Peugeot 208 1.6 Allure At,21000.0,US$,2025,500 Km,La Matanza - Bs.As. G.B.A. Oeste
Peugeot 208,Peugeot 208 1.6 Feline Pack Cuir,16300000.0,$,2016,130.000 Km,Almirante Brown - Bs.As. G.B.A. Sur
Peugeot 208,Peugeot 208 1.6 Urban Tech,16500000.0,$,2019,110.000 Km,Moreno - Bs.As. G.B.A. Oeste
Peugeot 208,Peugeot 208 1.6 Feline Tiptronic,27900000.0,$,2024,6.538 Km,Pilar - Bs.As. G.B.A. Norte
Peugeot 208,Peugeot 208 1.6 Feline Tiptronic,27900000.0,$,2024,6.537 Km,Pilar - Bs.As. G.B.A. Norte
Peugeot 208,Peugeot 208 1.6 Allure,22500000.0,$,2022,60.000 Km,San Miguel - Bs.As. G.B.A. Norte
Peugeot 208,Peugeot 208 1.6l Style,23990000.0,$,2023,27.590 Km,Capital Federal - Capital Federal
Peugeot 208,Peugeot 208 1.6 Feline,24500000.0,$,2021,40.000 Km,Quilmes - Bs.As. G.B.A. Sur
Peugeot 208,Peugeot 208 1.6 Allure,25707400.0,$,2026,0 Km,Capital Federal - Capital Federal
Peugeot 208,Peugeot 208 1.6 Feline,11900.0,US$,2016,78.800 Km,Morón - Bs.As. G.B.A. Oeste
Peugeot 208,Peugeot 208 1.6 Like Pack,20000000.0,$,2021,66.000 Km,Berazategui - Bs.As. G.B.A. Sur
Peugeot 208,Peugeot 208 1.6 Active Tiptronic,20900000.0,$,2020,9.999.999 Km,Capital Federal - Capital Federal
Peugeot 208,Peugeot 208 1.6 Allure Pack,19500.0,US$,2024,37.000 Km,Capital Federal - Capital Federal
Peugeot 208,Peugeot 208 1.6 Allure Pack,28000000.0,$,2024,8.000 Km,Ituzaingó - Bs.As. G.B.A. Oeste
Peugeot 208,Peugeot 208 1.0 T200 Allure Pack Cvt,29000000.0,$,2025,3.500 Km,Caseros - Bs.As. G.B.A. Oeste
Peugeot 208,Peugeot 208 L/20 1.6 Active,19900000.0,$,2021,50.879 Km,Vicente López - Bs.As. G.B.A. Norte
Peugeot 208,Peugeot 208 1.6 Active,22290000.0,$,2021,26.000 Km,San Fernando - Bs.As. G.B.A. Norte
Peugeot 208,Peugeot 208 1.6 Active,20000000.0,$,2021,66.000 Km,Capital Federal - Capital Federal
Peugeot 208,Peugeot 208 1.6 Active,22000000.0,$,2021,45.000 Km,Quilmes - Bs.As. G.B.A. Sur
Peugeot 208,Peugeot 208 1.0t Gt,36950000.0,$,2025,1.000 Km,Merlo - Bs.As. G.B.A. Oeste
Peugeot 208,Peugeot 208 1.0 T200 Gt Cvt,30320000.0,$,2026,0 Km,Beccar - Bs.As. G.B.A. Norte
Peugeot 208,Peugeot 208 1.6 Allure At,31600000.0,$,2026,0 Km,Vicente López - Bs.As. G.B.A. Norte
Peugeot 208,Peugeot 208 1.6 Allure,16800.0,US$,2023,23.000 Km,Capital Federal - Capital Federal
Peugeot 208,Peugeot 208 1.0 T200 Gt Cvt,37100130.0,$,2026,0 Km,Ezeiza - Bs.As. G.B.A. Sur
Peugeot 208,Peugeot 208 1.0 T200 Gt Cvt,35500000.0,$,2026,0 Km,San Isidro - Bs.As. G.B.A. Norte
Peugeot 208,Peugeot 208 1.0 T200 Gt Cvt,31000000.0,$,2026,0 Km,Ituzaingó - Bs.As. G.B.A. Oeste
Peugeot 208,Peugeot 208 1.6 Feline Tiptronic,21500000.0,$,2021,90.000 Km,Tigre - Bs.As. G.B.A. Norte
Peugeot 208,Peugeot 208 1.0 T200 Allure Pack Cvt,34300000.0,$,2026,0 Km,Vicente López - Bs.As. G.B.A. Norte
Peugeot 208,Peugeot 208 1.6 Active Pack,27000000.0,$,2024,46.000 Km,General Rodríguez - Buenos Aires Interior
Peugeot 208,Peugeot 208 1.6 Active Pack,18000.0,US$,2024,9.000 Km,Lanús - Bs.As. G.B.A. Sur
Peugeot 208,Peugeot 208 1.6 Active,13800.0,US$,2019,30.000 Km,Esteban Echeverría - Bs.As. G.B.A. Sur
Peugeot 208,Peugeot 208 1.6 Gt Thp,13000.0,US$,2018,87.000 Km,Capital Federal - Capital Federal
Peugeot 208,Peugeot 208 1.6 Xy,11000.0,US$,2014,132.000 Km,San Isidro - Bs.As. G.B.A. Norte
Peugeot 208,Peugeot 208 1.6l Allure Pack,24500000.0,$,2023,25.200 Km,General San Martín - Bs.As. G.B.A. Norte
Peugeot 208,Peugeot 208 1.6 Feline,17600000.0,$,2018,96.238 Km,Lomas De Zamora - Bs.As. G.B.A. Sur
Peugeot 208,Peugeot 208 1.6 Feline,22000000.0,$,2018,36.000 Km,Almirante Brown - Bs.As. G.B.A. Sur
Peugeot 208,Peugeot 208 1.6 Feline,12790.0,US$,2018,119.000 Km,Tigre - Bs.As. G.B.A. Norte
Peugeot 208,Peugeot 208 1.6 Feline,11500.0,US$,2018,150.000 Km,San Vicente - Buenos Aires Interior
Peugeot 208,Peugeot 208 1.6 Feline Pack Cuir,10900.0,US$,2014,104.500 Km,Capital Federal - Capital Federal
Peugeot 208,Peugeot 208 1.6 Feline,13000.0,US$,2018,42.000 Km,Capital Federal - Capital Federal
Peugeot 208,Peugeot 208 L/24 1.6 Allure,23900000.0,$,2024,58.958 Km,Vicente López - Bs.As. G.B.A. Norte
Peugeot 208,Peugeot 208 1.0t Gt,22500.0,US$,2024,11.000 Km,La Matanza - Bs.As. G.B.A. Oeste
Peugeot 208,Peugeot 208 1.6 Allure Pack,24300000.0,$,2023,21.200 Km,Capital Federal - Capital Federal
Peugeot 208,Peugeot 208 1.6 Allure,21300000.0,$,2022,85.000 Km,Ituzaingó - Bs.As. G.B.A. Oeste
Peugeot 208,Peugeot 208 1.6 Allure At,26700000.0,$,2026,0 Km,Morón - Bs.As. G.B.A. Oeste
Peugeot 208,Peugeot 208 1.6 Allure,9400.0,US$,2018,123.000 Km,Vicente López - Bs.As. G.B.A. Norte
Peugeot 208,Peugeot 208 1.6 Allure Tiptronic,15500.0,US$,2021,55.000 Km,La Matanza - Bs.As. G.B.A. Oeste
Peugeot 208,Peugeot 208 1.6 Active,22000000.0,$,2021,58.000 Km,Caseros - Bs.As. G.B.A. Oeste
Peugeot 208,Peugeot 208 1.0 T200 Gt Cvt,34000000.0,$,2026,0 Km,La Matanza - Bs.As. G.B.A. Oeste
Peugeot 208,Peugeot 208 1.6 Allure Nav Tiptronic,17590000.0,$,2019,52.033 Km,Capital Federal - Capital Federal
Peugeot 208,Peugeot 208 1.6 Allure At,31300100.0,$,2026,0 Km,Capital Federal - Capital Federal
Peugeot 208,Peugeot 208 1.6 Allure Tiptronic,18900.0,US$,2022,20.000 Km,Capital Federal - Capital Federal
Peugeot 208,Peugeot 208 1.0 T200 Allure Pack Cvt,32000000.0,$,2026,5.000 Km,Lomas De Zamora - Bs.As. G.B.A. Sur
Peugeot 208,Peugeot 208 1.6 Feline Tiptronic,22000000.0,$,2021,69.000 Km,Berisso - Buenos Aires Interior
Peugeot 208,Peugeot 208 1.5 Allure Touchscreen,14800000.0,$,2016,118.000 Km,La Plata - Bs.As. G.B.A. Sur
Peugeot 208,Peugeot 208 1.6 Active,13250.0,US$,2021,92.000 Km,San Isidro - Bs.As. G.B.A. Norte
Peugeot 208,Peugeot 208 1.6 Feline,9000.0,US$,2013,188.000 Km,La Matanza - Bs.As. G.B.A. Oeste
Peugeot 208,Peugeot 208 1.0 T200 Gt Cvt,35000000.0,$,2026,0 Km,Capital Federal - Capital Federal
Peugeot 208,Peugeot 208 1.6 Allure Tiptronic,34000000.0,$,2025,0 Km,Quilmes - Bs.As. G.B.A. Sur
Peugeot 208,Peugeot 208 1.6 Feline Tiptronic,19000.0,US$,2022,17.800 Km,General San Martín - Bs.As. G.B.A. Norte
Peugeot 208,Peugeot 208 1.6 Gt Thp,14500.0,US$,2018,79.000 Km,La Matanza - Bs.As. G.B.A. Oeste
Peugeot 208,Peugeot 208 1.0t Gt,36390000.0,$,2025,0 Km,Brandsen - Buenos Aires Interior
Peugeot 208,Peugeot 208 1.5 Active,8900.0,US$,2017,110.000 Km,Capital Federal - Capital Federal
Peugeot 208,Peugeot 208 1.6l Active Pack Tiptronic,24620000.0,$,2023,9.500 Km,Capital Federal - Capital Federal
Peugeot 208,Peugeot 208 1.6 Active Tiptronic,16900.0,US$,2023,32.500 Km,General San Martín - Bs.As. G.B.A. Norte
Peugeot 208,Peugeot 208 1.6 Feline,13500.0,US$,2018,66.489 Km,General San Martín - Bs.As. G.B.A. Norte
Peugeot 208,Peugeot 208 1.6 Feline,12300.0,US$,2018,93.000 Km,Tigre - Bs.As. G.B.A. Norte
Peugeot 208,Peugeot 208 1.6 Feline,14500.0,US$,2019,59.345 Km,Capital Federal - Capital Federal
Peugeot 208,Peugeot 208 Gt T200 Am25,38000000.0,$,2025,2.000 Km,La Plata - Bs.As. G.B.A. Sur
Peugeot 208,Peugeot 208 1.0 T200 Gt Cvt,32000000.0,$,2025,15.000 Km,Capital Federal - Capital Federal
Peugeot 208,Peugeot 208 1.6 Feline Tiptronic,20000.0,US$,2022,24.800 Km,Ituzaingó - Bs.As. G.B.A. Oeste
Peugeot 208,Peugeot 208 1.5 Allure,13000000.0,$,2014,115.000 Km,San Isidro - Bs.As. G.B.A. Norte
Peugeot 208,Peugeot 208 1.6 Gt Thp,14000.0,US$,2017,84.000 Km,Lomas De Zamora - Bs.As. G.B.A. Sur
Peugeot 208,Peugeot 208 1.6 Gt Thp,22000000.0,$,2020,55.000 Km,Mercedes - Buenos Aires Interior
Peugeot 208,Peugeot 208 1.6 Allure,21900000.0,$,2020,24.600 Km,Capital Federal - Capital Federal
Peugeot 208,Peugeot 208 1.6 Allure,22000000.0,$,2020,44.000 Km,Capital Federal - Capital Federal
Peugeot 208,Peugeot 208 1.6 Allure,15400.0,US$,2020,44.000 Km,Vicente López - Bs.As. G.B.A. Norte
Peugeot 208,Peugeot 208 1.5 Active,15000000.0,$,2017,94.000 Km,Capital Federal - Capital Federal
Peugeot 208,Peugeot 208 1.5 Active,15500000.0,$,2017,72.000 Km,Tres De Febrero - Bs.As. G.B.A. Oeste
Peugeot 208,Peugeot 208 1.6l Active Pack Tiptronic,21000000.0,$,2023,41.100 Km,Lobos - Buenos Aires Interior
Peugeot 208,Peugeot 208 1.6 Allure Pack,24500000.0,$,2023,29.000 Km,Capital Federal - Capital Federal
Peugeot 208,Peugeot 208 1.6 Feline,12900000.0,$,2013,199.000 Km,Capital Federal - Capital Federal
Peugeot 208,Peugeot 208 1.6 Feline,10500.0,US$,2013,97.000 Km,Quilmes - Bs.As. G.B.A. Sur
Peugeot 208,Peugeot 208 1.0t Gt,33140000.0,$,2025,0 Km,Ezeiza - Bs.As. G.B.A. Sur
Peugeot 208,Peugeot 208 1.6 Allure Pack,23500000.0,$,2023,52.900 Km,Morón - Bs.As. G.B.A. Oeste
Peugeot 208,Peugeot 208 1.0 T200 Gt Cvt,35000000.0,$,2026,0 Km,La Matanza - Bs.As. G.B.A. Oeste
Peugeot 208,Peugeot 208 1.0 T200 Gt Cvt,34500000.0,$,2026,0 Km,San Isidro - Bs.As. G.B.A. Norte
Peugeot 208,Peugeot 208 1.0 T200 Gt Cvt,34500000.0,$,2026,0 Km,Vicente López - Bs.As. G.B.A. Norte
Peugeot 208,Peugeot 208 1.0 T200 Gt Cvt,38100000.0,$,2026,0 Km,General Rodríguez - Bs.As. G.B.A. Oeste
Peugeot 208,Peugeot 208 1.0 T200 Gt Cvt,38000000.0,$,2026,0 Km,Lomas De Zamora - Bs.As. G.B.A. Sur
Peugeot 208,Peugeot 208 1.0 T200 Gt Cvt,37900000.0,$,2026,0 Km,Ituzaingó - Bs.As. G.B.A. Oeste
Peugeot 208,Peugeot 208 1.0 T200 Gt Cvt,34900000.0,$,2026,0 Km,Vicente López - Bs.As. G.B.A. Norte
Peugeot 208,Peugeot 208 1.0 T200 Gt Cvt,39397300.0,$,2026,0 Km,Caseros - Bs.As. G.B.A. Oeste
Peugeot 208,Peugeot 208 1.0 T200 Gt Cvt,37000000.0,$,2026,0 Km,Capital Federal - Capital Federal
Peugeot 208,Peugeot 208 1.0 T200 Gt Cvt,35000000.0,$,2026,0 Km,Capital Federal - Capital Federal
Peugeot 208,Peugeot 208 1.0 T200 Gt Cvt,35000000.0,$,2026,0 Km,Lomas De Zamora - Bs.As. G.B.A. Sur
Peugeot 208,Peugeot 208 1.0 T200 Gt Cvt,45000000.0,$,2026,0 Km,Lomas De Zamora - Bs.As. G.B.A. Sur
Peugeot 208,Peugeot 208 1.0 T200 Gt Cvt,35500000.0,$,2026,0 Km,Lomas De Zamora - Bs.As. G.B.A. Sur
Peugeot 208,Peugeot 208 1.0 T200 Gt Cvt,35000000.0,$,2026,0 Km,Lomas De Zamora - Bs.As. G.B.A. Sur
Peugeot 208,Peugeot 208 1.0 T200 Gt Cvt,35000000.0,$,2026,0 Km,Lomas De Zamora - Bs.As. G.B.A. Sur
Peugeot 208,Peugeot 208 1.0t Gt,36481999.0,$,2026,0 Km,La Matanza - Bs.As. G.B.A. Oeste
Peugeot 208,Peugeot 208 1.0 T200 Gt Cvt,36300000.0,$,2026,0 Km,Capital Federal - Capital Federal
Peugeot 208,Peugeot 208 1.0 T200 Gt Cvt,38150000.0,$,2026,0 Km,Capital Federal - Capital Federal
Peugeot 208,Peugeot 208 1.0 T200 Gt Cvt,38150000.0,$,2026,0 Km,Capital Federal - Capital Federal
Peugeot 208,Peugeot 208 1.0 T200 Gt Cvt,37600000.0,$,2026,0 Km,Hurlingham - Bs.As. G.B.A. Oeste
Peugeot 208,Peugeot 208 1.0 T200 Gt Cvt,33990000.0,$,2026,0 Km,Avellaneda - Bs.As. G.B.A. Sur
Peugeot 208,Peugeot 208 1.0 T200 Gt Cvt,33890000.0,$,2026,0 Km,San Isidro - Bs.As. G.B.A. Norte
Peugeot 208,Peugeot 208 1.0t Gt,35501000.0,$,2026,0 Km,Capital Federal - Capital Federal
Peugeot 208,Peugeot 208 1.0 T200 Gt Cvt,34990000.0,$,2026,0 Km,San Isidro - Bs.As. G.B.A. Norte
Peugeot 208,Peugeot 208 1.0t Gt,36300600.0,$,2026,0 Km,Capital Federal - Capital Federal
Peugeot 208,Peugeot 208 1.0t Gt,36300500.0,$,2026,0 Km,Capital Federal - Capital Federal
Peugeot 208,Peugeot 208 1.0t Gt,36300400.0,$,2026,0 Km,Capital Federal - Capital Federal
Peugeot 208,Peugeot 208 1.0t Gt,35502000.0,$,2026,0 Km,Capital Federal - Capital Federal
Peugeot 208,Peugeot 208 1.0t Gt,36300900.0,$,2026,0 Km,Capital Federal - Capital Federal
Peugeot 208,Peugeot 208 1.0 T200 Gt Cvt,35000000.0,$,2026,0 Km,Lomas De Zamora - Bs.As. G.B.A. Sur
Peugeot 208,Peugeot 208 1.0t Gt,35500000.0,$,2026,0 Km,Capital Federal - Capital Federal
Peugeot 208,Peugeot 208 1.0t Gt,36300100.0,$,2026,0 Km,Capital Federal - Capital Federal
Peugeot 208,Peugeot 208 1.0 T200 Gt Cvt,36400000.0,$,2026,0 Km,San Isidro - Bs.As. G.B.A. Norte
Peugeot 208,Peugeot 208 1.0 T200 Gt Cvt,37500000.0,$,2026,0 Km,San Fernando - Bs.As. G.B.A. Norte
Peugeot 208,Peugeot 208 1.0t Gt,36300400.0,$,2026,0 Km,Capital Federal - Capital Federal
Peugeot 208,Peugeot 208 1.0 T200 Gt Cvt,36000000.0,$,2026,0 Km,Capital Federal - Capital Federal
Peugeot 208,Peugeot 208 1.0 T200 Gt Cvt,35500000.0,$,2026,0 Km,Capital Federal - Capital Federal
Peugeot 208,Peugeot 208 1.0 T200 Gt Cvt,36900000.0,$,2026,0 Km,Capital Federal - Capital Federal
Peugeot 208,Peugeot 208 1.0 T200 Gt Cvt,37000000.0,$,2026,0 Km,Moreno - Bs.As. G.B.A. Oeste
Peugeot 208,Peugeot 208 1.0 T200 Gt Cvt,35990000.0,$,2026,0 Km,Capital Federal - Capital Federal
Peugeot 208,Peugeot 208 1.0 T200 Gt Cvt,36000000.0,$,2026,0 Km,Vicente López - Bs.As. G.B.A. Norte
